cid,label,ipfs_feralfile_com_ok
bafybeieevi7otn2qlkiojtbx2hdpeeaqv24n4nmoi7hispvvspbb2ppyfy,bitmark-era-series: Scrampled,fail: HTTP 404 1.0s
bafybeieri6cmzieyadfmuc7a6rf5fqe6skn6dwa2khro4euucj7ikk3r7u,bitmark-era-series: Kubo Final,fail: HTTP 404 0.4s
bafybeiduauytlixl3xerjqnbaq73d2npiim2bkeflpavrnmdx66guov5ua,bitmark-era-series: 36 Points #18,fail: HTTP 404 0.6s
bafybeigm72alzwctmru2xzbuv4is2wgpvsxmqjrhcrenlug3j6ggnmyr5i,bitmark-era-series: Strange Fruit,fail: HTTP 404 0.5s
bafybeibzbskdaqkph42dwcc4nxj65yoxqw2s66kvptmjq6thvto7tndsiu,bitmark-era-series: Entity,fail: HTTP 404 0.4s
bafybeifxsa334seer4g6tjrdi5nrasbxpvaf4liamhf257v5jlrpvp6lci,bitmark-era-series: Free Fall Study III,fail: HTTP 404 0.4s
bafybeicdzq262k5kbjp4nta2de6ranlt44hv2glv5ldfphykqqg2bb67yy,bitmark-era-series: dada data,fail: HTTP 404 0.4s
bafybeidgyes76zhactav3bkm6epsorq3gq6ccjwrki2rktrgowpicdf22u,bitmark-era-series: One Million Manga Pages,fail: HTTP 404 0.4s
bafybeibm3vo3hq5h35hpuga2zrbfi7ety4hmz5w6zo7qfhxaixwma55hgi,bitmark-era-series: The Interfered Microscopy Plot,fail: HTTP 404 0.5s
bafybeidyzd54zbfcgzjolduf23yo5mjg353e744bd3nc3a7piy3ifrlbde,bitmark-era-series: 36 Points #17,fail: HTTP 404 0.4s
bafybeiawofx6hkobzdefwrabj7ymgzuchxkmxnzvifsoc65yo55kr36gca,bitmark-era-series: 36 Points #19,fail: HTTP 404 0.4s
bafybeifh2fltt4ll5fqdnzbwiy5dnvtfvdpilha2e5mly33wjmqfsgylba,bitmark-era-series: Infinite Entropy 10,fail: HTTP 404 0.4s
bafybeihsjavr4ytw5cjffjvazvj5ntqfsxkvwnszw4ieu3fl2fdnlttaii,bitmark-era-series: Steering Pixels,fail: HTTP 404 0.4s
bafybeihdckfhdu46ssu4mkfk4f26vdobpsojynf6qwyaytj3iquc6rrj5y,bitmark-era-series: Infinite Entropy 25,fail: HTTP 404 0.4s
bafybeih56gd4zfi3geayd76x6bpkn7fjxjauh7ss2gd3teyhmlzdxa2aci,bitmark-era-series: POST 2,fail: HTTP 404 0.4s
bafybeihsiccbnoudddflvqbp2vqxpzd6liq45c4mwwupavengta4hvoynm,bitmark-era-series: 36 Points #16,fail: HTTP 404 0.4s
bafybeie4tpjzlddwq4pdyjvdxuh2nqttozvp2gpo64qyaqzyk3z23jn4xu,bitmark-era-series: sextape,fail: HTTP 404 0.4s
bafybeifw37f4euezltudfp3ln6smn6wnhehzjq7hj2u77kiac55scykkve,bitmark-era-series: F(l)ight,fail: HTTP 404 0.4s
bafybeictb2bj26igmdxjfuvdrpwqwvkm6febsquz3kmxbknjxl5rsoshzq,bitmark-era-series: COUNT ZERO FOUR,fail: HTTP 404 0.4s
bafybeic6zoze4c5wowu2q5xexfsl6bfqmsoig6f4263awx3ej336sv2orq,bitmark-era-series: Infinite Entropy 8,fail: HTTP 404 0.4s
bafybeigtrqy3sz2h7wthyghuwgey5s5zk366jlehrpoce4zvu3e5xfqwfq,bitmark-era-series: Time To Grow,fail: HTTP 404 0.4s
bafybeiaowfr53qzugzulh2wcjzlma6v3zobllas3pd22kcbofbaj4o76ua,bitmark-era-series: 1DE94,fail: HTTP 404 0.4s
bafybeig2bjwgn2a6ghnhvu7qf5cbmpm4ktzcucuxogokkd4vkbzlktehyi,bitmark-era-series: Infinite Entropy 14,fail: HTTP 404 0.4s
bafybeict42lavd3zaox4nb6bk7nvsgo3un3kqmwcl4rbsqtw5nmtw7rgg4,bitmark-era-series: Simultan Dub,fail: HTTP 404 0.4s
bafybeiggeumyvwigcon7o72hhyad6h64gmi55a3hjqpfy2eclb75jlie2y,"bitmark-era-series: E-dream: We’ll stay, forever, in this way (2020 selected)",fail: HTTP 404 0.4s
bafybeigunmeztdzqmsgnvdsilv3vydx4us22pujmz2ytfd7jfyzke5mfey,bitmark-era-series: Infinite Entropy 4,fail: HTTP 404 0.4s
bafybeiawv4yxg5yc6hr7yywqf2n2w5qiowyidfrfurosrr7ymztgajpc6u,bitmark-era-series: Abstract Oracle Miner 0009328437,fail: HTTP 404 0.4s
bafybeibnx6bcloccezfiemyqdkkhrn6d3mqqa24t4of5w27ihb5t2qyj5y,bitmark-era-series: Seizures Palace,fail: HTTP 404 0.4s
bafybeibkn5bxuicnhuoe3cagzck2sd67uhbp7caai7duhv5ymkfvu7ar6e,bitmark-era-series: Smart Cut,fail: HTTP 404 0.4s
bafybeify2zeabtidvqlg4msnjjm2yndnga6vmh54zmpho4irz442fh5ll4,bitmark-era-series: k.f0,fail: HTTP 404 0.5s
bafybeiacgr4nlmieo6smcapcguxzjy3bjbtkjfu3ozsiwiqwymvmwvgovm,bitmark-era-series: Shimmer,fail: HTTP 404 0.4s
bafybeicobys42tsdhkig5qbdrc27ehrqko7vy6ejnssor72ngapxpaviei,bitmark-era-series: Butterfly Cosplayer,fail: HTTP 404 0.4s
bafybeiewbci54mcuxaf3tkeqv6rj7valvj4sw5pinavamvunaxixbophme,bitmark-era-series: Unsupervised — Machine Hallucinations — MoMA,fail: HTTP 404 0.4s
bafybeieqpbnvqdkcxivywoum6dsxtb5ciehowhhpwotmydm6j3m2rwmjb4,bitmark-era-series: Unsupervised — Machine Hallucinations — MoMA Dreams — I,fail: HTTP 404 0.4s
bafybeia6roqxnxhix3243fgcokjpotiwr6vdqwpowdultwvg7rwgcbfklq,bitmark-era-series: The Mystery [v5-dv1] ,fail: HTTP 404 0.4s
bafybeicsco5e2lkbyvgaqmymxyc5xguseo5trcedb4skcrwihg3bx6rrw4,bitmark-era-series: Transparent Grit,fail: HTTP 404 0.4s
bafybeiciq4woo2bmlcrdg4h2frlv4izmpvuwfnq5koqdj2hbrt36m7z32i,"bitmark-era-series: In endless flow of absolute truth, there are innumerable relative conjecture.",fail: HTTP 404 0.4s
bafybeigplv3szo3unblyj2gpcohxc743fbod2jhlppvinsxn6dyi7z35uq,bitmark-era-series: 36 Points #10,fail: HTTP 404 0.4s
bafybeidhblkpai7wkafvxc7ekr7eltya5w7jvj7m42vqpeurjpnk6mfvbi,bitmark-era-series: 36 Points #08,fail: HTTP 404 0.4s
bafybeigdm767ngpdhm3oz4tlizqyvnyrhrqwjxd6lrdgduprz3syq5hzqi,bitmark-era-series: Infinite Entropy 13,fail: HTTP 404 0.4s
bafybeibhvwrgqdd3agtmi5alejzklrdwewf4v6ag325gxaixvla7vjp5k4,bitmark-era-series: MAJLIS AL-JINN: Huma + The Archive,fail: HTTP 404 0.4s
bafybeignug5bwyrd6gjat3qvny37v4c4padxupmzbya4ardqv6mwq24pja,bitmark-era-series: Umwelt,fail: HTTP 404 0.5s
bafybeigzh5ry3tosiqsmhqmfs4jmhlq4l6aoxy2kjtlqk5tihg45elbmsq,bitmark-era-series: Infinite Entropy 20,fail: HTTP 404 0.4s
bafybeiax7cme5qagnacgabj5le3frhg4goplxzgyoncmxx2iin7lysa2a4,bitmark-era-series: Slinky Dog,fail: HTTP 404 0.4s
bafybeib5mbnyh3s3pbpoophkn5if3nfcaljhxgomtizzij6e4i6skywuve,bitmark-era-series: Ganxillo,fail: HTTP 404 0.5s
bafybeigg55usboqwovt2hdtg3dhjcjsxj2ty2fka7ogde474qmarynpmqi,bitmark-era-series: Unsupervised — Machine Hallucinations — MoMA Dreams — G,fail: HTTP 404 0.4s
bafybeidh5i7bp3xoqyldjjbob5mc4jyxxcupoaacirdbceh3sepxepkbiq,bitmark-era-series: smoking-vase-1,fail: HTTP 404 0.5s
bafybeicllvhrbufjx3mmckamacmbmj5zulwc7pikyoizc7z5v65orexdga,bitmark-era-series: CUSP - Marsh Birds,fail: HTTP 404 0.4s
bafybeicyr67aors2ppetayopqpcn42em5v4dpeo56ki65fsnjaej7c3tpm,bitmark-era-series: Lamia,fail: HTTP 404 0.5s
bafybeiamizldgiapenyoyulhpvxcx6hhgprpx7nj3wshp4xynxxqbtb3f4,bitmark-era-series: Infinite Entropy 23,fail: HTTP 404 0.4s
bafybeiaj7oththdzkzs6zjwseh4a625f2rzmqg3tts36ugjad6h56pl6eq,bitmark-era-series: 36 Points #34,fail: HTTP 404 0.4s
bafybeieqvvxxamxzzf7jkg3s2q75ywqwaciv66s24iiychxys63mnfld4y,bitmark-era-series: 36 Points #23,fail: HTTP 404 0.4s
bafybeigtcztnz3tv3v4jnavliz4prfkzseyuokf2vglbkulctgqp3jumti,bitmark-era-series: k.a9,fail: HTTP 404 0.4s
bafybeicbg4xiensgxclzhzmejtahye6broyfb5ru7gact7h6hajrqljd4y,bitmark-era-series: Infinite Entropy 19,fail: HTTP 404 0.4s
bafybeihhbbixxlc3phvir4as6y54t5d777lo6fr3272q5bcuaj4ilj2mpa,bitmark-era-series: Vectoria,fail: HTTP 404 0.4s
bafybeif4jcuviufllzgduwbmmx7w7vilccczzqu7rrqtoxyd5p7w2jfeya,bitmark-era-series: People Pleaser,fail: HTTP 404 0.4s
bafybeierrxf7ih34ahwnrvjay46fv76iw5lmqdu3f3pq6mozuzfzcityo4,"bitmark-era-series: Spectrality (from The Divers, IX)",fail: HTTP 404 0.4s
bafybeic257wji377535f6wj5ain2fuwhw3wsf37phn65rsbuxrqw3ppnma,bitmark-era-series: Infinite Entropy 11,fail: HTTP 404 0.4s
bafybeiagd2jnhomuidaeksivexvbmmpqvaxemdmhz2xgpkhu7cjfmkesxm,bitmark-era-series: Acrylic Interval,fail: HTTP 404 0.4s
bafybeieankt47rfuamjp6b6kajriqea72tbirvyihqp4ptwccbuxanxucq,bitmark-era-series: Hypothetically Micro,fail: HTTP 404 0.4s
bafybeidicl46ejxjpe2w6j2bgr55qkfcqerbymz7zutmkfdt7cbvqrs2am,bitmark-era-series: Contested Zone,fail: HTTP 404 0.4s
bafybeidjwmuz3a7kkv72i67n75bjgo2rx7ejmg22hm4e6275trzso2643y,bitmark-era-series: Arrels,fail: HTTP 404 0.4s
bafybeigi4wxi2uisvz4x6kr6c3cvtis7ecun4da3yxe6n7at6wcj26ebfi,bitmark-era-series: Infinite Entropy 5,fail: HTTP 404 0.4s
bafybeie53f3d2zzcqawwb6vkrxjrp2aqbziym5qryzlvnw7wlkmioaqyje,bitmark-era-series: Infinite Entropy 15,fail: HTTP 404 0.4s
bafybeia5dvt44c2qd6clgvq6jpn5bkyaqbf7gh7pmtopk3vr2gmjawe7xq,bitmark-era-series: Predictive Art Bot,fail: HTTP 404 0.4s
bafybeidwj7djbflrcmmlj27mwmyjbt745jeumo64vzq42ggjwirzzacxoi,bitmark-era-series: Forest Transmission,fail: HTTP 404 0.4s
bafybeiahr2sgd3vakxbgdfhudgd7o3zeyyeiqekhp37lixag6rc36stbv4,bitmark-era-series: Signal of the World,fail: HTTP 404 0.4s
bafybeiboe6htxcqfhkbczn4cm3pbcxnc3qlacrtfj6vkre7r65pwx3acre,bitmark-era-series: Venuses (quantum bodies watched by Open Pose algorithm),fail: HTTP 404 0.4s
bafybeih23umej2xwtoshb43c5awowlw2s7xgp2kkibq3mqd3gx2guycote,bitmark-era-series: Infinite Entropy 7,fail: HTTP 404 0.4s
bafybeie6vlj7z2j67ztz7fy7pxwqlktvm2dujyh5f52cxfbrvwlf4ev26u,bitmark-era-series: Are Smart Machines Alive?,fail: HTTP 404 0.4s
bafybeihqrazspyqdoxrpngewiua6miqtg6txuonfnxvhfccsdp3afr6xji,bitmark-era-series: Hatless,fail: HTTP 404 0.4s
bafybeiddzotkgk5zgq2i77rhqs5l3io4gyzi3hl3doy4pbven7pxrqzbii,bitmark-era-series: Infinite Entropy 2,fail: HTTP 404 0.4s
bafybeibidw7ai6o26o36myvbykjoespazfogie54o3e427sdbjmn6crtfm,bitmark-era-series: 36 Points #27,fail: HTTP 404 0.5s
bafybeidmh6ydom3pxsuvgzyjatqyluwvos46gpm3aimw5vjrlhswmagyhy,bitmark-era-series: Caylx,fail: HTTP 404 0.4s
bafybeihoraaza7slxryygiusthopg2q5xe2vn4b3pxqp7oadgc6hokde54,bitmark-era-series: Ultimate Solvers,fail: HTTP 404 0.4s
bafybeicvqfwxrp2pscpwpohccunn2f4q7pndz74pdrzwp2llcqhxrr46c4,bitmark-era-series: Estroworld Now: The Quarantine Edition,fail: HTTP 404 0.4s
bafybeiakdubxwnck4evy5owr2rdys4doxfsraswug2rwricbysaep7w574,bitmark-era-series: The Interfered Microscopy Plot,fail: HTTP 404 0.4s
bafybeigytoeg4kw6argrw6vhy4erqk2r4ontw56lnkkno2nutkff2jasku,bitmark-era-series: Satellite,fail: HTTP 404 0.4s
bafybeigs4ctgxsqylxoxs5hexdgjmb6vzknsclyfrbczpmheqelxexpft4,bitmark-era-series: enchanting luxuriance,fail: HTTP 404 0.4s
bafybeig5r7sq6z2e4z64ud46ozybluc2dzn3jstmz6s4rdgh56n2oym6iq,bitmark-era-series: POST 1,fail: HTTP 404 0.4s
bafybeift6sgbkz2ce4bxi5srx5cj5oef3fn7deu5m7xhdzxmrpcbikcmqq,bitmark-era-series: Endless Monologue,fail: HTTP 404 0.4s
bafybeibkzjpgmlst3encr3nnekhydaxvrce7gnbbn2fqefx7x2ncqkjbya,bitmark-era-series: Lately When I Fly,fail: HTTP 404 0.5s
bafybeidi4zayanprs73wm6ctjm42766psmqeuknoncdxdaey5xbvaobwa4,bitmark-era-series: The Shredded Hologram Rose,fail: HTTP 404 0.4s
bafybeih2b3zz3wk7sg6frg77gxy5x65eczgpwrom72acggv3ntd5xfqqnm,bitmark-era-series: Unsupervised — Machine Hallucinations — MoMA Dreams — D,fail: HTTP 404 0.4s
bafybeiekubxeejk4isqqdk3mvzispt3p5lzqwfyjdklklihteouwawuiam,bitmark-era-series: 36 Points #21,fail: HTTP 404 0.4s
bafybeidavyoar65ugcipgv62k4efnm4ak3wq7dpzpluxlofkzzuntn45jq,bitmark-era-series: 36 Points #36,fail: HTTP 404 0.4s
bafybeifybay75hl3s4jftjcgt4ejeirtqpf4tr6gfsvozdiduszxctqywq,bitmark-era-series: Plants are everywhere you can’t see them,fail: HTTP 404 0.4s
bafybeib22w2uqcuz4by4pbks424nxle5d2v7p57baoanxk2mrghgohwdqe,bitmark-era-series: 4 ORBS,fail: HTTP 404 0.5s
bafybeiekydzjieevnvejyzeylcb537lomykxqirxdzzixsjptnld5teiui,bitmark-era-series: can I go where you go?,fail: HTTP 404 0.4s
bafybeici5d46oflrjrwxkmgyztlardxekpr5pticvcyagqcs22vlkuknqm,bitmark-era-series: Unsupervised — Machine Hallucinations — MoMA Dreams — H,fail: HTTP 404 0.4s
bafybeicyjrxmqinalnopezucwd2f7qt6hvsz7sgik3mthfr3xk3wnzamom,bitmark-era-series: Each and Every Command,fail: HTTP 404 0.4s
bafybeibwtanhwslfpsrie457udacbbkvqiobli4cfilov6kbtna5ybyxde,bitmark-era-series: peep-o-rama,fail: HTTP 404 0.4s
bafybeieimhp3lpb54zr27dnjntozwsxvqvoitammkv5qkfjqs6pne4pvsu,bitmark-era-series: Contemplating Motion,fail: HTTP 404 0.4s
bafybeieulfkcysuqtgpg3bpz3ttzdsf4hdop4wbym3yf2netidmnvww2aa,bitmark-era-series: Housewives Making Drugs,fail: HTTP 404 0.4s
bafybeidmclahatecjksuzij3udypgxbhhcvshitgamvwbxhukg3jpyfora,bitmark-era-series: Infinite Entropy 21,fail: HTTP 404 0.4s
bafybeia56zidt3lqekzcmbwcdbychrnaua7ovo7ajxwdgk27rqemxy5n7i,bitmark-era-series: Minos,fail: HTTP 404 0.4s
bafybeiaovhpygo6at2svrxbmlsfwyvzuwhcxxoarfpbpyyacx6infa4j2i,bitmark-era-series: 36 Points #03,fail: HTTP 404 0.4s
bafybeidx55bbgrs4btysw5qqb7ber7lew6rj4pacclg3h3cp5icuppjqcy,bitmark-era-series: What’s Inside Your Heart?,fail: HTTP 404 0.4s
bafybeig3rxzsua6lhk2ec4rrludgrehph3au3qrbqln2sqsizs7u4rdxjq,bitmark-era-series: Sketches in Iron,fail: HTTP 404 0.4s
bafybeiewdtlsn2u6z6rzgy5hsvktlr7ji4gshnlpiehnzs7cnivc6demmi,bitmark-era-series: There once was a jellyfish ...,fail: HTTP 404 0.4s
bafybeif7kl7iehevionejdw67kce3hrw3i32vbjy35n3u7gndl2nl2fnz4,bitmark-era-series: Sigils,fail: HTTP 404 0.4s
bafybeiflzhzqrxhibhs3v6krmnxkqf2i5zizpy4ew7daoddzldji34uevm,bitmark-era-series: Earmark,fail: HTTP 404 0.5s
bafybeih4sxrbaatq5c5dk5byitrjssd2jlch4revihkyyzihdfjgizjhr4,bitmark-era-series: The One Who Lived Yesterday,fail: HTTP 404 0.4s
bafybeih3ietvcvra4eroraxgjbl3zoommzfe3bwzneobr574d4lqjum22u,bitmark-era-series: 36 Points #35,fail: HTTP 404 0.4s
bafybeic2gf5uhyqtke3g3kxd2ydnmintpnamjmkztos5aiumzy5uwgsyqy,bitmark-era-series: ᖴᗩᑕIᗩᒪᔕ I,fail: HTTP 404 0.4s
bafybeiaozarvquwdhcparzyqrcaekuam3umuilhlxf42vugi62y27hvxnq,bitmark-era-series: 36 Points #15,fail: HTTP 404 0.5s
bafybeigy6l47vgui4z5f5cot2rpycspngari34ldf2ynecfwkeve3tmk74,bitmark-era-series: Rewilded Topography #1 ,fail: HTTP 404 0.4s
bafybeicjxkhpyk5ojyw6zit6d4c4a6dwtybzkzrqp7hjb2ehwe36ei7oce,bitmark-era-series: Embryogenesis,fail: HTTP 404 0.4s
bafybeicwhw2pl4zgedl3j7womi2muwsmsmveg4qi7i2k5jmlqpgpq7ea7u,bitmark-era-series: 36 Points #22,fail: HTTP 404 0.4s
bafybeibe5hzxrgni2v6wbx6wybkirfs23wti77cy5pk3vdz4mzw3hsn3bi,bitmark-era-series: 36 Points #25,fail: HTTP 404 0.5s
bafybeieeesftnsithyhto44i2vme2rfqls2auub4oa2r42kknqfa5a7vpi,bitmark-era-series: 36 Points #11,fail: HTTP 404 0.4s
bafybeiglbibh37slgehm44l4l7j6fdbuu5xw2bmc6l3jxwf4h4yn63iu6u,bitmark-era-series: Unsupervised — Machine Hallucinations — MoMA Dreams — B,fail: HTTP 404 0.4s
bafybeigzivh4xfvykmngitsonfrzla33wg5gyj4k6pseshjbgatebz6xmu,bitmark-era-series: Fragments of Self,fail: HTTP 404 0.4s
bafybeifdrgmic7h3oco5cri7j2dm2xq3dkw7zkgwzlcliukxu3d3fxvf7u,bitmark-era-series: Daemon (chaos),fail: HTTP 404 0.4s
bafybeigpqo26mvaxijlitvyifi5r2fzqwrpuafhuhwedhjcjqdutkkht3a,bitmark-era-series: Pixie,fail: HTTP 404 0.4s
bafybeieibnz2w3g2lmrkerkw5s2fopsodkr7kuzwerxoowgxsq3zq2uhbu,bitmark-era-series: Infinite Entropy 1,fail: HTTP 404 0.4s
bafybeiaf2flxg3beijmsvlvrgqvjvhccmu6htjri7iuntoa7ohmwhbijoq,bitmark-era-series: Mutant Bagua,fail: HTTP 404 0.4s
bafybeicgodciymtufs265gzsoxcvfmct6yrlvlzywjtdqbb27t5fchr5ea,bitmark-era-series: hedgerow still life,fail: HTTP 404 0.4s
bafybeiakqt6qkyt5zleohpnzfbgbjestpucdhgecl7t24x5vf6n4psa2li,bitmark-era-series: Infinite Entropy 12,fail: HTTP 404 0.4s
bafybeiej5izkmfqfpurwz3yztupggjd5rgcp2jyp43kbqmsqsq4erghlwe,bitmark-era-series: Movie on 06-03-22 at 1.00 PM,fail: HTTP 404 0.4s
bafybeielda3tqfkjdpjwqkbvmc476emexjp32nyjijex7vekdr3mrry2gm,bitmark-era-series: Just in case,fail: HTTP 404 0.5s
bafybeieggigrkkj6ta5hhvpuppsnp63hepaaprbrfnyxettiwlu2zipzoe,"bitmark-era-series: Leaves of Manifold, of Red and Gold",fail: HTTP 404 0.4s
bafybeieu2pn2d5jj2vdj5walkwxgraxf6fuwkxzqrlqfouwzgpfhldm6a4,bitmark-era-series: Contrafictionary,fail: HTTP 404 0.4s
bafybeica5xymlytcddeqadjdcrtbfocjjefbs5n6xiq6hxoayugiagb67m,bitmark-era-series: 36 Points #12,fail: HTTP 404 0.4s
bafybeicyfrsbg6t3xvcq7ybr5vjwkjpxtblhumvrqfl5uqssuwh46pyvla,bitmark-era-series: Unsupervised — Machine Hallucinations — MoMA Generative Study 1,fail: HTTP 404 0.4s
bafybeidtiywaimofnd5hpqjkfdmycfqqj5vpglh5wvmxtvv7b2cpv754qy,bitmark-era-series: Daemon (cene),fail: HTTP 404 0.4s
bafybeiazohczudfjrdebq3oq5zgbtaxw3lcrc6o7mezvyu5txc5w6lmdjy,bitmark-era-series: Bindigrl,fail: HTTP 404 0.4s
bafybeigxyznfndn4oq6ugjjkyit3dubuhao2pqu5qrr4ft77u6wkyziknq,bitmark-era-series: uneasy dream,fail: HTTP 404 0.4s
bafybeibisamrcykrgb7q4txzdddmofqnpkhbnz54pobqttddu3sx4x6qey,bitmark-era-series: (The illusion of) depth of knowledge,fail: HTTP 404 0.4s
bafybeiawppq5i47xhmoqt6fye7y2z6ad3tn7zhn6cdtilxenkex6wprhvq,bitmark-era-series: Puzzle,fail: HTTP 404 0.5s
bafybeieybj2u7lfl6yccux7fi3b7povwubuttjyqz6dxhbhjikrju44yui,bitmark-era-series: Social Capital Fights,fail: HTTP 404 0.4s
bafybeihhk7saxmepmzykc5fkuvqneelq5vcut7p6gjcbuhy6bapx7szdze,bitmark-era-series: 36 Points #26,fail: HTTP 404 0.5s
bafybeidzh42sgs5c7b752ejo5qy72yfhnic5e6p4xef53ewkcheigabaqq,bitmark-era-series: I Don’t Need an iPhone,fail: HTTP 404 0.4s
bafybeidjvuuqd4rcjdqrk3u4z2urjsu5zdbehsww3gntwft7o6elueciqu,bitmark-era-series: Emergence,fail: HTTP 404 0.4s
bafybeihgtuqckjlmwlrt6443nuse5qis4ricbfhr3eqhvzelkhfaybr3tu,bitmark-era-series: 36 Points #02,fail: HTTP 404 0.4s
bafybeih6qo7lin5btznnkyzund4tf5smuc7dfwkqlhqtpcaz35orcfymam,bitmark-era-series: Tapestry,fail: HTTP 404 0.4s
bafybeickuux7rjvdfppzz7elpr2j22ob4dzj5puukuizn22g6mhvxsfigm,bitmark-era-series: A Rose by Any Other Name,fail: HTTP 404 0.4s
bafybeicekxy4c4ftpcwtljf2tjyfm5op5jgtnep3y3r3ddnor7owf4mcwm,bitmark-era-series: The Future of Your Digital Space,fail: HTTP 404 0.4s
bafybeibiuacko6m3mu6kiqar77t2gr74kwgvo3tbslzekoh7gewkvqkjaa,bitmark-era-series: Sketches in Iron,fail: HTTP 404 0.4s
bafybeic4rofxoonb3izbevqnvd5lgeehxer6u5thee2h2eehuwfynz6ujm,bitmark-era-series: Kiki.object,fail: HTTP 404 0.4s
bafybeice7up3tvdszmosb6efryeitgijbclsa5schmwbum2js5m3ifzbfe,bitmark-era-series: Picnic 002,fail: HTTP 404 0.4s
bafybeigsivruuabqti5uhzch4mbghzmzlia6y6xpq2fv4rhg2lmtruxugu,bitmark-era-series: 36 Points #30,fail: HTTP 404 0.4s
bafybeif6cp53jrc2kfqjvm5kxk7mszp333h2z2miwduj7kswgdokks7jti,bitmark-era-series: Rose,fail: HTTP 404 0.4s
bafybeigve2vxjndo5otog643oldxirwhkrisb2z4g5tjfi62mb5jzg6yuy,bitmark-era-series: Infinite Entropy 17,fail: HTTP 404 0.4s
bafybeigfviaq4me5kn3t7scd727r2prtd742xncx65b7b2aqt7ojw5z7ni,bitmark-era-series: Cyberflesh Girlmonster-4 Recuperated Stills,fail: HTTP 404 0.4s
bafybeietdmp4qqz4ff7ap6udg55ojdd4a7yrsvfgh7fjc23t3h4zf2htae,bitmark-era-series: 36 Points #04,fail: HTTP 404 0.4s
bafybeiecs6igub4xpl3oy6h32b7hianrat45bgd73w24hbf3l62ywcvxci,bitmark-era-series: Every Icon: BlockPrint,fail: HTTP 404 0.5s
bafybeigohkc5ahfmgvlrsauenotffqbqaiyqf72ujk3utxhkzm423wwjwu,bitmark-era-series: 36 Points #07,fail: HTTP 404 0.4s
bafybeic23crmkvj65cr3gcdwggibvgrr57yholog5r2x5mzjo5k5vngkq4,bitmark-era-series: Malade Imaginaire,fail: HTTP 404 0.4s
bafybeic2xk2bmtz2omz2jy4sybtltbxwznzp6ozaokmmdwgcp3pj5ro7pm,bitmark-era-series: Unsupervised — Machine Hallucinations — MoMA Dreams — C,fail: HTTP 404 0.4s
bafybeibxl7dmpqczx5y4axxoqmwjjl3yiair33pteooif6os4ub5hcjfjy,bitmark-era-series: D. Flagellum,fail: HTTP 404 0.4s
bafybeic6ux6ijptxx7p56i7ubgio22iarydn7o7ryiodrs4427aylsrc7e,bitmark-era-series: Putins a WASTEMAN,fail: HTTP 404 0.4s
bafybeiava7peexwfa2zul3wxlajtxpdaesdtjtpmdpkhm6w3gobmsjmct4,bitmark-era-series: Unsupervised — Machine Hallucinations — MoMA Dreams — E,fail: HTTP 404 0.4s
bafybeibcfdvmxnn36wal5pddhahpcj6paith2nalvhpj6dtpkinewwygka,bitmark-era-series: Marine Emojidiversity,fail: HTTP 404 0.4s
bafybeiajtkalsbb6pop24ajc3gyylquwhgacspxib4bhjbohevznvlxtke,bitmark-era-series: Environment,fail: HTTP 404 0.5s
bafybeientzsntutw3ws36zdngk44d5ytz65wmfism4mevsagcmrf3ox4i4,bitmark-era-series: Blue Veil,fail: HTTP 404 0.4s
bafybeiguolfo5yzqen7qalxv5mngx5z7rgfdfvqhl5u2bi5otnuel2awg4,bitmark-era-series: Floralia II,fail: HTTP 404 0.5s
bafybeifwrphc6svbetx6ecur4f4cciyrbrf7yjz3gubachnyslqv46753a,bitmark-era-series: 36 Points #28,fail: HTTP 404 0.4s
bafybeihpeprynlanyswuitig5hks23rp4d7c3ojp3gkd4cbj6dxvuebt64,bitmark-era-series: 36 Points #13,fail: HTTP 404 0.4s
bafybeiedt7lyjplpmmgdjktphfmruny77v5rjuks43ooj4zs6ozgslo2yy,bitmark-era-series: ماه طلعت، Moon-faced,fail: HTTP 404 0.4s
bafybeiapw6myktxzvtsytqs3jrodfjgpzivcwxvzaz33kk5eda4iutqevi,bitmark-era-series: Temple Lily,fail: HTTP 404 0.4s
bafybeiej3lesjwhtldycq443en7bx2wzri76whtznlpypnjtss432ohu3i,bitmark-era-series: CHERTI,fail: HTTP 404 0.4s
bafybeihaz7fqji5f7a2w3cevq5cw45puqbsgsuqh2gkzielig6qiuehrha,bitmark-era-series: 24/7,fail: HTTP 404 0.4s
bafybeif6xns3qhmvai6g2h6dfo46ihigu3wucnkdk57klt76d7g4l4gsle,bitmark-era-series: Infinite Entropy 9,fail: HTTP 404 0.4s
bafybeievbllpvqitrta627yl6awnieonat5fpexydkfezz6pm4cg2fnpvy,bitmark-era-series: 36 Points #31,fail: HTTP 404 0.4s
bafybeiaevw2mo4yj4uc7ftnezka7zguwqsb7iduc5buhy6xlomadvjppry,bitmark-era-series: Rewilded Topography #1 ,fail: HTTP 404 0.5s
bafybeig6rcf2u2ei3p7qjzc47c6j4i43d4kk2vct2peyoasw2knqw4pd7q,bitmark-era-series: Hypothetically Macro,fail: HTTP 404 0.4s
bafybeics72asrmvgajudujcpc4mz3oprzfjgayls5yb54hqqfbbefwmipa,bitmark-era-series: Neighbors,fail: HTTP 404 0.4s
bafybeiauc3rxmakxayejpeq5yss4clapfcci74jby7hf2m73anjzbvtt4q,bitmark-era-series: Unsupervised — Machine Hallucinations — MoMA Dreams — A,fail: HTTP 404 0.4s
bafybeieehrcp4bqilppgnaj45auvrtg4v4rwj5dlycdmzpi24tihl45fyu,bitmark-era-series: Unsupervised — Machine Hallucinations — MoMA Fluid Dreams,fail: HTTP 404 0.4s
bafybeie4qnsnkvjho73vptbxwrki7oxx3e26falu6r2qfqlyrhbunps4zm,bitmark-era-series: Vague Recollection,fail: HTTP 404 0.4s
bafybeihm6vz6ipaptke2pyda4fdqs62gymrtvvwwpwj24fsvn5ahuodfqy,bitmark-era-series: 36 Points #32,fail: HTTP 404 0.4s
bafybeibtidpltkb33zzplqgpgrda7viurn4yhydnus3g5kxlc4xfi7vh6y,bitmark-era-series: Model Illusion,fail: HTTP 404 0.4s
bafybeig5cxrfb74enus44qipxl4ihwpiptwfnja6waa4s5vwzkvnx7vrhq,bitmark-era-series: neural swarm,fail: HTTP 404 0.4s
bafybeihjkbcyfatatmkrpwxsf4wuomwuiz3xodvevrdq637ihv72thogpe,bitmark-era-series: In Search of Your Digital Self,fail: HTTP 404 0.4s
bafybeihinh2dkpuduhdr626quxlzemw5cluftcrmthdwe3eb6s2fdgb2oa,bitmark-era-series: Every Icon: BlockPrint,fail: HTTP 404 0.4s
bafybeidacnfic5rhudbkulbkihtbm6y2jdkec7y6bflomd2ua6l7jtnn24,bitmark-era-series: Infinite Entropy 24,fail: HTTP 404 0.4s
bafybeibitfclh2suz5ql5t4to42qlhhj3elmdiqkeh2doiwtpbj26beuuu,bitmark-era-series: 36 Points #20,fail: HTTP 404 0.5s
bafybeievbvlqss4rg7qx3x3dns66rfsz4rayh5eer2hm2xusv7uolub7yi,"bitmark-era-series: Fragments:30.2051 N, 90.1121 W",fail: HTTP 404 0.5s
bafybeif2sbjbzt54ue3opszbyg2cq4w3x757tybdayejihl2vdiluwunmi,bitmark-era-series: Unsupervised — Machine Hallucinations — MoMA Dreams — F,fail: HTTP 404 0.4s
bafybeih2zze4nhv4fifj7bazsdndlooxwst5o5con7chcglsdlvdz64rgm,bitmark-era-series: 36 Points #14,fail: HTTP 404 0.4s
bafybeifgbobdoee74dfoxtodgmi3o3ov3xqspbs76f6cirdxjqds7ykgyi,bitmark-era-series: 36 Points #06,fail: HTTP 404 0.4s
bafybeiawrkxqiht7iyqkt3rljwcmmau52mvkaclojeziqoigcx775mdetm,bitmark-era-series: Unsupervised — Data Universe — MoMA,fail: HTTP 404 0.4s
bafybeic5h4j4jmfxylujkstwkbf4p7iahgavdywm632istqpg7rxx7fque,bitmark-era-series: Blooming Valetudinarian,fail: HTTP 404 0.4s
bafybeie6lzmdqpe37wetks7ve7y3frpkchdkhag4apdnjcoojblipz5sla,bitmark-era-series: Chaos Blocks,fail: HTTP 404 0.4s
bafybeic3aawt2dt45x5q3meex3azvp7gs2xsyuz45rmx7tvinajdms3tfe,bitmark-era-series: Aufgezeichnete Luft,fail: HTTP 404 0.4s
bafybeiet5epjhrkoatc6bvg2djbiysbq66o2anranjkyzycuhu64haxyhe,bitmark-era-series: Slipstream 001,fail: HTTP 404 0.5s
bafybeig3bmwlzbqdr4qmne4y7ylg4jzwblx6lqiwrudpbatylxycf5ovgi,bitmark-era-series: 36 Points Display Edition,fail: HTTP 404 0.4s
bafybeigtt4moe32rr7gu4oqy4gfmhpj4zf7lsmxbmvkofdscnz7jezo7wa,bitmark-era-series: 3 ORBS,fail: HTTP 404 0.4s
bafybeiashvfbhybrvsgjo37vcbhw6h4i2ucqa7347pay5wb2zr2kjajwuy,bitmark-era-series: Glissbob,fail: HTTP 404 0.4s
bafybeidhndufg74y7igurso346l34dg5cxyk4k6cx4dvh42vvhg2bzbe3a,bitmark-era-series: Infinite Entropy 3,fail: HTTP 404 0.4s
bafybeihcwkgikgqx444pv6omzt7vdjzqmiqrbidw7vxo3csvhmrebyrhg4,bitmark-era-series: Loner,fail: HTTP 404 0.4s
bafybeih6jdk6c7iz7bxdbnw25ra4z7nr2gwpinlgzqnd2vhbut466hocsa,bitmark-era-series: Infinite Entropy 22,fail: HTTP 404 0.4s
bafybeidn3vuac4eiyqa5ug5pkdkan3xp22hvqzcskkusk3pnxdqood4f5q,bitmark-era-series: 36 Points #24,fail: HTTP 404 0.5s
bafybeihkgvv7l752qcpdi47v77wtzwdwufebl2spukhm2avcjyz54birg4,bitmark-era-series: TimeTravellerTM Trailer,fail: HTTP 404 0.4s
bafybeicoxwrcpi2tr63ebywwk5rfpdync72rrxkyy4ymtwitnyl4icrgsu,bitmark-era-series: Infinite Entropy 16,fail: HTTP 404 0.5s
bafybeigv2puw2ximac36gyghvv67tvdm7prjmkff3742thjieirbzukpgm,bitmark-era-series: Mommy Wow,fail: HTTP 404 0.4s
bafybeigxnjbnsvu27zq6diy2kntnyemk2dsdg5ydyibpixr75tols2t55e,bitmark-era-series: 36 Points #29,fail: HTTP 404 0.4s
bafybeifiqu2kpctqlsefgjo4tlgavi6t45wz4qhiur6sf3yw262amuccq4,bitmark-era-series: Solstice Sky Dream,fail: HTTP 404 0.5s
bafybeiap4hionam65txvvbzvk5trk6cydzwjm7yfkbzkbprnm6x6z25kru,bitmark-era-series: What do you want me to say?,fail: HTTP 404 0.4s
bafybeia6h53xfyi3ght27ojg5x4qk6wucmtldr4pis4nlkij4gjketbiru,bitmark-era-series: Patterns of Activation (gardens of the galaxy),fail: HTTP 404 0.4s
bafybeiat3o2cd3two65t4ai4m6iacrzio5kxrkp7cfisrw53ba4r4ca3l4,bitmark-era-series: 36 Points #33,fail: HTTP 404 0.4s
bafybeicemfddfrldlz7u3her7d23rotfgujjbpqkzfrpkbvm2dg2sb4u6i,bitmark-era-series: 36 Points #05,fail: HTTP 404 0.4s
bafybeicuxvu74piuhpkmld333qjmknqlnplzgudl67rvppmupwgs6fs5wa,bitmark-era-series: Fractura,fail: HTTP 404 0.4s
bafybeia3khfqwo55ldrbnhtywih2zypqnwsursmdaanvve2lfkhxsyvvbi,bitmark-era-series: Picnic 001,fail: HTTP 404 0.4s
bafybeigkppmsp2c4lyedoprdb6izltpouk3ywuz3f5gwulexlfplp2rrsa,"bitmark-era-series: IKU: Expand, an interface",fail: HTTP 404 0.4s
bafybeihmp6yyugpztxujedettnssphom2hsluhlvk2k2xgxlbq3pdq2xxy,bitmark-era-series: 36 Points #01,fail: HTTP 404 0.4s
bafybeieoft34zixtyvma4bsozefetikcp4wuh77yabdycv5ae6u6w6zc6y,bitmark-era-series: Mirror Arm,fail: HTTP 404 0.4s
bafybeigpb2o5axk4h5uo7flhss7qbk5gvqye3eme7zbphagjknmn5qtxxy,bitmark-era-series: A la recherche de l'information perdue,fail: HTTP 404 0.5s
bafybeib7mpj6as3blyxvzmr5vtykcmccfa5jlco62nvw7j3whkubmoka34,bitmark-era-series: Infinite Entropy 6,fail: HTTP 404 0.5s
bafybeiesrktgfogq73eti5wp56g76gsqtggrnuabtrbauusohwamuodcnq,bitmark-era-series: it's a matter of perspective,fail: HTTP 404 0.4s
bafybeiawycz3flztfssluvmezuonbs6ttid4s5e5qbgzl7blpxxqjihjt4,bitmark-era-series: Movie on 06-03-22 at 1.00 PM,fail: HTTP 404 0.4s
bafybeihuuv44w6lmh6qngjo46ykmwyxw2cr2ptovsnv7gfuneqvwsgrv3q,bitmark-era-series: Infinite Entropy 18,fail: HTTP 404 0.4s
bafybeid3oolfuq6ehl65zskasluwazkvigdtytktbo65wxi4ynpzj7xqae,bitmark-era-series: Neonumens,fail: HTTP 404 0.4s
bafybeicdnesa46ttad3ebst4c53qstpygwhwgwr6l6ricnsecdlm4etijy,bitmark-era-series: 36 Points #09,fail: HTTP 404 0.4s
bafybeicpzu5662p244agrni3dowebgnnidlcjmt6yxmfk4bp4r2zc5zn2y,a2p: a2p 1.0 media (art-trading-assets-preview-livenet),fail: HTTP 404 0.4s
bafybeifvvqoomhreylzrkm3f25oymfv4brp4wy2pxiaywm4i2huu6vrrje,a2p: a2p 2.0 media (art-trading-v2-live),fail: HTTP 404 0.4s
bafybeifc7skzcg7ivlsl5g2kusnf5izwgdwg4dbcgly3uhz7ir3t32olgi,a2p: a2p trade originals (trade-art-trading-livenet),fail: HTTP 404 0.4s
QmQeLXYbeB5kzoZQhLwoRhSaXAovc6Kp9didBasVDRuVHe,bitmark-blockchain-archive: chain archive metadata + data,ok 200 text/html 16.4s
QmUTivb8fhJyNF1MvPXU1swyc8Eonf9eTeVm7uxPkiKaxK,bitmark-blockchain-archive: Merkle proof file,ok 200 application/json 0.5s
QmRGwoEnB4inboActrRsNAEiJzXL8LUwLrCYcUCgAEBxMQ,hls-master-playlists: FeralVerse master A,ok 200 application/vnd.apple.mp 0.4s
Qmf8bvobDWMTmauvhgFKWNhZKUe4ufDY16a6qk1KLSgM74,hls-master-playlists: FeralVerse master B,ok 200 application/vnd.apple.mp 0.4s
QmQJAa9uC5Fc3gFzNnb8CHNMgJq7NgtNF1SHs9x7YvbjM4,hls-master-playlists: On Screen Presence master,ok 200 application/vnd.apple.mp 0.4s
bafybeiaix5orbepkcgbazsowl6fztmp2ys4djbhr47d2noffq6rndggbkq,aorist: aorist ng-models,fail: HTTP 404 0.4s
bafybeihgqym3ymlrowvt7dodxozcznijbtrnaowg5ynn246pj4m7x3g67i,aorist: aorist ng-images,fail: HTTP 404 0.4s
bafybeicitng5nvk76sj422ankbf7vh4hp5t7w2jzw5r5hjcasqv2i45cwq,aorist: aorist ng-art-ipfs,fail: HTTP 404 0.4s
bafybeigeflcxy7ychcfrdlutspz4xdz7lkfudwrrg5vxz5qemowqdbufl4,aorist: aorist ng-art-env-02-s3-bucket,fail: HTTP 404 0.5s
bafybeiea554avuft4j65pfo6s4vw24ikzlxwraavqmxtam2qialhb3abfy,aorist: aorist ng-aor-ipfs,fail: HTTP 404 0.4s
bafybeicmn4vlgjtuuewwrh3vkz3tom6rejykb7inyzbpqphjvjhy4gubjq,aorist: aorist ng-videos,fail: HTTP 404 0.4s
bafybeidfatg5fydti6ayrbjw2hvt4r76buugzdp4djwgoh53ojl7pd7xqq,aorist: aorist m-original,fail: HTTP 404 0.4s
