cid,ipfs_feralfile_com,ipfs_io,content_type,content_length
QmNNBWELmuDUdhjVYR3ox98ueRKEn4XL1PnReYkj4sYeik,ok 200,fail 403,video/mp4,97708963
QmNPgas4vq9gkcQr6YFJ6dK3C2yhR8gwGJW7Hi9BUBJCwU,ok 200,fail 403,text/html,282
QmNUSLzHMbdZgahujMmrjvMSwVdvnwzRiaiwFSaonej2JT,ok 200,fail 403,text/html,969
QmNZPZifuVpanuoy6WS1nyumb5agihkkdnLZtFhaUmwwFK,ok 200,fail 403,text/html,5307
QmNfD8PVVopcv1RdssrAqR9qre1MFy4z6vP9nnB4VN65R8,ok 200,fail 403,image/png,5916307
QmNh49y1CrBS22p3jtv3emrcSqmBSX8UqSW2c1bqsaPkLy,ok 200,fail 403,image/jpeg,9637869
QmNnXJWxPfWTmycfdYxZ6huV1Ai7PBt9bHpauSFPQYqnBt,ok 200,fail 403,text/html,969
QmNnXVL5JXjMrFp3AnaYUcdiexeXzvSJ8UNRLFi9gSAwam,ok 200,fail 403,text/html,320
QmNzwztjT4dbWEohfXjG6HrkiKDbSxKaD4FHnV679KKWnX,ok 200,fail 403,video/mp4,174330333
QmP3P77QmqWf2GyunAQPqJRw3bgQJAaif1Fa6KQRdYwKp9,ok 200,fail 403,text/html,969
QmP3apeo3Krrw3aEobPpffs3p5haR7ZnEvcePfSDfcpBS8,ok 200,fail 403,text/html,5536
QmP84LnTz5TGu1VpsY3GtkQJjx1BsZXtLTEzUqFXMCz21k,ok 200,fail 403,video/mp4,252201793
QmP9L9Jr4wZUjsesKa9kvEVBToX3BQiycVHEsxi4TVH6E6,ok 200,fail 403,video/mp4,48761150
QmPEdwCY1yUt2gtrAfVKoTuuNNMfmj6s24r4vMjo99GzqT,ok 200,fail 403,text/html,969
QmPJYnZk1nSF7q6sfxecWg1gFnfMddpp4nCdMhdcABdqve,ok 200,fail 403,text/html,379
QmPKz9iMoD2gk2fuDcNRUtVGCUPAWbvnsaJcr5cahUR2B1,ok 200,fail 403,image/gif,59580
QmPNTtHnZWQmPe6Dp5vDqZ4pya77wM6rYkSsiavTDFJUYY,ok 200,fail 403,text/html,632
QmPSdtH3rDAaFhf38K19kTfCktwcNK9SxcALgvQEZ1WwL7,ok 200,fail 403,image/jpeg,5234521
QmPUeT8rPUMPyn5xennwkNQAzoZTyaos833sDrfimCXBn8,ok 200,fail 403,text/html,1431
QmPWHe6vEYDcJWYSGZCy6wwpMf3Wi61uWgFE2oSuy5s5KP,ok 200,fail 403,image/jpeg,8862759
QmPWdPCmAWdath7LMkEDZSjAdTFdZWPJNfA2ZqTXvqztxH,ok 200,fail 403,video/mp4,110596180
QmPWskRSYtidTfxjg3ndNBjqMxCLShkvKPJQGHi7NNCmvB,ok 200,fail 403,video/mp4,5460406
QmPbxizJTyN7kcTeWbbJZUMv779APp17xX3y3M2i3NVM9M,ok 200,fail 403,text/html,969
QmPoWQDCJLSnpUwy27vE1fJgNk9GXtpteXox1HSNsxXCbA,ok 200,fail 403,text/html,1431
QmPpjRDn7Anhv9729CqwxhNSh7uhWXD1knfXs8mdK8uMjP,ok 200,fail 403,text/html,969
QmPudczciBhhi1nmomQgir9J2hormihLg1KeAqfCif79yP,ok 200,fail 403,video/mp4,15556983
QmPuryaXop8PJj8fEriFsyywg1ngKhuesu2e4wgRRoMcjq,ok 200,fail 403,text/html,442
QmPvDVqWGgNdgjmdv9KHbVzrD9TH4QrtLn9g5cA8K536KE,ok 200,fail 403,video/mp4,110515573
QmQ8t6RxTUJhybstPkER4UcaWp1NFHeHWb4c7BkcGv6EGU,ok 200,fail 403,video/mp4,42507731
QmQAjsz7q3TDBodp6hQkM84UaqwM82L9yodw5csxEWXzNV,ok 200,fail 403,text/html,1431
QmQKnY9G55ogLsmVePVt8QYdpsWpj8bMk5GTeCEo54FWXq,ok 200,fail 403,video/mp4,97506667
QmQUH4XtLsZzpQ2VUJ1hhRQaRKVN8acJpmY7W6RitceThE,ok 200,fail 403,text/html,694031
QmQW2wFuM8VAeYZ1vbnHKfPq893MmKgcGmZKbuPjQhMnnh,ok 200,fail 403,text/html,1125
QmQXcLTwo6znof3ZJ7Q2XDAk238kegBTHMaNoYyk1KEpLy,ok 200,fail 403,video/mp4,17619447
QmQimfP7NkNheaA7knMCqKU4QCM5gnycLqGzCcE4AtwpYr,ok 200,fail 403,text/html,514
QmQpxuRBt3PvAyEdXkvK6FC3evqJMJwsN3ggbTXBWXaPk2,ok 200,fail 403,text/html,969
QmQrao6WME7XGFmtTwgUFXNy5vurWyWDyv8ydEzeqfi2vX,ok 200,fail 403,image/png,4452089
QmR3fKdc8Wbdj6pwtm64YVw6U4VLBQ2eqi4fw6e9T8YpHw,ok 200,fail 403,video/mp4,456993965
QmR7abVzUwSN3gnzuStxdPRxpigHopAJ1wGGofF2r2mph9,ok 200,fail 403,text/html,1431
QmRDTw9rsw6qoZTCu5KLuy7QvnkVpWnJqRzgFyZmXzvbvj,ok 200,fail 403,video/mp4,88831759
QmRcCoUWh5B5YxNS9GZMGjoBCjJvD3KWcfqmDWG4yAqJ6z,ok 200,fail 403,text/html,632
QmRcaegk73Jg1J4LhKeXW8K5ATjLTW5WsFajnAW5jLpYSZ,ok 200,fail 403,text/html,1433
QmRefkHhKnSznFVavUTSHFQtg2xZagfYRvAgGJTndPJ6v9,ok 200,fail 403,text/html,400
QmRkSgNjaMqSzJgkxHrrYcPVX4Ko2DhLTUecjfYQjufPT7,ok 200,fail 403,text/html,2784
QmRpBudGKv5pLXmG1BZHkE21Z9dg6pcpmUBm59mRozojeC,ok 200,fail 403,video/mp4,105753660
QmRpqNbJDvf6fDfum4xLQNFJVrgU38tMECkT8JjizcBKUt,ok 200,fail 403,text/html,488
QmRqC28zHV8k3WiRyA9VBvRSM5neCyPytPVHfK2p5ARmFy,ok 200,fail 403,image/jpeg,7514115
QmRqgQevsfmnUwq4XD5uRSLM2U9HYgKERvXaa1fc4TNH4L,ok 200,fail 403,text/html,969
QmRsXj35PjEQdEykp4CDcX6WMaWJh6Cki2UnVXbdaLF9zb,ok 200,fail 403,image/png,2370892
QmS4SmjsYC6tTnt4X3WMBQ1ggsnFFutgctXSgMyamRnrPX,ok 200,fail 403,text/html,11143
QmS5bBj3gQ2JYHNRSxgWeTTmWccDYim9qkJ6wApd156p7L,ok 200,fail 403,text/html,380
QmS5n4zNripBYwpoakvMmEN56mpf2iA4onXK7e7Ct8hBRo,ok 200,fail 403,text/html,320
QmS8nqhXE5Xhi92ZT5mEn2Asab7Nvzy6Nid4E4ZKk7a9ss,ok 200,fail 403,image/png,45598
QmSAQxsH7avTLbS8yiKAAsHyzDNjn5wfrVpebCBvVpe88B,ok 200,fail 403,text/html,1079
QmSCPSiToTUWq2K7JsupsyPVPskSDTPfVAsMUVJcHhqgKh,ok 200,fail 403,text/html,430
QmSFZ42ehcixLFMQRCRwRvFXFLqCUGs9BXiShhZMjtGPzw,ok 200,fail 403,text/html,1431
QmSGS5m3tNu1FBK4w7PehnfGkcKmNYRoAg3iLAwz7yiv9x,ok 200,fail 403,image/jpeg,8932701
QmSJwtChNJ1nzgaQ4JVLka9impCPMPEEmvDvAE4uHgpBih,ok 200,fail 403,text/html,60556
QmSKF73LGPvLCYkhkp6z5rg1CmjpRjGeaKZ9k26XNqdR7C,ok 200,fail 403,text/html,320
QmSMSwL51Wudh8GhZFT7S8c8nwatNF1bg8735hCaV1m4Ld,ok 200,fail 403,text/html,1403
QmSVuBzn8R12RWrvkR7bLExx4CED6W4BZ1Kg7sVZZvT7BR,ok 200,fail 403,text/html,2191
QmSabPi61EWM3uNkDZyQj84yJwqVv6yGDxMoJun6cSQ6FQ,ok 200,fail 403,text/html,1433
QmSbpWiqdy15icVcfTeNRh5Wegwrz6acPaYbLTFcjCuqn6,ok 200,fail 403,text/html,632
QmSc65zdutiNEooeriju5z267FuX21Fqw5f1sNt2eaQbMG,ok 200,fail 403,text/html,1377
QmSsZHfEH1rzPbQd4zUR8c7FCsPsJrseMu59xPML1kuD1x,ok 200,fail 403,image/png,18667927
QmT6fa9vVjwkfd5ncCaNq29ona4TTwPprcNvxeEvo4fp7R,ok 200,fail 403,text/html,969
QmTAz2gwTQEBHuUDPwe5HSX25yQczSqcEQDL1nhf3AVimY,ok 200,fail 403,text/html,969
QmTBqTgE3YPPzf5eLafvEcZzxknqo9HR3evmVALaVQNABZ,ok 200,fail 403,video/mp4,462912594
QmTEpP7wTBANsYRgrzSeaA6Jqu6eDZxpF7Lh9QwzoUwfuy,ok 200,fail 403,text/html,969
QmTFdP1yS2kFk7kpSACzvktPV1dfzCX629giUbPv5hyaXT,ok 200,fail 403,text/html,632
QmTPe7MVVZgupBMqfFH9Bck1ZwrAjq9Q6qaiKucxn9etg2,ok 200,fail 403,video/mp4,435188
QmTjtAFXf2ztXfkDKg5UCQVULVdvnVS21wxSdi2ZaNuNPm,ok 200,fail 403,text/html,969
QmToXp7VsiZGT7ZrVbbAncG4TfJPyusG3GWJE4raeg5ih6,ok 200,fail 403,text/html,591
QmTqmZEootSLYeWWc9TsCYHeiQJzhSfHjP83EqnX7g4TFC,ok 200,fail 403,text/html,969
QmU21fo2UprSVEiwmqegwSiwGi3wZKUsG5isRHeCCuN3e7,ok 200,fail 403,image/jpeg,16661875
QmUC47Ba251EZ8PpFT5ua8UmoqqHSpwNyods5TVsdi5SEW,ok 200,fail 403,text/html,969
QmULUtZqzwwPcR5b2cmMzJTjgq3CJNUktx6rEBBVho4x8g,ok 200,fail 403,text/html,969
QmUMb51fcTx8ir6GakDfJJV3h7xgt4H7Bec2WWdJbreFPS,ok 200,fail 403,image/jpeg,702630
QmUMsucPA4PieQhbuWjV8DAHpk4SGneYx9Ncw6jGJVpj6Z,ok 200,fail 403,text/html,969
QmUNFvkRbPSaaYkeJrFtm9mQXzZdKQWqM1bQ6NxB8fWSU3,ok 200,fail 403,video/mp4,37469116
QmUTZex82CRVAfSvFmHH4bkRSKwkNEDnCvAkPYbp1vTr8H,ok 200,fail 403,text/html,969
QmUVAzasJXNs5WUVxZNRmdhz8xt6xyhux65UKkfsJ4KuK5,ok 200,fail 403,video/mp4,40321703
QmUYrfKmCUmmYtkeAwhbai2WAGNSnhijo5KFXqYNJqFsbb,ok 200,fail 403,text/html,1311
QmUk8xGfMshc1UZnqkMno1PyVzhvhJJo7fNEAYedvBuYsp,ok 200,fail 403,video/mp4,46446727
QmV1VdGurjSr5TyPNaf4dwfzJMCVBaTW3bNnNpcmcHvXKP,ok 200,fail 403,video/mp4,66459892
QmV1vFUSGxd2ACfeyRR8CjBCxeFVH5JcfX9sAnfEpxadRu,ok 200,fail 403,text/html,887
QmV4WR8MwtHYpRR3NbWmzSQLUv8v2uMEGFip2gaBpdpJWa,ok 200,fail 403,video/mp4,52183679
QmV6a8NCQDTq1pMddqgMNg9xutBkp7oa2EJTspi5tH7z6C,ok 200,fail 403,video/mp4,123313126
QmVAoqr2VS35DsNk2qqks84zTr9BggPmfX1hDp7haHFNgD,ok 200,fail 403,text/html,969
QmVTLx9L8dYd1Fjs6AefpVobnjWwYiBim3mdGSAfRMWmP2,ok 200,fail 403,text/html,969
QmVX4yDL9QN8sFAK5o2x38xLavZisy3Y6ErvdRry3vhanE,ok 200,fail 403,text/html,1431
QmVXfU2RMwUknHJVCVQii5Vre88zSDXC1MW4nBAJGYMudP,ok 200,fail 403,text/html,969
QmVZdzre1YEmrEyzS9GaCrc2yRs5QxQkno6fFqJsc7JH94,ok 200,fail 403,text/html,969
QmVgRSW4RhUUr4u2x5Ao67Pw4MrmY6bvdMpEZXyc5r4TLm,ok 200,fail 403,text/html,969
QmVwYhsPKjyGvagi5UCaYqBfKQnJYNcKuD2h17E1TApcJt,ok 200,fail 403,text/html,2191
QmW3g7Eyq9TAJgVvJo7dvdnGtSPdTYzr3r9qjA81EVxC4R,ok 200,fail 403,image/gif,19969632
QmW3wi5AJFPcKyuh2csvDxyhsCJj9pwV5sdv6k7bgWoRtX,ok 200,fail 403,text/plain; charset=,30750080
QmWBrUtQ8ujbYciEhKwgaaSAzv82aGVtQdq1nmNRXWKFQd,ok 200,fail 403,text/html,1640
QmWFTJUsZo2MJQkowiciTM2h3WRxeCD9b7dzrd1CAW9eEC,ok 200,fail 403,text/html,969
QmWFtHfUR4RGea6hbRF4jk19WQiZSZQsCtB1wdZBDG1avx,ok 200,fail 403,text/html,632
QmWHAPL18MP5i6wwwHyeBPgK1rZmG3a4DJQuRnpgEm3gsK,ok 200,fail 403,image/png,4205581
QmWQ295tctYMX4uDmGZarv86q4vNaehj2eAqhVP2CNg6g5,ok 200,fail 403,video/mp4,4073240
QmWStpst6kXVgN7wYbcszTdf3mtzCjjXAnwQFgvKpredZN,ok 200,fail 403,text/html,969
QmWSzz4D887zV4EgtbbbZwqKJDRihC8c1g26MpKX7wfw5u,ok 200,fail 403,image/jpeg,849864
QmWVJ8KpYhHrHRBXwL7oyBDW2BAn2AiEykhnx21Yb1Gpwv,ok 200,fail 403,text/html,240
QmWcjuC3RJqhaR5WVnLcjNnNf9RXqTa6YsaxZbyDvF6AG8,ok 200,fail 403,video/mp4,44652798
QmWedFq75Lop2dbZQxvWS5Xer3nzcm5RnREiH3y1DTc9tW,ok 200,fail 403,video/mp4,45648933
QmWjPtFNtmJg5EspcfveQT8fbzR8MV2gz9yCjVnHyo7TNn,ok 200,fail 403,text/html,1433
QmWkJwWwvJ88fqGtcPs6t7vCJSjn2nHMVBtKPzU7rF4ivS,ok 200,fail 403,text/html,632
QmWzdgHKy6zR5gapCj7wc89BqN7Kqu8rtPAhguN5hGK95r,ok 200,fail 403,image/gif,376057
QmX3jGgBHKK4JkptQN248ZFmyPH3d5zyBQzgcXhKgXYgiq,ok 200,fail 403,text/html,969
QmXCVCA6u9U77s4VbFz6p2uhggbnnenNGbcoEpaa3DzQ17,ok 200,fail 403,video/mp4,15985264
QmXGTYqi6SLV2wA1Wf1gpo5yMRbwKKqdo9XvxsdPYjnbPx,ok 200,fail 403,text/html,420
QmXNEbnh5UT2tzppLL9XqVL5XQyAaeiN4mQwJjx4dGV4Ko,ok 200,fail 403,text/html,746
QmXNTPUHPTyvoodpRj93wRr1okzJEqzjQuK1yyKpqubMZY,ok 200,fail 403,text/html,407
QmXRuSBZgmL3vQnCkHWSGEd3ccdYPz1quv5VERz1DjKWnB,ok 200,fail 403,image/gif,448774
QmXUdWRVnShSvAixXPE5c5Vf81FKGonMDGdBUv2Fvcs3sZ,ok 200,fail 403,text/html,1433
QmXVWfoqSmkXpx2hmtL1DSAQQzPKNAiZ9fV6mFCXZrZULN,ok 200,fail 403,text/html,1433
QmXWDJ5Mksr2viicbPnQXVPzrnfkEoWtemPANY3xvdP5sh,ok 200,fail 403,video/mp4,2065607
QmXXWpXqYUBQ4u78oj2JxmM4zGF5N1XRthNeUXoBebysbx,ok 200,fail 403,video/mp4,476938288
QmXa3emxW54PTdjh4b8kqxQZPkhWkz1jQSKqmZPtgPjzmr,ok 200,fail 403,video/mp4,5646733
QmXcWqxUjoJWwoSqo4iqF1spNHd9zMKneT41gCTAXCrEGi,ok 200,fail 403,text/html,668
QmXiF2u7YpPnekZirDYJFywxQ4nUru8bfnMhijrFV4X6Tq,ok 200,fail 403,text/html,320
QmXiMu9fcg89CYZ6FawmDmhCyb7CvumNBVPChwSxSJAZKR,ok 200,fail 403,video/mp4,66338726
QmXu8fj8fkUCLWL2L5kWu2Mg2oYFzNGZHJttZt2B2kndeg,ok 200,fail 403,text/html,320
QmY3LP9vyD9xTupVYExXDYUg3xkpGBKHDj9r7S3aNYtJsm,ok 200,fail 403,text/html,405
QmY5o9VJSaepi8AgiKRYGoTxaQtop2DAgKFtQu7NVQjC9y,ok 200,fail 403,text/html,969
QmYFg4kbH5DMveYtcPAsZ7qxfM4h7WjcRsCBqnAqKfff87,ok 200,fail 403,text/html,1431
QmYRBDfEDt7ENG3q584pagQnSV3A1S4yBxW9wxXZ6p3xiL,ok 200,fail 403,text/html,1433
QmYT2Eo3zqiCcAYckTAHrWfTKdR3pZNMKAnw8i4mpWaRqX,ok 200,fail 403,video/mp4,7789326
QmYdawa4m2j2LrDvnZKMcnAFcAPBLaykgX2jeGuqvShGH1,ok 200,fail 403,image/jpeg,9923716
QmYeJeS2EXg8Zv18Qfdh4xss71nWHxR8K5DEH84WPErKPc,ok 200,fail 403,text/html,1433
QmYfmpgxy67HgLNCPrLFo9jktEHsx9vfsJbjvSfZX4HMaR,ok 200,fail 403,text/html,754
QmYia6LpBUpSkPioL5r14CqiFLZZJDf2MM9wo1es9Xn9k2,ok 200,fail 403,text/html,71153
QmYjnBZ3YQbhtL9iuWu4DMzoFU8CQ4CMNQXeUbLsumrR9T,ok 200,fail 403,text/html,1433
QmYwpsWU4wfFdzasGzh5ZTg4RageTQUrquorkPfUbPXU8b,ok 200,fail 403,video/mp4,448171147
QmZ6xgTBMhnXrbFtoVn6hNnh2XAUZYCfjqeZhJo3eXta7N,ok 200,fail 403,image/jpeg,5791349
QmZBc5JFo62SbSxZKxig3GQ3hsbkaqGfYFphq6p8CTSXLn,ok 200,fail 403,text/html,1433
QmZBwFoRW3cq7P7vrK1ua6e8EfqAZApHN8CHveatEWjvbK,ok 200,fail 403,text/html,631
QmZEJd4b4bFmDDvGaKma1hHXPkkRe2V8wYFYab7Tmw4Lpr,ok 200,fail 403,text/html,2153
QmZFuTf729ALmdwedpeGxPNiwweTPcHdSKoBNGTKefnuSj,ok 200,fail 403,video/mp4,92033108
QmZJPP7KG6jUHgDQ4TpigrQRU6hsbsmzCes97kvvwCAX84,ok 200,fail 403,text/html,969
QmZQSD91yVPYSPQefhrnFLZFRtdntERGgXaXfgAqioQnpQ,ok 200,fail 403,text/html,760
QmZVFaXpDwvndeomD6spNWRw9JMi74zfcANsVUJqsu3Uoe,ok 200,fail 403,video/mp4,242472772
QmZZtpmtaFuqq7HUCKU4mh5vy5MdR4EUxNEJQW826Ti4oD,ok 200,fail 403,image/jpeg,7617130
QmZbmZPA1s8kXEHd8cnbUBfytxuwHGLgRxYNhUjAVv2xix,ok 200,fail 403,video/mp4,32054414
QmZdbgEpb8XyTJYvVajUb36zSvnGNZAiV9pYpQm1yuq9S9,ok 200,fail 403,text/html,1433
QmZgo9sAwpgAgTisCaV6cEfVWjA5ScFuLybYt6vWMa55CW,ok 200,fail 403,text/html,9964
QmZhoy65eE25FHsjjgH6g8e5KpcviYvNyC5xxVCHRxHhi3,ok 200,fail 403,video/quicktime,2161010901
QmZkpq1V956YyfMcaEvwSfN1xybCmcJzZhNQxvGkwVe9nd,ok 200,fail 403,text/html,969
QmZm6y9uS9AWvt2VmkE1KzgykCUV5CjD4Z97t6hB6GhiXc,ok 200,fail 403,video/mp4,50667850
QmZwcpWtf6FvX2KfpDvs8CWhjKmxWRKZgi17pBXGJiKct2,ok 200,fail 403,video/mp4,46912737
Qma6LppLyqvZs8FRchAfWwfzSVk9ZtMFJJm7JUkQGk5ydB,ok 200,fail 403,text/html,464
Qma6iHGp1hHLUzzNWVzwyS59WcWpPugv2eGK6gaFe6FLi7,ok 200,fail 403,image/gif,205069
Qma6yMjwzXasZcvR6ojk5KbW2eG7dZV9LmsJ3bMEnNJiqt,ok 200,fail 403,text/html,1227
QmaGyCbqZ3Ju7vZJwVXbK1pvbNufhvGHqoEZjB1WmeXXPs,ok 200,fail 403,image/jpeg,9769314
QmaMbtaZS5CrZdot6BTMZeRu8B3pp3U3fhQCgqc851ySgW,ok 200,fail 403,text/html,969
QmaetsCAmd5ekqXH7vtcwLfCApjar3E2MtS2fBSc7q92Gu,ok 200,fail 403,text/html,1433
QmajwaSyYLbzYxbD2Bs8cCHrMWiKXtbDoeXaZLgZDq8Wyd,ok 200,fail 403,video/mp4,504206134
QmamVMwcxkTXqA68LFBadSW1MjET7Dnpb7iEB7Qt3T68Kx,ok 200,fail 403,image/jpeg,9968583
QmasTEjPyFjAf2M3pQjRxxHKikrbqC2RFp4TSj9n2zqYWG,ok 200,fail 403,image/jpeg,9500531
Qmb6eCG9WyABbuxtD8uMVfzT2Dvapov2UCjrV8JeHHrPKz,ok 200,fail 403,text/html,969
QmbAS9t8gXtdeiVGGrbmPvfH7MMg7eEjngsK2Y22boria1,ok 200,fail 403,text/html,1433
QmbPJc7qR2s521zffkBm47JL3HhYnFbyxXtkAVB5fxeEXF,ok 200,fail 403,video/mp4,99825974
QmbTnbbntuoXF87t1FQw92PqBj7xfYY4hKALAV3YDwH1Ey,ok 200,fail 403,text/html,1069
QmbVQP5VJWamENeo8UXTBCxxj34hR37UteJ8Eo8iy21afc,ok 200,fail 403,text/html,969
QmbboyD1nB3yJB28r5WB8MzX12d3L5jkVv7BiP2SkpHQ3b,ok 200,fail 403,text/html,1101
QmbcmMmfVjg2vC35zQM2ktBQqbEk9kqsXzpdKviQ9uesKz,ok 200,fail 403,text/html,320
Qmbep8GrZDxKoCxRP8pdpV7TrM4cg9ph1BZcvBa5TKZsA5,ok 200,fail 403,video/mp4,43378330
Qmbfjm1eX2eorWXuYZXU61qpdaSVXdpK2dmD8qHxq6vkcu,ok 200,fail 403,text/html,1395
QmbhkN6fsNpyZQx43Hdbtyo4ZmLZqgSG8VHhYgoGfN4xoC,ok 200,fail 403,text/html,631
Qmbj2uzNbaMiEYTtKCm2LenVjTRrxQ1cpFUBzEcUyQ7Qtm,ok 200,fail 403,text/html,1431
QmbqHQcaaPq8V3uuBCsLGJzZScogXu9c8ubUJuRCVHfJU4,ok 200,fail 403,video/mp4,96334014
QmbtDD765aXEVEJinAn5Fiq8X98EfKyWhoYUHE4s98yPHt,ok 200,fail 403,video/mp4,59144515
Qmbxm1m5f6sHS1F1Mq6JPXvXGssYfvsjXmH4gYRTkHbGPe,ok 200,fail 403,text/html,1433
Qmc47A5CdQqwZp39J9DDh8x4wnuTpSR5QFJ8CM3jfeLrsc,ok 200,fail 403,image/gif,17839398
Qmc5b84zNCKGhwJ1GbBNujue4xNm1Wjc4NywXCHjkALJPe,ok 200,fail 403,text/html,320
QmcEPsprQUGJBXdDkm6QNnyqYyXyXJ5VBMPhPoff2yBAot,ok 200,fail 403,text/html,969
QmcLtLzmEpbwgQDW2rVJ1d9hwjFs3vHLTR1v1WCCvknDNS,ok 200,fail 403,text/html,597
QmcPiuicCm8jrwrXDP4SL8cEXcDiDPg3xRHAYbDBCbVY3U,ok 200,fail 403,image/jpeg,10011934
QmcRdNpGQn5rJPiqvbZFQeyR4x4Spj2BRmxbTjM9DxqfjJ,ok 200,fail 403,video/mp4,40948865
QmcSXvRdYC8ktYBXpNtrJV41EoDRCeNFDGxmwY33cYWF3i,ok 200,fail 403,video/mp4,5108922
QmcVyid7mStyaZMnYBow6WwEAb3hbZSDGgzLifZmCUvGr6,ok 200,fail 403,text/html,1431
QmcW5usKfrEDfRED5piU5piQZHt3Zps3LfJbvvEXC13fjd,ok 200,fail 403,image/jpeg,9637192
QmcY75WevXSAKBDENuiHv5ZVm9TjGzy1Nya31bTet99aQK,ok 200,fail 403,text/html,1099
QmcaUPqTp2mpb6o5CSAsJa6Hm4Xj1poU1x2sUbtQ7GFK7u,ok 200,fail 403,text/html,390
QmccKUyRv4yvLedsf7JL4nho4X2oU3PUcn6SiXmJKDZDJ9,ok 200,fail 403,text/html,320
Qmcewx1c9eEzi2kr7cC52o9LD4xbHj3sZ3FCoX9kkmtLVm,ok 200,fail 403,image/jpeg,10036988
QmcnW827n5nrtHtJkfqjCguayYZjmMCuW2DFNwHgYjUZcf,ok 200,fail 403,text/html,1433
Qmcptz9muHKmbDsHWKUvp2UacGjP8mhveZhjVqsgr3hgJK,ok 200,fail 403,video/mp4,153120232
Qmcv99USTJRYiG6sDYRioq8HK7oZHoDneAADyKxgJ4aLcd,ok 200,fail 403,video/mp4,2710474
QmcycfPUsnWJUEGeTVDwKG4e9NZyz8f6MtNca7EUKSAYuT,ok 200,fail 403,video/mp4,132574174
QmdD6DadG5GLqauBdhCwsbRRyxQA8zfUN8EMQwsnQdShRC,ok 200,fail 403,text/html,320
QmdNCZ4LorpRrbRBzbYtJHUhAv7LGNDnhPe1CBZVFpSnjD,ok 200,fail 403,text/html,969
QmdkL6eSHKmoJje77X3DT6izp95VNmruAmVsQBoEoSNx5i,ok 200,fail 403,video/mp4,93312055
QmdmL6Axtg4HGpRinkzYWKXW3QMFiuHZnrkeGmh7WoaZ8D,ok 200,fail 403,image/jpeg,8634605
QmdoAemWU9Gh6JzWxvJNFb8bkhkZ43LfrweX39BNusu6nE,ok 200,fail 403,text/html,3939
Qmdt5NDQkkbex1bMPUidxksBv3NrGLMyJHAgNv19F5Yvzg,ok 200,fail 403,text/html,632
Qme6kpHfLLQcY8d6UCsUp3vfJMt9VKTq1jktmT6hJ4Db7c,ok 200,fail 403,video/mp4,1149099148
QmeMpzXYK466siSha5AYZjognKxUwqdp5bpLvTxFKWeGDd,ok 200,fail 403,video/mp4,109592687
QmeaMhcDbizQ5KfbJGMq2NK6HMAbxE1gBfYyoBa9JtVY8Y,ok 200,fail 403,video/mp4,25733096
QmeasLSgQaDMEctFiQKN7f9AhgkADZbmWUexWjCWL49iFT,ok 200,fail 403,text/html,969
QmeeY7TX8mMvfBV2WyDahUa8U2gVytjzcrFs5qrXchVD7r,ok 200,fail 403,video/mp4,4319753518
QmefSHPAq5YEt3suS1qPgSHuFaQ8YEBSHzUPUZrR9RQkTW,ok 200,fail 403,video/mp4,160955467
Qmeg2NRTk9R2fTUmWnxqmjS4zXjYdYYrL4DaGbdrTxL8VF,ok 200,fail 403,text/html,1433
Qmeg64MmpGdNn1CEhcATuua49vKqtjcuTFMkyFZfvgz6cF,ok 200,fail 403,text/html,969
QmemE8HcJdCGeuMENiT3qGRNJLSZ5neD4i9HVPoA4uChrw,ok 200,fail 403,text/html,969
Qmf1SivPCEN5imvgP9xsMawzjypHhpNh1ox8UCLfdK6hZA,ok 200,fail 403,video/mp4,112079444
QmfKmWmrPM1utqRuWobE2SgUCAz6sYDaDAnecDmrovLDCB,ok 200,fail 403,video/mp4,95177330
QmfM6fvWUM62F1oDCmU2Z3ZXENeGwB27qYEhToNaZq8abu,ok 200,fail 403,text/html,632
QmfRgPbeMwETWpE7jxfkeKNqo69KmWjaiztc6DnGzkzBPe,ok 200,fail 403,text/html,1433
QmfSVdXfBWXRforFZgPgasKYoMBU2n212kPj53MEVmrgCp,ok 200,fail 403,video/mp4,1975904
QmfTvtohapC2cftQ1e51XsWKEQ7Q6weckjmi2FzUzTMWTP,ok 200,fail 403,image/jpeg,4340411
QmfUetCqJDrXm6F59Cv9jeFkhMAPpHYQjod4mApq6v89rF,ok 200,fail 403,video/mp4,13749134
QmfZwky2RWHH8qss3Q8oYpbvHB48qz4ZAsD55KXJY6MGpj,ok 200,fail 403,text/html,468
