cid,present_locally,pinned,note
QmNPkvjHutaJxxKUH6AGhfKPc6GcQWCCy7prruFbWtHfSR,yes,yes,
QmNS56YmVLUdR6G7UGtVZ3RAmwpg5z2UizXdNnh4bRmizh,yes,yes,
QmNXGnXFeAt2MmDDaNrLyiFRZLHStS4Bn2pP7LfjapYa9s,yes,yes,already pinned
QmNYjien2j8VLMgQWfDDXfTcXvct5jyGpZ63T6AbJPisui,yes,yes,already pinned
QmNbp2e8Yc35gogQM2mYL6yfyrbCY8XfqRmdXNjxywRZV9,yes,yes,
QmNdw8xS7Pczctt5oZh3gQCEHo7R6NBBtzg5raqWxVnxDg,yes,yes,
QmNdyGYcqyFipf6EGZDKiWKfFe2EELzsXBYRYWkTRDWxxa,yes,yes,
QmNg4oRauNNE63eUjmEzDRwqNv9v9apFpKST5RCw9L7ios,yes,yes,already pinned
QmNguuNpD7xbxq8dw8hJ4UXxXqNeaC7ek884CNY8awgQpW,yes,yes,
QmNhwoTP3dDwsJ8pC6zXBXkdPMPcwtKCKT1N9UfKwTWz4k,yes,yes,
QmNsi7wuJCkhGHTuX2FGh9V5j7KUAoqt9ziePYBc5t7R4G,yes,yes,
QmPGASiyyD2U1U3WbKj23gdKGAmzK1hiTAPTCBQC1NXrzo,yes,yes,
QmPLQxeoawB28VLQku9wJsi2yPb5MEKBB2xEu8YPhYK1jT,yes,yes,
QmPPGzFBgsrhJf3Zzg14sRULZwk6nEX1LynyBBeXYkp9BY,yes,yes,
QmPUrzaEv2wdx5AVMkZavztRdCfWrt92QSSi7JxSNFihfg,yes,yes,
QmPVJ4doAGvwP5dw91XQvMorDo3sLFqXvmKJh2c57wEyjm,yes,yes,
QmPW5mdcvvV5zUYJYtCqHPTqht6P3FBTnBVeoYPvA4ErkY,yes,yes,
QmPY6SBMZZ8C7iH8nZMxGwrHe2fQ3WGGo6dVJTAiPTZiGQ,yes,yes,
QmPaDUtmFUsmJHPqe4RxTabpMDZooXJhNsGSPxUQKEEgm5,yes,yes,
QmPcgDHx369wdPY3NBNtupWuvVcyKBShcWBZZdCiYLfciL,yes,yes,
QmPdf5mBTff32MBHYDjthymdFbB2b6oZvDXXugwP64m7cf,yes,yes,
QmPeBV2mAzAD2u3RVqfCE167YHk5W7h4K1arD1A3oCXGWN,yes,yes,
QmPnu7xZQxDPJkKSjyww4DU5M1hYnQooiq1FNUDLHE7TgT,yes,yes,already pinned
QmPrZteC886sQK1pUs4cqW8iit7vAvc7djfxB99XMTRCyE,yes,yes,
QmQFzJthsTEPWo2JjKfsbrQtdWtXA8yLcvr7fdLimCXiF9,yes,yes,already pinned
QmQHFYDp3xSfQJddWW6xLvcALKVdBfqDeKwSHbf6xxBcEJ,yes,yes,
QmQLSjvHRyC4KLT3Lh9NtNQ4on9NZrubhH7ZGYHrzu2eiE,yes,yes,
QmQLt91vJ8G2sjEgXDZksp25KGz4wmDEYjittb23XswKue,yes,yes,
QmQR8kDCtNCVAURmqmS4BpVz4guZSrc5YWgvuRX3Ap8XvM,yes,yes,
QmQZHpp8WSZ2B78rMFwjLLqn1gNhJpzFXMEzeD2iDHfVui,yes,yes,
QmQfGh4jf4Z6U54JumNBD98PbqrB12ej4cq83fcNhCiEvJ,yes,yes,already pinned
QmQjhdnigT5enK5bFgw6NpspftYgU4k3sh4mapQEKEmyt6,yes,yes,
QmQriaumxeJYrV6KobchgJjHxniPsTFEnit6Vh7bnJqYXR,yes,yes,already pinned
QmQvCBRnKoAC27rdqkxThapGgjGvMcaEvShbUMGhYCgjTs,yes,yes,
QmR8iExaHYfa4sNtvoxEwPkS5tb96SpBhsteyXkVNLWCj8,yes,yes,already pinned
QmRBFpQicuGZTcNTQpCfL6LgJ7o8y7uNZK7y3TCMJAG42F,yes,yes,already pinned
QmRPw8SwGNYMgN6J7WBX9iZzzNJzyKGWLoD5im6xAYeiw2,yes,yes,
QmRZAnbmYC3AESALn735JyZBbNqoRPxoWQJLJwFUBUN9pD,yes,yes,
QmRdpVpxhNfCjV2gewmm28Tq1YnTgFj7ksRyLKJ6ZHPARP,yes,yes,
QmRgNzWLpuyULdFFQzwFUw6PwV1K5XgddfFsWq39TZsWQm,yes,yes,already pinned
QmS7AgrQf16QxRZM9W1RwwyzFgUxwciTThtciZcFyLU33A,yes,yes,already pinned
QmSDxjdBG8NCFAKZve1ucpMFxsjJoebJe4UA8QXiLGrJfk,yes,yes,already pinned
QmSE3zQTCpz8sAQVYkEX2s2EaEqJJPj8A3G7CGPtsBd4W9,yes,yes,
QmSMJbu9HgMDxQvFBCYzWZhUhcM9RUVj5s1Wj9zAgKFN6q,yes,yes,already pinned
QmSQvVNYewqMSgawWxMMUcJ4jNL6CXiPdhFUg3HHLzU2AT,yes,yes,already pinned
QmSZD8Vay1tifC9kTHSQEssMqj8nLS16yBR9ZgkeGWZEa9,yes,yes,
QmSqHjDKrcRhbfsYQ9H9PwKFzb73FGdkG9qu14DZJi9baf,yes,yes,
QmSxaUSJvzQkFyMqvUiXncg3p6DJis6rTYyGeJDuszPnab,yes,yes,
QmSyA2mH8515ciRoQvZ7ioHVtuwmexcpJQixLAc6Yy3u99,yes,yes,
QmT1SxHnNDRDGR5JXj4LbnWjico8h692ugG6oZ59Y7CRXz,yes,yes,
QmT1kTS9gthiScH4MBDgr5QR15dfg1r1W6MHKeHzsMqfsd,yes,yes,
QmT6rgr5CyBDQTfyzh4BjRnKsBNLdvdcThJUYyG8GbMNcg,yes,yes,already pinned
QmT9xVUonvvSzSUpc7evkXobDxvW9YLeRc8Der1i1ywtvr,yes,yes,
QmTD6S72GxynxugGY6h2GRUQ85HXfQBD6TXAFNB3uuzYPD,yes,yes,
QmTKfCedJtFPjxMTAwJm4i6tz4icTtc6mQqMipKJFfshjt,yes,yes,
QmTM4ADBm2GnX5jdtHoXPgT3KmitfaE8fkXNZhG4dKwFiU,yes,yes,already pinned
QmTSCpRzwTjJoX7HnksunGL1BKvDrKqkaSLcvaLA9LYqvB,yes,yes,already pinned
QmTSEjeh9nd9sukK4mMVoc3NwfJXF8QwjnU6coPjv6MMjQ,yes,yes,already pinned
QmTTJtCxkSZfkDTvMHo7we5bdoXN8bX7yQSgmVYvCMyQdn,yes,yes,
QmTTQhvRbj3VFiQEZp5tgPpFVQtJ5HYdCBWcBvKCBGXL4i,yes,yes,
QmTUDoPy68ZkoxawFHE6AdxE1SqyScWmr4NcfWuYSCA3VG,yes,yes,
QmTWF8HSwQ2Z3HvEjwwjXRxZ4NU5fYSTr5rKiqNEdF9DPs,yes,yes,
QmTbTFvYum8uTGKYWoUtzKcKS2KMvkKCLH4z45Dh7UZAwM,yes,yes,
QmTghJHJhCGnKPem247yBQf7BgTMVchzskEH4hGWaVaQMK,yes,yes,
QmTkTdpHML2nP6E5qsjdDrXXm5Ti8VrRKfnULH9aagjpoa,yes,yes,
QmTkYEhG36KbuSmr3SqGfFsqSTiwa6pn6NnzJx63epr6nL,yes,yes,
QmTnPFnzVRUcw4bTYQCNmSWSSJW2HKFSxvd6WVrzK9L1p8,yes,yes,
QmTzNhZYPcAKVVyLNMvaJVfXQjuc8Z56QQ2fLWSUkW9QJa,yes,yes,
QmUGirRRVmZT6WWzWGtFX1ZULEc5VonWUPpiXxPAAoRNu1,yes,yes,already pinned
QmUKwy9bTQxxTQYY14jHGmarUAdvAju314RTFtphpCsJrk,yes,yes,
QmUN59VpheJGEpYQw7mmgMrFFHNaqGuurR7Vs11WFE191u,yes,yes,
QmUTJ8DjwFrKikWbFnS6rt11QkhbcAaBWubUWWgkDrz2xV,yes,yes,
QmUW9PWAEKwwr2wYHEjZSbypF7bCDTtpbuERHBJVNPWXAK,yes,yes,
QmUXzFaZiCbJ42o53CKzJ9WtjHBTJpVABCcNsmREP63nng,yes,yes,
QmUoCLoJeR2FfiX6eaWsNbqhYzXvjRitJUpw7Q758YUBrr,yes,yes,
QmUpe8oqG2qCPtU8EjW4v6b9LCJ5yqosKuA63ccidsXQfo,yes,yes,
QmUqGjHuDEsfMdY2g5beRmjf2hxX3wkyp3WGJvTqfRmyHf,yes,yes,already pinned
QmUrcjXbsgksPgj8fCTz7qWWdcYwJ5iFxRxQ44KSJFSMte,yes,yes,
QmUtwde1C2Ya9sr47wpvdHTrzHWbqen1ApfhpPLjgDmxum,yes,yes,already pinned
QmUzzH7hfiNpEMXYwvg32PTFUsvFPiLQdR8knFamFWQWUS,yes,yes,
QmV4Kd6KsNPzR7ogynsSP3an3yHt3fJ1CiK6AtupAWUWcE,yes,yes,already pinned
QmV6HQ6Y9zy1j65UgEa2BnThWGAg6ENMBNsK18S37mzdss,yes,yes,already pinned
QmV9SLd21GNSgzE5UgYNwmfTmMXeme87aZYSn1ehpkMCJc,yes,yes,
QmVYjfpzjNsxbZcZu5UKwWvcs8LsqAmHMTAUxY8LBPE8es,yes,yes,already pinned
QmVoeZzGkQPsjh6Em2XvM1aEsQZ4WM9Fb7zKS5Pgh7inUX,yes,yes,
QmVrcB7TQvXyyxRfxa6VoLTnoxWweQs8EC3sezMxupbRH6,yes,yes,
QmVxHxTzCiqBitFw1bzaBKoxjREoNum3t7cb33sbSEfLup,yes,yes,
QmW1DNhbYaSU2qSGkpn1Dxobnw6UuKms2YkJivrtEBoZzA,yes,yes,
QmW2QECBFzPi1kCw8KFUWZPMaqbVqQKmY6p7QtMeniazsy,yes,yes,already pinned
QmW97G7Xofc8AV4MwUGuv1zNcCFrvg5wtxyHCEimXsvwGn,yes,yes,
QmWFoPm6PkTF6aWTDKG6JgAbZHL7XuCrHQpHGxXRHS3U9B,yes,yes,
QmWMDffB5cW4cbG7zZLY1h7EWCQWaDa2jAnPvnMwpsFfPP,yes,yes,
QmWSzRA6MPxFPUMeL6AJGPN1JUwdemhkuczDwpummgBxCS,yes,yes,already pinned
QmWXMDiVVKMWSTAWnZXE5tFTHeoA28ZdbWyY588NpQ3bcD,yes,yes,
QmWXryqMFPxFfxmzXik8r5hM4ksVCaJaRap6aGH9kf2ZJQ,yes,yes,
QmWY2RoHe7wpyRoKa82XS3mS4SjQw3pRL19iuuTXATLMhF,yes,yes,already pinned
QmWdRQaapLKx6kRDRFY9ZgsQhyc1Uzg3bXLL2q2zja9HVJ,yes,yes,
QmWwZoKXXDDnznQEG1hx2mpuXuLUxLoFXMg4ZCtFbefQJk,yes,yes,
QmX6sjzj2sVq2fndLmSMjrfnZsTLP7U2bNQ6PyrSHhCHHG,yes,yes,
QmXEGJkmpezFQ4tkmJP6XP9b28U6AxzGumqDXbVacaeuE3,yes,yes,already pinned
QmXGNsZzbSxCnqsc62C6tSkS7wqJ1E6pWHESNzSKZCBoZ3,yes,yes,
QmXHf8NsjM6c15w2igE16ZbFf1MwA6yPuLPEzWD9G9GHsu,yes,yes,
QmXSQHstWtEUdLqD9YRWXkGw8AAUCgGy8W478LwjPzn7SL,yes,yes,
QmXbeaLFVdA8tHCHjTnLYZpJ66VLXZ75AoMyN22qayYwLU,yes,yes,
QmXepMmuTBgzpYbVJvRC3kHvKGgH3NiApZjxuCPcuBYAUQ,yes,yes,
QmXfeyTYVKkmF3HsdJYM6GAsUEVctUAcQhzCAXM9qg5xGH,yes,yes,
QmXmrxkqfxSxBUBDiYukFNqwTn7Yse4W4DmXs2RLEUCt4Q,yes,yes,
QmXs9Z4WFY19c3xQvjxDLgmfGAwJNDJyfdv56hA6jprNKH,yes,yes,
QmXxQajhaJ1YTaGMwpTmRNYozNQDedMSo85VaB6j7vxtdD,yes,yes,already pinned
QmYELtb4TptdmEmd2fW4D8U9KTzVmY8y65VWQJFWLec6bE,yes,yes,
QmYGhvEXfGvbieCPwFht28ortwJiJyPnzNRj76NQhhhatr,yes,yes,
QmYLeTmRvE1AnbodBT7ZKPYAnqJt5CqheXRoP6a2rW6nK7,yes,yes,
QmYPDh2AjXJnQgLE18JDXsnLZKyVapPPAFLXe8A5uzTUTz,yes,yes,
QmYSfGUCXryce1cWSVAxbtXemwhPgovqgzx9AtoBKdTpMM,yes,yes,already pinned
QmYWXBvER5WNHFUrqkYkn9LbNwPdcq8uuSKXHZnAYmAfNy,yes,yes,
QmYaUMzomYyxAtHxzst8R9irpMDsQdEi6zpLiSfGeVaNQm,yes,yes,already pinned
QmYePtKjhbm6y3cxgrVFdVi9UTV3hqDqRCzXynRE7dBRTL,yes,yes,
QmYph3AnoCju6g2P4uPhjzvdQzStLFxmYaNQTcSpiuDSWE,yes,yes,
QmYv7rjfHPS5Nir6x8rzMSEoqJYyeW2P53qhTaAP6LcQAt,yes,yes,
QmZBpUSEWPvjiqaSEv3a72C2wxDKNcDHadKSmQSKrBLKs3,yes,yes,
QmZLqnLN9oWbMSDGNjCX11E7yuMMTNTkZavrW1nPH59HNS,yes,yes,
QmZMG411dhJFnX4gnASvqggDEaN7FGJuXrSJuifahJe41E,yes,yes,
QmZZ6r2EspBbA7KwJbZq3q2ULS2No7Z2CtKtH2MarHS6Jv,yes,yes,
QmZesP4NNbWDWw8p1PaApzZmkC5FQDyKKrQWfKH8htDvnT,yes,yes,
QmZfUeqT6qutJnRCd4AKt7zu22NCMMJ87EXeXbQ7a9hQ2D,yes,yes,
QmZmWpPnvpV2rYW9Qt6awth9JQa22Va2iWzbEhuE93oEW7,yes,yes,already pinned
QmZtBxWfBD7ZfeaapPD7vwcx2vMbRpqw9iHau9aQq2afas,yes,yes,already pinned
Qma5xyMLsQFnhwTDK9oT7Wma2vMX9xcAeWaXDa8f86iwke,yes,yes,already pinned
QmaDDigZwh4UK5AU2RA8oeJ9C9G4tsMkbzqhJiSzkpTmyW,yes,yes,
QmaEuk9fmstKc62SNkLVQ49NL3LEKERJtfEQs9rJpWMxKf,yes,yes,already pinned
QmaKBEcVPY18Ahkww9zbmz7grDPUp6aHdCCFkTQwd3wyA3,yes,yes,
QmaNhm9tdcqfvXZYMhyWokEQM9c9vGL1DQyai8qqhrB747,yes,yes,
QmaR5RFAk3MXt1M4K5kMiR7vyXurZGGCK534hvvz17hJ2p,yes,yes,
QmanDJ8oLSNZBgJf4YvnJfzD4sTJn7butDLYNMmjpfkPbC,yes,yes,
QmaoZgWY6C891gkDxxvMw9P9FX6BbEjzYS4X8CGFZxBMgu,yes,yes,
QmaqJmizyx4unDndQXR55UVFeA4FzGtdTBCAs23DRMFYma,yes,yes,already pinned
QmaqcLSrHGEAxy5YqmT68rAri6jHjXM8CRTd3XxtoveZKa,yes,yes,already pinned
QmasrkXk6AHUpd3XB24CitJEdxBtDsanR5wtxWEh5dA9zU,yes,yes,
QmauT6LbRCSPFzBSv7kqCNbkyoiYyW3H5ofqNc8GoETvag,yes,yes,already pinned
QmawfKivNwL8VM8JWbz9TWdV6he2TTWVDRXJz5PYyT8eRs,yes,yes,
Qmazw41DtQedUVYCFJn98uZW6xqo9s11vDu3MVqKvSWKyU,yes,yes,
Qmb7qAQJy4oBFLVH7nGfrSJWxLX8h9AhY4f2W4zWvYuyJ8,yes,yes,
Qmb9aZfNHHysvgmHk8GdGZLhBfQqPGYswdFRfGHNadqXRF,yes,yes,
QmbBE2Vb8za7ZoQLeVTpppWNvDmoq1kKszqMZfhPnBn7FR,yes,yes,
QmbBj9Gp3uPm5ZujoiMzcLjrbtutCWBro3eL6GebkADifQ,yes,yes,already pinned
QmbBrPWxctPDwjzA5KayhfYk134QuKucAaHib6G4dzFc2w,yes,yes,already pinned
QmbGaK1y2pZgm5me879QcdAUvNn5MzDtNTHP8Y75pwT8UL,yes,yes,already pinned
QmbHfhCUE73NQLkSJkCmkYeaiSTZRqCrj997QjBwqth2AZ,yes,yes,
QmbM6xrRn3ij2fBsCXfEEXCzybHKmeXuu49mgGrMeJfu9A,yes,yes,
QmbQ1vjaRd2iicsQto5NKqdUGXU2Uxz2RXR5hZBdHhkeF9,yes,yes,
QmbSvmZLA8bUN9ogxLGSgc5VJVUg8tSoAz1ZuZkwsdSPsC,yes,yes,
Qmbaqd5VAQ1badFWEA7ZYhEALJLYN5zvJqaRtjvLYNLNzr,yes,yes,
QmbbjF7R1iut4nyj6Lgx3ZbcL9YSgPwUQojFTeKULDAJk9,yes,yes,
QmbejEU7gwsZAqPJ5JLYQgj9Xt4oYVrqBFbsoTGrxuGLX4,yes,yes,
QmbgokdKgk4eTDs3aquegknk6HiT8JmkKeZSBqmRNSwaa3,yes,yes,
QmbmP72yePyajVnjPSgGN3mD6eFvbg43KKMoYico65s2hN,yes,yes,
Qmbq22G5V4gpEBmGHqgARsFKtd8n2EkoSvMoFZFodEduVx,yes,yes,already pinned
Qmc3rFjfYKAFopKKj1epdDbJRAGMw9jCd4rfhPv67P4Wyx,yes,yes,
Qmc87jmzN4oAMypx9yHk61w3CCniCcQ2VJwPfWEwzGMjzm,yes,yes,
QmcE3zwvKZwfXR1YCAy8sKAxQ9iYEfVvUd4fahRyiXQM2s,yes,yes,
QmcM7jJ4818dSPGpKwL9b6rzP6Bc7YnkASTdqAHT6BFGYs,yes,yes,
QmcMkBorLLywH4S5befeC1VjZ4GiUgRRhiDz6YfBjP2DMK,yes,yes,
QmcNpD61NmRNTvwgKxTbyfJs1mBsLS2nYiNacajW85PFMV,yes,yes,
QmcYZCfAKHmVhcM5Q4AGeDFxdfDmuUgi3rPkDKXdn13SbV,yes,yes,
QmcnnqECpmgePzauAebHwfJb2YM8oyM1CpoFoU1VNnspeW,yes,yes,
QmcrZomqnEzNxEMrv6sWqZAvDdrx5HTfDNdAb5pEqb5uJe,yes,yes,
Qmd3f8PTqvjZeV6k1TvVR5SUynV9EzMGiJpiagMCPqvQie,yes,yes,
QmdRVWJFkwdy9YCneUB5YtsrYXcTPRPS52JnFjStVqG7pQ,yes,yes,
QmdYLEACAqvLKau3eMWQCH278GeU48kFcbY14aqgHwzQ6B,yes,yes,
QmdZ2UQ2fHYMARGNZNagr41tEHKLsBAUKDZbp6vErymUSV,yes,yes,
Qmdavuf3ALUKbRgAQw6f3NpJb9Z4xz4UD5pnxEoU2WfqM3,yes,yes,already pinned
QmdiqxJw3CczHTujpLnn9NqyidWLVfiAeXonmi4nXKwkgr,yes,yes,already pinned
QmdkPTCqu5MdTQMQB7vXCFUZKfLffuqrZ4fqMsJ6k75Fck,yes,yes,
QmdmQJo2q47L7HzUgbVemGMo9Nxeskd1QidJ5kMjWYY2DR,yes,yes,
QmdmtkPLNPntZFv54GZCcmwvF7snaS9skB2vSfqLjYzR5N,yes,yes,
QmdvXMVn2xzWqGKPfuPCqJwFJyA2wpJJpL246BkYS4q2w1,yes,yes,
Qme5Jb3QoxrbHPxjMXsRcKfW5iGVnjeBzh5kTBRGYrtRsJ,yes,yes,
QmeCGU5LFhTEzwgAFsnzxPnUbDJz4NZZYrjVrxVjtu5evm,yes,yes,already pinned
QmeFtiyhrjnyuaBBJzntr5vUetRKStBgxwbViNDMVZrmVT,yes,yes,
QmeLt7fa858Yz6Jpk5bzXqwSFm28pbb4sqh2Arp9D4U1Fx,yes,yes,
QmeN6NrRfNSXpiCazWGVbZycLhR14kMvEJ1ErMDBVXwqNh,yes,yes,
QmeRPCGiskdbYC6dCzyVX2mtdUbTWBuV2DMAGTcLAJR4HZ,yes,yes,already pinned
QmeXgkCiiWKBxMZpAsHbz6bg5HcemqMDUW4uFkHSz5mdgY,yes,yes,
QmeZyFMwQUxpL6BDorjUTd6dBdMhkNLECmgmEei8j3STYY,yes,yes,
Qmee4CQn7FcAkTsYnhV8EBMuv2QbfQaQLKkvqSRQNFZeCj,yes,yes,
Qmeqbn6dXcgdfodDGGR1KBDJWZ1qPCBwvpVCKxckbVTeDv,yes,yes,
Qmf2VUC1cmo4aGWwGK6smNwxfvGFBikiFBvr49VfCPi7Un,yes,yes,
QmfAdgAhPFZgK745EKvCx4mqYWZoEhUjnW9yyWdSu23dKS,yes,yes,
QmfDNQRUc6wjSzwwFQf4m1wAMnm725fG6g6b4ABhiRNprX,yes,yes,already pinned
QmfEhBxyeomxb7FLGAnPvwDnjiC6Jtq1Rg2PV9HqNW7gFf,yes,yes,already pinned
QmfEmMuPnuiWg9YBYBSGyx2TcSfSVwYAPJWq7waz7wbBvD,yes,yes,
QmfGvVXZb4auSv6AVk62T1ekZNDKyuf7nYdkX8ZCUHb7Cd,yes,yes,already pinned
QmfNQs9mASTTqyiydE9kbknxeiR4m95jCtpVsW51o4MwKz,yes,yes,
QmfQyK6YuqfsjZhMkvFn8QkyKwZXZby6KqNyczLBNgErin,yes,yes,
QmfRvoTQLkxvdcdCe9dRBdKKCJNMCU6PMswrSbwQzfjGZ8,yes,yes,
QmfSfA7CZBSHBb493fkWGmAzoV5rVqrxKb9q8xWy1QyYmE,yes,yes,
QmfWouVgMqmBeQjVbNfoasSgbHj2AkPf8NdpwsmD4bSAdQ,yes,yes,
QmfY1Aj7xnRXfgLNACfZEB8QnyW3UfdFoVsf2wSzCHRXxa,yes,yes,
