category,opensea_slug,contract,contract_mentions,other_addrs,http
2_v5_special_project_awaiting_freeze,arcadia-by-andres-reisinger,0x4200000000000000000000000000000000000006,27,0x3bcca9ea3836456a9a2eb27b051b0fa28614667a:13;0x265bb2dbfc0a8165c9a1941eb1372f349bad2cf1:6;0x82af49447d8a07e3bd95bd0d56f35241523fbab1:3,200
2_v5_special_project_awaiting_freeze,chromatophores-1,0x4200000000000000000000000000000000000006,27,0x393f21c615314a346c383cce4d708a8ee270a312:13;0x265bb2dbfc0a8165c9a1941eb1372f349bad2cf1:6;0x82af49447d8a07e3bd95bd0d56f35241523fbab1:3,200
2_v5_special_project_awaiting_freeze,coral-arena-by-oma-shohei-shigematsu-charlotte-t-1,0x86f66c89aab96cc08c5e360974f2a33e8521b88e,79,0x4200000000000000000000000000000000000006:27;0x265bb2dbfc0a8165c9a1941eb1372f349bad2cf1:6;0x552076b9202570cbb461cb2aa232efc12b2b160a:6,200
2_v5_special_project_awaiting_freeze,coral-arena-by-oma-shohei-shigematsu-charlotte-tay,0xcc08d6a573d05e34b34a0440982798db20b3df98,37,0x4200000000000000000000000000000000000006:27;0x265bb2dbfc0a8165c9a1941eb1372f349bad2cf1:6;0x3025430ae8a81cd13e3d0969b1093f8d82bbbd7d:4,200
2_v5_special_project_awaiting_freeze,coral-rd-by-leandro-erlich,0x4200000000000000000000000000000000000006,27,0xa507077d630665334cd8dc62a5fa3614000e099e:14;0x265bb2dbfc0a8165c9a1941eb1372f349bad2cf1:6;0x82af49447d8a07e3bd95bd0d56f35241523fbab1:3,200
2_v5_special_project_awaiting_freeze,effets-de-soir-by-quayola,0x2ae96770e163b048eee28e73efb374b1303b207f,101,0x4200000000000000000000000000000000000006:27;0x265bb2dbfc0a8165c9a1941eb1372f349bad2cf1:6;0x552076b9202570cbb461cb2aa232efc12b2b160a:6,200
2_v5_special_project_awaiting_freeze,hall-of-visions-by-pilar-zeta,0x22fd0c0c719745742ee4c822bf16e03bbb421305,489,0x552076b9202570cbb461cb2aa232efc12b2b160a:40;0x4200000000000000000000000000000000000006:27;0x265bb2dbfc0a8165c9a1941eb1372f349bad2cf1:6,200
2_v5_special_project_awaiting_freeze,jardins-dete-by-quayola,0xcc063e7e05a7fef0fd9fa09e140c7899aa7120fc,37,0x6906f2f1591e22ca320330712af68288efc2426d:36;0x4200000000000000000000000000000000000006:27;0x265bb2dbfc0a8165c9a1941eb1372f349bad2cf1:6,200
2_v5_special_project_awaiting_freeze,mushroom-cloud-by-nancy-baker-cahill,0x1080af531dacedc66a1911651e2b29506becfe33,489,0x552076b9202570cbb461cb2aa232efc12b2b160a:43;0x4200000000000000000000000000000000000006:27;0x265bb2dbfc0a8165c9a1941eb1372f349bad2cf1:6,200
2_v5_special_project_awaiting_freeze,mvp-generation-1-32-versions-by-jonas-lund,0x4200000000000000000000000000000000000006,27,0x69a7f2671598102331ccb44240f88f4b5f85e7e3:14;0x265bb2dbfc0a8165c9a1941eb1372f349bad2cf1:6;0x82af49447d8a07e3bd95bd0d56f35241523fbab1:3,200
2_v5_special_project_awaiting_freeze,odyssey-by-andres-reisinger,0xfd79fb1749b72f04a5a956d93182cf75c6667dcd,85,0x4200000000000000000000000000000000000006:27;0x82d12d3d77d32fef87fb3b7de3c93fe3bb0a0a6e:14;0x265bb2dbfc0a8165c9a1941eb1372f349bad2cf1:6,200
2_v5_special_project_awaiting_freeze,social-sacrifice-by-drift,0xb1676ce832c0d47a39f79db7ad8698fcbd38cbb4,488,0x552076b9202570cbb461cb2aa232efc12b2b160a:45;0x4200000000000000000000000000000000000006:27;0x265bb2dbfc0a8165c9a1941eb1372f349bad2cf1:6,200
2_v5_special_project_awaiting_freeze,sphere-in-open-platonic-solids-by-joanie-lemercier,0xe96ae79a97fc839a1ab7c6382cc8f547c43d1d71,73,0x4200000000000000000000000000000000000006:27;0xfebc1c8ba6e737196ac1d744153a6b76b0c16333:12;0x265bb2dbfc0a8165c9a1941eb1372f349bad2cf1:6,200
2_v5_special_project_awaiting_freeze,stone-speaks-by-nancy-baker-cahill,0x4200000000000000000000000000000000000006,27,0x78c08a730d63a14305c1b0cde46a9d6233f4d458:14;0x265bb2dbfc0a8165c9a1941eb1372f349bad2cf1:6;0x82af49447d8a07e3bd95bd0d56f35241523fbab1:3,200
2_v5_special_project_awaiting_freeze,the-adventures-of-minoriea-by-auriea-harvey,0xdb8acab6e01a9a217f9cbb377510231045a24d5c,193,0x4200000000000000000000000000000000000006:27;0x552076b9202570cbb461cb2aa232efc12b2b160a:8;0x265bb2dbfc0a8165c9a1941eb1372f349bad2cf1:6,200
2_v5_special_project_awaiting_freeze,the-wither-by-andres-reisinger,0x4200000000000000000000000000000000000006,27,0xb986e7f84f20db1cbf2f96c54f58e7c2dfaac9e5:13;0x265bb2dbfc0a8165c9a1941eb1372f349bad2cf1:6;0x82af49447d8a07e3bd95bd0d56f35241523fbab1:3,200
2_v5_special_project_awaiting_freeze,what-lies-beneath-tipping-point-by-carlos-betancou,0x4200000000000000000000000000000000000006,27,0x5ca5789de0e9aac2a5de5689064727c4d1cd5e6f:14;0x265bb2dbfc0a8165c9a1941eb1372f349bad2cf1:6;0x82af49447d8a07e3bd95bd0d56f35241523fbab1:3,200
3_bound_to_uuid_not_in_your_mapping,a2p-v1-220170168,0x4200000000000000000000000000000000000006,27,0x265bb2dbfc0a8165c9a1941eb1372f349bad2cf1:6;0x82af49447d8a07e3bd95bd0d56f35241523fbab1:3;0x5555555555555555555555555555555555555555:3,200
3_bound_to_uuid_not_in_your_mapping,a2p-v2-803071362,0x4200000000000000000000000000000000000006,27,0x265bb2dbfc0a8165c9a1941eb1372f349bad2cf1:6;0x82af49447d8a07e3bd95bd0d56f35241523fbab1:3;0x5555555555555555555555555555555555555555:3,200
3_bound_to_uuid_not_in_your_mapping,artificial-natural-history-1,0xfed46f583c3f61a5b48882c5af56a94a5f096f12,39,0x4200000000000000000000000000000000000006:27;0x92152733cec744c049ea7629f4cbd7af7c43c9f7:27;0x1122090627b3bc98f2a1c5f1eb1ef78d7628f7ac:10,200
3_bound_to_uuid_not_in_your_mapping,breathing-language-by-andres-reisinger,0x9d611547e79653c008f31462780fa2aa8838ce8a,27,0x4200000000000000000000000000000000000006:27;0x90a6ca6b6f7c3c1daf738b0780a4be9c6e7893cf:11;0x265bb2dbfc0a8165c9a1941eb1372f349bad2cf1:6,200
3_bound_to_uuid_not_in_your_mapping,collide-2,0xfa95bf4c4cb0f1cc6e86191218f89b84d03e1a59,36,0x4200000000000000000000000000000000000006:27;0x265bb2dbfc0a8165c9a1941eb1372f349bad2cf1:6;0x82af49447d8a07e3bd95bd0d56f35241523fbab1:3,200
3_bound_to_uuid_not_in_your_mapping,cosmos-simulacrum-rgb-7087313-353-371-by-casey-reas,,0,,404
3_bound_to_uuid_not_in_your_mapping,decohering-delineation,0x4200000000000000000000000000000000000006,27,0xb745a2cd00f7983c71134d6f713c4e8c003aff51:13;0x265bb2dbfc0a8165c9a1941eb1372f349bad2cf1:6;0x82af49447d8a07e3bd95bd0d56f35241523fbab1:3,200
3_bound_to_uuid_not_in_your_mapping,infinite-entropy-by-rafael-rozendaal-101460251,0x4200000000000000000000000000000000000006,27,0x265bb2dbfc0a8165c9a1941eb1372f349bad2cf1:6;0x82af49447d8a07e3bd95bd0d56f35241523fbab1:3;0x5555555555555555555555555555555555555555:3,200
3_bound_to_uuid_not_in_your_mapping,infinite-entropy-by-rafael-rozendaal-11629051,0x4200000000000000000000000000000000000006,27,0x265bb2dbfc0a8165c9a1941eb1372f349bad2cf1:6;0x82af49447d8a07e3bd95bd0d56f35241523fbab1:3;0x5555555555555555555555555555555555555555:3,200
3_bound_to_uuid_not_in_your_mapping,infinite-entropy-by-rafael-rozendaal-133208097,0x4200000000000000000000000000000000000006,27,0x265bb2dbfc0a8165c9a1941eb1372f349bad2cf1:6;0x82af49447d8a07e3bd95bd0d56f35241523fbab1:3;0x5555555555555555555555555555555555555555:3,200
3_bound_to_uuid_not_in_your_mapping,infinite-entropy-by-rafael-rozendaal-144950804,0x4200000000000000000000000000000000000006,27,0x265bb2dbfc0a8165c9a1941eb1372f349bad2cf1:6;0x82af49447d8a07e3bd95bd0d56f35241523fbab1:3;0x5555555555555555555555555555555555555555:3,200
3_bound_to_uuid_not_in_your_mapping,infinite-entropy-by-rafael-rozendaal-169858785,0x4200000000000000000000000000000000000006,27,0x265bb2dbfc0a8165c9a1941eb1372f349bad2cf1:6;0x82af49447d8a07e3bd95bd0d56f35241523fbab1:3;0x5555555555555555555555555555555555555555:3,200
3_bound_to_uuid_not_in_your_mapping,infinite-entropy-by-rafael-rozendaal-218602425,0x4200000000000000000000000000000000000006,27,0x265bb2dbfc0a8165c9a1941eb1372f349bad2cf1:6;0x82af49447d8a07e3bd95bd0d56f35241523fbab1:3;0x5555555555555555555555555555555555555555:3,200
3_bound_to_uuid_not_in_your_mapping,infinite-entropy-by-rafael-rozendaal-232159173,0x4200000000000000000000000000000000000006,27,0x265bb2dbfc0a8165c9a1941eb1372f349bad2cf1:6;0x82af49447d8a07e3bd95bd0d56f35241523fbab1:3;0x5555555555555555555555555555555555555555:3,200
3_bound_to_uuid_not_in_your_mapping,infinite-entropy-by-rafael-rozendaal-262761525,0x4200000000000000000000000000000000000006,27,0x265bb2dbfc0a8165c9a1941eb1372f349bad2cf1:6;0x82af49447d8a07e3bd95bd0d56f35241523fbab1:3;0x5555555555555555555555555555555555555555:3,200
3_bound_to_uuid_not_in_your_mapping,infinite-entropy-by-rafael-rozendaal-264564993,0x4200000000000000000000000000000000000006,27,0x265bb2dbfc0a8165c9a1941eb1372f349bad2cf1:6;0x82af49447d8a07e3bd95bd0d56f35241523fbab1:3;0x5555555555555555555555555555555555555555:3,200
3_bound_to_uuid_not_in_your_mapping,infinite-entropy-by-rafael-rozendaal-302103678,0x4200000000000000000000000000000000000006,27,0x265bb2dbfc0a8165c9a1941eb1372f349bad2cf1:6;0x82af49447d8a07e3bd95bd0d56f35241523fbab1:3;0x5555555555555555555555555555555555555555:3,200
3_bound_to_uuid_not_in_your_mapping,infinite-entropy-by-rafael-rozendaal-344927971,,0,,404
3_bound_to_uuid_not_in_your_mapping,infinite-entropy-by-rafael-rozendaal-410862407,0x4200000000000000000000000000000000000006,27,0x265bb2dbfc0a8165c9a1941eb1372f349bad2cf1:6;0x82af49447d8a07e3bd95bd0d56f35241523fbab1:3;0x5555555555555555555555555555555555555555:3,200
3_bound_to_uuid_not_in_your_mapping,infinite-entropy-by-rafael-rozendaal-432947191,0x4200000000000000000000000000000000000006,27,0x265bb2dbfc0a8165c9a1941eb1372f349bad2cf1:6;0x82af49447d8a07e3bd95bd0d56f35241523fbab1:3;0x5555555555555555555555555555555555555555:3,200
3_bound_to_uuid_not_in_your_mapping,infinite-entropy-by-rafael-rozendaal-47081377,0x4200000000000000000000000000000000000006,27,0x265bb2dbfc0a8165c9a1941eb1372f349bad2cf1:6;0x82af49447d8a07e3bd95bd0d56f35241523fbab1:3;0x5555555555555555555555555555555555555555:3,200
3_bound_to_uuid_not_in_your_mapping,infinite-entropy-by-rafael-rozendaal-514035998,0x4200000000000000000000000000000000000006,27,0x265bb2dbfc0a8165c9a1941eb1372f349bad2cf1:6;0x82af49447d8a07e3bd95bd0d56f35241523fbab1:3;0x5555555555555555555555555555555555555555:3,200
3_bound_to_uuid_not_in_your_mapping,infinite-entropy-by-rafael-rozendaal-54887,0x4200000000000000000000000000000000000006,27,0x265bb2dbfc0a8165c9a1941eb1372f349bad2cf1:6;0x82af49447d8a07e3bd95bd0d56f35241523fbab1:3;0x5555555555555555555555555555555555555555:3,200
3_bound_to_uuid_not_in_your_mapping,infinite-entropy-by-rafael-rozendaal-640102702,0x4200000000000000000000000000000000000006,27,0x265bb2dbfc0a8165c9a1941eb1372f349bad2cf1:6;0x82af49447d8a07e3bd95bd0d56f35241523fbab1:3;0x5555555555555555555555555555555555555555:3,200
3_bound_to_uuid_not_in_your_mapping,infinite-entropy-by-rafael-rozendaal-663525788,0x4200000000000000000000000000000000000006,27,0x265bb2dbfc0a8165c9a1941eb1372f349bad2cf1:6;0x82af49447d8a07e3bd95bd0d56f35241523fbab1:3;0x5555555555555555555555555555555555555555:3,200
3_bound_to_uuid_not_in_your_mapping,infinite-entropy-by-rafael-rozendaal-666682910,0x4200000000000000000000000000000000000006,27,0x265bb2dbfc0a8165c9a1941eb1372f349bad2cf1:6;0x82af49447d8a07e3bd95bd0d56f35241523fbab1:3;0x5555555555555555555555555555555555555555:3,200
3_bound_to_uuid_not_in_your_mapping,infinite-entropy-by-rafael-rozendaal-741956395,0x4200000000000000000000000000000000000006,27,0x0a5c44da5f71b884c16a195cec304f47ac0233cf:15;0x265bb2dbfc0a8165c9a1941eb1372f349bad2cf1:6;0x387c41b0b2f1128de44db1bcf8baad085f26392c:5,200
3_bound_to_uuid_not_in_your_mapping,infinite-entropy-by-rafael-rozendaal-862931466,0x4200000000000000000000000000000000000006,27,0x265bb2dbfc0a8165c9a1941eb1372f349bad2cf1:6;0x82af49447d8a07e3bd95bd0d56f35241523fbab1:3;0x5555555555555555555555555555555555555555:3,200
3_bound_to_uuid_not_in_your_mapping,infinite-entropy-by-rafael-rozendaal-879923387,0x4200000000000000000000000000000000000006,27,0x265bb2dbfc0a8165c9a1941eb1372f349bad2cf1:6;0x82af49447d8a07e3bd95bd0d56f35241523fbab1:3;0x5555555555555555555555555555555555555555:3,200
3_bound_to_uuid_not_in_your_mapping,infinite-entropy-by-rafael-rozendaal-96247000,0x4200000000000000000000000000000000000006,27,0x265bb2dbfc0a8165c9a1941eb1372f349bad2cf1:6;0x82af49447d8a07e3bd95bd0d56f35241523fbab1:3;0x5555555555555555555555555555555555555555:3,200
3_bound_to_uuid_not_in_your_mapping,machine-hallucinations-coral-artificial-reef-by-re,0x7acc33c09beec2c2636ec7d161e59b0582d78854,489,0xa42e1debeba42786a4d2b8226927291462271e96:102;0x4200000000000000000000000000000000000006:27;0x552076b9202570cbb461cb2aa232efc12b2b160a:15,200
3_bound_to_uuid_not_in_your_mapping,machine-hallucinations-coral-dreams-by-refik-anado,0x4200000000000000000000000000000000000006,27,0xd99b40c0a6d12463877839e88d7bf43c779ffe2f:13;0x265bb2dbfc0a8165c9a1941eb1372f349bad2cf1:6;0x82af49447d8a07e3bd95bd0d56f35241523fbab1:3,200
3_bound_to_uuid_not_in_your_mapping,machine-hallucinations-coral-generative-ai-data-pa,0x4ce2b581d96d264294d79d7c25f86b18d3a24d4a,489,0xa42e1debeba42786a4d2b8226927291462271e96:100;0x4200000000000000000000000000000000000006:27;0x552076b9202570cbb461cb2aa232efc12b2b160a:13,200
3_bound_to_uuid_not_in_your_mapping,neural-zoo,0x4200000000000000000000000000000000000006,27,0xe4a36a09ee456aba9de430f0488a782c04f5139d:14;0x10049dcae04c3f4b4afd9bebd96dba8adbaec170:13;0x265bb2dbfc0a8165c9a1941eb1372f349bad2cf1:6,200
3_bound_to_uuid_not_in_your_mapping,self-contained,0x6b7f2e36f2c4044d8a87b66beac7aff59460030c,66,0x4200000000000000000000000000000000000006:27;0x7f7096bf1ff2f0590be2db714b15474671c3043c:10;0x265bb2dbfc0a8165c9a1941eb1372f349bad2cf1:6,200
3_bound_to_uuid_not_in_your_mapping,take-over-madrid,0x5cf20fb8a4451f24b2c915f8929b8aff999f1044,92,0x4200000000000000000000000000000000000006:27;0x7f7096bf1ff2f0590be2db714b15474671c3043c:14;0x62b74395eac8ade7dfa9bd0849386899bf1b9595:14,200
3_bound_to_uuid_not_in_your_mapping,take-over-miami,0xbcb540b58e4e2b0e41e68b26b9dceab4e3b4c993,339,0x7f7096bf1ff2f0590be2db714b15474671c3043c:51;0x4200000000000000000000000000000000000006:27;0x62b74395eac8ade7dfa9bd0849386899bf1b9595:12,200
3_bound_to_uuid_not_in_your_mapping,temporally-uncaptured-1,0x4200000000000000000000000000000000000006,27,0xa61459a983ee69e25082a2f8d934e89e04d8f158:13;0x265bb2dbfc0a8165c9a1941eb1372f349bad2cf1:6;0x82af49447d8a07e3bd95bd0d56f35241523fbab1:3,200
3_bound_to_uuid_not_in_your_mapping,the-smell-of-pink-by-andres-reisinger,0x98beb1dc755571fd24408170b0cc26ac98137ecc,156,0x4200000000000000000000000000000000000006:27;0x2f4acb48bb2aa86d7b25e9181fa83b68b4cb8368:14;0x82d12d3d77d32fef87fb3b7de3c93fe3bb0a0a6e:10,200
7_unbound_unidentified,a2p-v1,0x3892f76ba32c77a1a04cb0bcd848d9472d859716,453,0x1122090627b3bc98f2a1c5f1eb1ef78d7628f7ac:97;0x4200000000000000000000000000000000000006:27;0xa741d850b8b4e684c6f78e9615bd5b33b37acfcf:22,200
7_unbound_unidentified,a2p-v2,0xc3ecd59ba5ec8dd2865dffce7bc7c2b60adb62bf,124,0x4200000000000000000000000000000000000006:27;0xb814f14996dd967a04e858ebe36120784ced4e36:11;0x82d12d3d77d32fef87fb3b7de3c93fe3bb0a0a6e:8,200
7_unbound_unidentified,aorist-art,,0,,404
7_unbound_unidentified,aorist-art-OGL0pJBKg9,,0,,404
7_unbound_unidentified,aorist-art-UrlC27plws,,0,,404
7_unbound_unidentified,arcadia-by-arcadia,,0,,404
7_unbound_unidentified,artificial-natural-history,0x4200000000000000000000000000000000000006,27,0x265bb2dbfc0a8165c9a1941eb1372f349bad2cf1:6;0x82af49447d8a07e3bd95bd0d56f35241523fbab1:3;0x5555555555555555555555555555555555555555:3,200
7_unbound_unidentified,breathing-language,,0,,404
7_unbound_unidentified,console-spirituality,,0,,404
7_unbound_unidentified,crystalline-work,,0,,404
7_unbound_unidentified,dataland-rainforest-wef-2024-memento-qe4DQejUZf,0x4200000000000000000000000000000000000006,27,0x265bb2dbfc0a8165c9a1941eb1372f349bad2cf1:6;0x82af49447d8a07e3bd95bd0d56f35241523fbab1:3;0x5555555555555555555555555555555555555555:3,200
7_unbound_unidentified,ex-nihilo,,0,,404
7_unbound_unidentified,graph-60-oQGYerV7Uv,0x4200000000000000000000000000000000000006,27,0x265bb2dbfc0a8165c9a1941eb1372f349bad2cf1:6;0x82af49447d8a07e3bd95bd0d56f35241523fbab1:3;0x5555555555555555555555555555555555555555:3,200
7_unbound_unidentified,liu-renopata-n-patterns-of-flow,,0,,404
7_unbound_unidentified,net-evil,,0,,404
7_unbound_unidentified,one-to-zero,,0,,404
7_unbound_unidentified,opening-celebration-refik-anadol-unsupervised,0x4200000000000000000000000000000000000006,27,0x265bb2dbfc0a8165c9a1941eb1372f349bad2cf1:6;0x82af49447d8a07e3bd95bd0d56f35241523fbab1:3;0x5555555555555555555555555555555555555555:3,200
7_unbound_unidentified,peer-to-peer-launch-party-exclusive,0x4200000000000000000000000000000000000006,27,0x265bb2dbfc0a8165c9a1941eb1372f349bad2cf1:6;0x82af49447d8a07e3bd95bd0d56f35241523fbab1:3;0x5555555555555555555555555555555555555555:3,200
7_unbound_unidentified,scattered-limbs-monument-01,0x4200000000000000000000000000000000000006,27,0x265bb2dbfc0a8165c9a1941eb1372f349bad2cf1:6;0x82af49447d8a07e3bd95bd0d56f35241523fbab1:3;0x5555555555555555555555555555555555555555:3,200
7_unbound_unidentified,scattered-limbs-monument-01-by-peter-burr,0x4200000000000000000000000000000000000006,27,0x265bb2dbfc0a8165c9a1941eb1372f349bad2cf1:6;0x387c41b0b2f1128de44db1bcf8baad085f26392c:5;0xb47e3cd837ddf8e4c57f05d70ab865de6e193bbb:5,200
7_unbound_unidentified,sound-machines-1,,0,,404
7_unbound_unidentified,superbridge-summit-dubai-YU3mVK9HQu,0x4200000000000000000000000000000000000006,27,0x265bb2dbfc0a8165c9a1941eb1372f349bad2cf1:6;0x82af49447d8a07e3bd95bd0d56f35241523fbab1:3;0x5555555555555555555555555555555555555555:3,200
7_unbound_unidentified,temporally-uncaptured,0x4200000000000000000000000000000000000006,27,0x96f6ba69671e3cbc2b532727d892efd030548f0f:25;0x265bb2dbfc0a8165c9a1941eb1372f349bad2cf1:6;0x82af49447d8a07e3bd95bd0d56f35241523fbab1:3,200
7_unbound_unidentified,the-smell-of-pink-by-andres-reisinger-1-yU8bUifpnY,0x4200000000000000000000000000000000000006,27,0x265bb2dbfc0a8165c9a1941eb1372f349bad2cf1:6;0x387c41b0b2f1128de44db1bcf8baad085f26392c:5;0xb47e3cd837ddf8e4c57f05d70ab865de6e193bbb:5,200
7_unbound_unidentified,unsupervised-machine-hallucinations-moma-by-refik,0x4200000000000000000000000000000000000006,27,0x265bb2dbfc0a8165c9a1941eb1372f349bad2cf1:6;0x387c41b0b2f1128de44db1bcf8baad085f26392c:5;0xb47e3cd837ddf8e4c57f05d70ab865de6e193bbb:5,200
