"contract","exhibition","series_id","series_title","explicit_uuid","effective_uuid","state","collection_name_base"
"0xe59B7D60d7d7183E09d8ABb6DF8B20EB4CF66632",BLOOMCORE,a00f828f-f402-42e6-b382-0d99e7881da7,BLOOMCORE,,a00f828f-f402-42e6-b382-0d99e7881da7,FALLBACK(series.id),BLOOMCORE
"0x6003994adECA13407E8dbEE808280CC3EF2ab820",BOOM TOWN,dd833c02-3847-40be-ab08-20d574aad3b9,APARTMENT BLOCK,"24e7d8fd-01b9-4673-9f46-6f69118feda1","24e7d8fd-01b9-4673-9f46-6f69118feda1",FROZEN(explicit),BOOM TOWN by Peter Burr
"0x6003994adECA13407E8dbEE808280CC3EF2ab820",BOOM TOWN,fa38844a-ecc1-45be-b260-ceab60504697,EMPTY LOT,"24e7d8fd-01b9-4673-9f46-6f69118feda1","24e7d8fd-01b9-4673-9f46-6f69118feda1",FROZEN(explicit),BOOM TOWN by Peter Burr
"0x6003994adECA13407E8dbEE808280CC3EF2ab820",BOOM TOWN,"949ddc52-1007-4f79-a355-e287a7b55fc6",FACTORY,"24e7d8fd-01b9-4673-9f46-6f69118feda1","24e7d8fd-01b9-4673-9f46-6f69118feda1",FROZEN(explicit),BOOM TOWN by Peter Burr
"0x6003994adECA13407E8dbEE808280CC3EF2ab820",BOOM TOWN,"4c2da678-ac66-4b85-8fd5-75fc26ba0a5b",LUXURY HOME,"24e7d8fd-01b9-4673-9f46-6f69118feda1","24e7d8fd-01b9-4673-9f46-6f69118feda1",FROZEN(explicit),BOOM TOWN by Peter Burr
"0x14a62abFEC0e09159fBE9c050F3B03044fC7ea52",BOOM TOWN,"7b70df63-d20f-44bb-9026-be9e824f0cf8",MONOPOLY SET,,"7b70df63-d20f-44bb-9026-be9e824f0cf8",FALLBACK(series.id),MONOPOLY SET
"0x6003994adECA13407E8dbEE808280CC3EF2ab820",BOOM TOWN,d9002d0a-d209-43da-b71b-f4a9c0024af5,OFFICE PARK,"24e7d8fd-01b9-4673-9f46-6f69118feda1","24e7d8fd-01b9-4673-9f46-6f69118feda1",FROZEN(explicit),BOOM TOWN by Peter Burr
"0x6003994adECA13407E8dbEE808280CC3EF2ab820",BOOM TOWN,d247736f-14d8-4e9a-8408-3f2328ae4459,POWER PLANT,"24e7d8fd-01b9-4673-9f46-6f69118feda1","24e7d8fd-01b9-4673-9f46-6f69118feda1",FROZEN(explicit),BOOM TOWN by Peter Burr
"0x6003994adECA13407E8dbEE808280CC3EF2ab820",BOOM TOWN,"8d857653-9b06-4789-bf98-b5646b0c3f47",SHOPPING PLAZA,"24e7d8fd-01b9-4673-9f46-6f69118feda1","24e7d8fd-01b9-4673-9f46-6f69118feda1",FROZEN(explicit),BOOM TOWN by Peter Burr
"0x6003994adECA13407E8dbEE808280CC3EF2ab820",BOOM TOWN,"9de55d58-68f1-455a-9a41-4296ecc56cad",WAREHOUSE,"24e7d8fd-01b9-4673-9f46-6f69118feda1","24e7d8fd-01b9-4673-9f46-6f69118feda1",FROZEN(explicit),BOOM TOWN by Peter Burr
"0xc4f0ee96676D3de800b9725eb628DE1C5a0CBea1",Chain Reaction,"91eda99c-03a0-4821-9726-eb9c31e12ab4",Okra Continuum,,"91eda99c-03a0-4821-9726-eb9c31e12ab4",FALLBACK(series.id),Okra Continuum
"0xc4f0ee96676D3de800b9725eb628DE1C5a0CBea1",Chain Reaction,"3a69abd1-7a86-4538-96ed-972252fc2ca0",Public View / Private View,,"3a69abd1-7a86-4538-96ed-972252fc2ca0",FALLBACK(series.id),Public View / Private View
"0xc4f0ee96676D3de800b9725eb628DE1C5a0CBea1",Chain Reaction,fb935df6-9ee2-4f45-aa0c-c31367aa6962,Seed Protocol - Dynamical Lunar Indigenous Time (DLITE) 43:28:22.0004124,,fb935df6-9ee2-4f45-aa0c-c31367aa6962,FALLBACK(series.id),Seed Protocol - Dynamical Lunar Indigenous Time (DLITE) 43:28:22.0004124
"0xc4f0ee96676D3de800b9725eb628DE1C5a0CBea1",Chain Reaction,"4a747b91-c7a5-41ea-a4a3-4b958d95ab00",Silva Ex Machina,,"4a747b91-c7a5-41ea-a4a3-4b958d95ab00",FALLBACK(series.id),Silva Ex Machina
"0xc4f0ee96676D3de800b9725eb628DE1C5a0CBea1",Chain Reaction,"5041f962-1cde-463a-a68b-8fc4b12acad0",Synchronicities,,"5041f962-1cde-463a-a68b-8fc4b12acad0",FALLBACK(series.id),Synchronicities
"0xc4f0ee96676D3de800b9725eb628DE1C5a0CBea1",Chain Reaction,f56c905f-1a43-4759-b110-a684805ac2b6,The Dorises - Oystercraft from silicon to saltwater,,f56c905f-1a43-4759-b110-a684805ac2b6,FALLBACK(series.id),The Dorises - Oystercraft from silicon to saltwater
"0xD156b0297f33Ddd706Ddeb018371FFDf02868e79",COLORS OF NOISE,"87d406ed-010f-4b76-91a2-41bcec98f51a",COLORS OF NOISE,,"87d406ed-010f-4b76-91a2-41bcec98f51a",FALLBACK(series.id),COLORS OF NOISE
"0x614d5475FE81ef4b6Dd8093b5C73EfEEE03167e0",Console Spirituality,"4538a452-7e21-46e4-bf3d-5b7cf1e08894",Angelcores & Heavenly Sprites,,"4538a452-7e21-46e4-bf3d-5b7cf1e08894",FALLBACK(series.id),Angelcores & Heavenly Sprites
"0x614d5475FE81ef4b6Dd8093b5C73EfEEE03167e0",Console Spirituality,"8379d2a7-575f-4cde-aade-18b2aa044f7e",Data Pilgrims 01,,"8379d2a7-575f-4cde-aade-18b2aa044f7e",FALLBACK(series.id),Data Pilgrims 01
"0x614d5475FE81ef4b6Dd8093b5C73EfEEE03167e0",Console Spirituality,a3613c63-074d-4aaa-847d-b23a77512a90,Dungeoneer,,a3613c63-074d-4aaa-847d-b23a77512a90,FALLBACK(series.id),Dungeoneer
"0x614d5475FE81ef4b6Dd8093b5C73EfEEE03167e0",Console Spirituality,"31452a50-518f-4620-9973-8f16da2fe57c","Uxkme / Morphogenic Angels: I know who I am, although I have forgotten who I am",,"31452a50-518f-4620-9973-8f16da2fe57c",FALLBACK(series.id),"Uxkme / Morphogenic Angels: I know who I am, although I have forgotten who I am"
"0x614d5475FE81ef4b6Dd8093b5C73EfEEE03167e0",Console Spirituality,"45095426-61c8-40d1-b985-713062620744",Xibam / Eternal Nurture: Sometimes my spirit runs away from me,,"45095426-61c8-40d1-b985-713062620744",FALLBACK(series.id),Xibam / Eternal Nurture: Sometimes my spirit runs away from me
"0x81c882c59799eA442317D020c39174AaAa8d7FC7",CRAWL,"7dc28901-7e2e-40ac-bc03-fb82718a223c",COJARETTE,"3c4b0a8b-6d3e-4c32-aaae-c701bb9deca9","3c4b0a8b-6d3e-4c32-aaae-c701bb9deca9",FROZEN(explicit),CRAWL WOODBLOCK SCREENSHOTS by Travess Smalley
"0x81c882c59799eA442317D020c39174AaAa8d7FC7",CRAWL,"82dcf3d9-56ba-40bf-b57d-3a631bbdb7d5",CRAWL,,"82dcf3d9-56ba-40bf-b57d-3a631bbdb7d5",FALLBACK(series.id),CRAWL
"0x81c882c59799eA442317D020c39174AaAa8d7FC7",CRAWL,"0a954c31-d336-4e37-af0f-ec336c064879",CRAWL MULTI LEVEL,,"0a954c31-d336-4e37-af0f-ec336c064879",FALLBACK(series.id),CRAWL MULTI LEVEL
"0x81c882c59799eA442317D020c39174AaAa8d7FC7",CRAWL,"9b7bc96c-4805-4018-a51e-de46577ba695",DAGAREMOTO,"3c4b0a8b-6d3e-4c32-aaae-c701bb9deca9","3c4b0a8b-6d3e-4c32-aaae-c701bb9deca9",FROZEN(explicit),CRAWL WOODBLOCK SCREENSHOTS by Travess Smalley
"0x81c882c59799eA442317D020c39174AaAa8d7FC7",CRAWL,"49fc6bfe-fae5-4c41-9318-0c0791c610b2",HYPHADEV,"3c4b0a8b-6d3e-4c32-aaae-c701bb9deca9","3c4b0a8b-6d3e-4c32-aaae-c701bb9deca9",FROZEN(explicit),CRAWL WOODBLOCK SCREENSHOTS by Travess Smalley
"0x81c882c59799eA442317D020c39174AaAa8d7FC7",CRAWL,"81a059ef-0268-416e-9ec4-86857cc48a38",KICK-NELINE,"3c4b0a8b-6d3e-4c32-aaae-c701bb9deca9","3c4b0a8b-6d3e-4c32-aaae-c701bb9deca9",FROZEN(explicit),CRAWL WOODBLOCK SCREENSHOTS by Travess Smalley
"0x81c882c59799eA442317D020c39174AaAa8d7FC7",CRAWL,d37dca13-3966-4801-8779-04cbac4a0ca1,LAMOSEA,"3c4b0a8b-6d3e-4c32-aaae-c701bb9deca9","3c4b0a8b-6d3e-4c32-aaae-c701bb9deca9",FROZEN(explicit),CRAWL WOODBLOCK SCREENSHOTS by Travess Smalley
"0x81c882c59799eA442317D020c39174AaAa8d7FC7",CRAWL,ad7c970e-e07e-4f2c-90a2-195165928bcc,MINAREA,"3c4b0a8b-6d3e-4c32-aaae-c701bb9deca9","3c4b0a8b-6d3e-4c32-aaae-c701bb9deca9",FROZEN(explicit),CRAWL WOODBLOCK SCREENSHOTS by Travess Smalley
"0x81c882c59799eA442317D020c39174AaAa8d7FC7",CRAWL,e6b8db26-3ca5-4a24-896f-6fe9a76a12a2,NOTOPORE,"3c4b0a8b-6d3e-4c32-aaae-c701bb9deca9","3c4b0a8b-6d3e-4c32-aaae-c701bb9deca9",FROZEN(explicit),CRAWL WOODBLOCK SCREENSHOTS by Travess Smalley
"0x81c882c59799eA442317D020c39174AaAa8d7FC7",CRAWL,"3d4fe94b-a952-40f3-a939-2a1b23e4cd10",RAYATRONTOA,"3c4b0a8b-6d3e-4c32-aaae-c701bb9deca9","3c4b0a8b-6d3e-4c32-aaae-c701bb9deca9",FROZEN(explicit),CRAWL WOODBLOCK SCREENSHOTS by Travess Smalley
"0x81c882c59799eA442317D020c39174AaAa8d7FC7",CRAWL,"1143e5a1-dca3-443e-bee6-944a697aedad",SITEDCHLO,"3c4b0a8b-6d3e-4c32-aaae-c701bb9deca9","3c4b0a8b-6d3e-4c32-aaae-c701bb9deca9",FROZEN(explicit),CRAWL WOODBLOCK SCREENSHOTS by Travess Smalley
"0x81c882c59799eA442317D020c39174AaAa8d7FC7",CRAWL,"6168b2a7-8700-4b76-87f3-70c7edbe2a85",SONGKNOTLIRA,"3c4b0a8b-6d3e-4c32-aaae-c701bb9deca9","3c4b0a8b-6d3e-4c32-aaae-c701bb9deca9",FROZEN(explicit),CRAWL WOODBLOCK SCREENSHOTS by Travess Smalley
"0xBE0A4E26a156B2a60cF515E86b3Df9756DEE1952",crystalline work,"4e7c1eba-7c17-4c38-9454-36c72ae98249",crystalline work (arctic),,"4e7c1eba-7c17-4c38-9454-36c72ae98249",FALLBACK(series.id),crystalline work (arctic)
"0x60d0e7d2Ce6558d0a993693c4612fF9a642C5433",Da Nang Review,db6e39b0-4500-48d7-ac83-398a877006de,Da Nang Landscape,,db6e39b0-4500-48d7-ac83-398a877006de,FALLBACK(series.id),Da Nang Landscape
"0x60d0e7d2Ce6558d0a993693c4612fF9a642C5433",Da Nang Review,a8a5d95b-f68d-4802-9f5f-2767c365474c,Da Nang Lanscape,,a8a5d95b-f68d-4802-9f5f-2767c365474c,FALLBACK(series.id),Da Nang Lanscape
"0x051E50D8465417e58899FD48C3b0Fc0CA3Dd4B6a",DATALAND: Rainforest – WEF 2024 Memento,f0f2f42e-d24f-44a2-85a1-4d85aa84c9ee,DATALAND: Rainforest – WEF 2024 Memento,,f0f2f42e-d24f-44a2-85a1-4d85aa84c9ee,FALLBACK(series.id),DATALAND: Rainforest – WEF 2024 Memento
"0xFfE213c3faA18B4B80aC1658C363D471dC745886",E-volved Formulae,"9d8ba8bc-1e6e-4dbe-acbe-9c2cbf8d793a",E-volved Formula #01,"796f9fd9-d405-451c-a584-d9f21222c6dd","796f9fd9-d405-451c-a584-d9f21222c6dd",FROZEN(explicit),E-volved Formulae by Driessens & Verstappen
"0xFfE213c3faA18B4B80aC1658C363D471dC745886",E-volved Formulae,a2ec59c2-a56e-488c-9fdf-a67e04117337,E-volved Formula #02,"796f9fd9-d405-451c-a584-d9f21222c6dd","796f9fd9-d405-451c-a584-d9f21222c6dd",FROZEN(explicit),E-volved Formulae by Driessens & Verstappen
"0xFfE213c3faA18B4B80aC1658C363D471dC745886",E-volved Formulae,"04f89cc6-7042-4eed-9566-b46d78621ef3",E-volved Formula #03,"796f9fd9-d405-451c-a584-d9f21222c6dd","796f9fd9-d405-451c-a584-d9f21222c6dd",FROZEN(explicit),E-volved Formulae by Driessens & Verstappen
"0xFfE213c3faA18B4B80aC1658C363D471dC745886",E-volved Formulae,dfb66bb8-1f6e-45f6-b18d-8b9c070f345f,E-volved Formula #04,"796f9fd9-d405-451c-a584-d9f21222c6dd","796f9fd9-d405-451c-a584-d9f21222c6dd",FROZEN(explicit),E-volved Formulae by Driessens & Verstappen
"0xFfE213c3faA18B4B80aC1658C363D471dC745886",E-volved Formulae,"7a6b063b-638e-4b39-9116-21a9f77f52a2",E-volved Formula #05,"796f9fd9-d405-451c-a584-d9f21222c6dd","796f9fd9-d405-451c-a584-d9f21222c6dd",FROZEN(explicit),E-volved Formulae by Driessens & Verstappen
"0xFfE213c3faA18B4B80aC1658C363D471dC745886",E-volved Formulae,f247bc81-b318-4682-9678-0107a53dd6ec,E-volved Formula #06,"796f9fd9-d405-451c-a584-d9f21222c6dd","796f9fd9-d405-451c-a584-d9f21222c6dd",FROZEN(explicit),E-volved Formulae by Driessens & Verstappen
"0xFfE213c3faA18B4B80aC1658C363D471dC745886",E-volved Formulae,"00afe566-666c-4503-bdc1-b3d50b75e7a3",E-volved Formula #07,"796f9fd9-d405-451c-a584-d9f21222c6dd","796f9fd9-d405-451c-a584-d9f21222c6dd",FROZEN(explicit),E-volved Formulae by Driessens & Verstappen
"0xFfE213c3faA18B4B80aC1658C363D471dC745886",E-volved Formulae,"5f9b3499-a222-4db8-9819-93476cddad3b",E-volved Formula #08,"796f9fd9-d405-451c-a584-d9f21222c6dd","796f9fd9-d405-451c-a584-d9f21222c6dd",FROZEN(explicit),E-volved Formulae by Driessens & Verstappen
"0xFfE213c3faA18B4B80aC1658C363D471dC745886",E-volved Formulae,"6bf16a3e-74ce-4cb8-88dd-5d759649fbc5",E-volved Formula #09,"796f9fd9-d405-451c-a584-d9f21222c6dd","796f9fd9-d405-451c-a584-d9f21222c6dd",FROZEN(explicit),E-volved Formulae by Driessens & Verstappen
"0xFfE213c3faA18B4B80aC1658C363D471dC745886",E-volved Formulae,"6bbf0654-f674-4fda-a1c0-48f2fa0a0784",E-volved Formula #10,"796f9fd9-d405-451c-a584-d9f21222c6dd","796f9fd9-d405-451c-a584-d9f21222c6dd",FROZEN(explicit),E-volved Formulae by Driessens & Verstappen
"0xFfE213c3faA18B4B80aC1658C363D471dC745886",E-volved Formulae,"03c214ff-a9f1-4731-a6a4-79335f9fe6d7",E-volved Formula #11,"796f9fd9-d405-451c-a584-d9f21222c6dd","796f9fd9-d405-451c-a584-d9f21222c6dd",FROZEN(explicit),E-volved Formulae by Driessens & Verstappen
"0xFfE213c3faA18B4B80aC1658C363D471dC745886",E-volved Formulae,dbec51af-3c01-4824-bd91-a21a3b23eaed,E-volved Formula #12,"796f9fd9-d405-451c-a584-d9f21222c6dd","796f9fd9-d405-451c-a584-d9f21222c6dd",FROZEN(explicit),E-volved Formulae by Driessens & Verstappen
"0xFfE213c3faA18B4B80aC1658C363D471dC745886",E-volved Formulae,"1b605863-0e96-4380-b90f-e5211f96c071",E-volved Formula #13,"796f9fd9-d405-451c-a584-d9f21222c6dd","796f9fd9-d405-451c-a584-d9f21222c6dd",FROZEN(explicit),E-volved Formulae by Driessens & Verstappen
"0xFfE213c3faA18B4B80aC1658C363D471dC745886",E-volved Formulae,"58b77db4-51c0-4199-a36f-9fdbaa802477",E-volved Formula #14,"796f9fd9-d405-451c-a584-d9f21222c6dd","796f9fd9-d405-451c-a584-d9f21222c6dd",FROZEN(explicit),E-volved Formulae by Driessens & Verstappen
"0xFfE213c3faA18B4B80aC1658C363D471dC745886",E-volved Formulae,"8ea87e8d-51c1-411a-b3d6-cf1c86e14747",E-volved Formula #15,"796f9fd9-d405-451c-a584-d9f21222c6dd","796f9fd9-d405-451c-a584-d9f21222c6dd",FROZEN(explicit),E-volved Formulae by Driessens & Verstappen
"0xFfE213c3faA18B4B80aC1658C363D471dC745886",E-volved Formulae,d0f8e49a-ff14-4dd3-8e9f-610511318b8d,E-volved Formula #16,"796f9fd9-d405-451c-a584-d9f21222c6dd","796f9fd9-d405-451c-a584-d9f21222c6dd",FROZEN(explicit),E-volved Formulae by Driessens & Verstappen
"0xFfE213c3faA18B4B80aC1658C363D471dC745886",E-volved Formulae,db81d1a6-f70e-4665-862a-000417c28877,E-volved Formula #17,"796f9fd9-d405-451c-a584-d9f21222c6dd","796f9fd9-d405-451c-a584-d9f21222c6dd",FROZEN(explicit),E-volved Formulae by Driessens & Verstappen
"0xFfE213c3faA18B4B80aC1658C363D471dC745886",E-volved Formulae,"3645c044-192b-41a8-a094-2d77213afadf",E-volved Formula #18,"796f9fd9-d405-451c-a584-d9f21222c6dd","796f9fd9-d405-451c-a584-d9f21222c6dd",FROZEN(explicit),E-volved Formulae by Driessens & Verstappen
"0xFfE213c3faA18B4B80aC1658C363D471dC745886",E-volved Formulae,e8e9f20b-1c6e-4528-b768-aa1a32deb31b,E-volved Formula #19,"796f9fd9-d405-451c-a584-d9f21222c6dd","796f9fd9-d405-451c-a584-d9f21222c6dd",FROZEN(explicit),E-volved Formulae by Driessens & Verstappen
"0xFfE213c3faA18B4B80aC1658C363D471dC745886",E-volved Formulae,e1964643-d46f-4c3c-aaf1-b77ae595b6f9,E-volved Formula #20,"796f9fd9-d405-451c-a584-d9f21222c6dd","796f9fd9-d405-451c-a584-d9f21222c6dd",FROZEN(explicit),E-volved Formulae by Driessens & Verstappen
"0xFfE213c3faA18B4B80aC1658C363D471dC745886",E-volved Formulae,"3273f7b9-102c-4e87-96af-a8fab3db7158",E-volved Formula #21,"796f9fd9-d405-451c-a584-d9f21222c6dd","796f9fd9-d405-451c-a584-d9f21222c6dd",FROZEN(explicit),E-volved Formulae by Driessens & Verstappen
"0xFfE213c3faA18B4B80aC1658C363D471dC745886",E-volved Formulae,"10b93289-a501-4b34-b0a5-514f70a83a1b",E-volved Formula #22,"796f9fd9-d405-451c-a584-d9f21222c6dd","796f9fd9-d405-451c-a584-d9f21222c6dd",FROZEN(explicit),E-volved Formulae by Driessens & Verstappen
"0xFfE213c3faA18B4B80aC1658C363D471dC745886",E-volved Formulae,"8cf47dfe-e6d2-4e3e-9413-904d8b2a4a94",E-volved Formula #23,"796f9fd9-d405-451c-a584-d9f21222c6dd","796f9fd9-d405-451c-a584-d9f21222c6dd",FROZEN(explicit),E-volved Formulae by Driessens & Verstappen
"0x32c07ADE321B90813220F5064842B1F34A59f322",Ex Nihilo,"5437c7a8-08f7-4747-9404-8d8534851bf7",COSMOS–SIMULACRUM–RGB–7087313-353-371,"2b290b34-46db-4b14-b411-9b30f68ae208","2b290b34-46db-4b14-b411-9b30f68ae208",FROZEN(explicit),Ex Nihilo by Casey REAS
"0x32c07ADE321B90813220F5064842B1F34A59f322",Ex Nihilo,"1ec610e8-aff6-46c7-8c2d-1698bbdb1d8f",COSMOS–SIMULACRUM–RGB–7105313-170-455,"2b290b34-46db-4b14-b411-9b30f68ae208","2b290b34-46db-4b14-b411-9b30f68ae208",FROZEN(explicit),Ex Nihilo by Casey REAS
"0x32c07ADE321B90813220F5064842B1F34A59f322",Ex Nihilo,"497d82a5-a6f1-4dd6-81c2-1db97db807ec",COSMOS–SIMULACRUM–RGB–7135313-183-489,"2b290b34-46db-4b14-b411-9b30f68ae208","2b290b34-46db-4b14-b411-9b30f68ae208",FROZEN(explicit),Ex Nihilo by Casey REAS
"0x32c07ADE321B90813220F5064842B1F34A59f322",Ex Nihilo,"0b80c8a6-986f-4bfb-a289-a84585e61ab9",SIMULACRUM (E-P-01),"2b290b34-46db-4b14-b411-9b30f68ae208","2b290b34-46db-4b14-b411-9b30f68ae208",FROZEN(explicit),Ex Nihilo by Casey REAS
"0x32c07ADE321B90813220F5064842B1F34A59f322",Ex Nihilo,"1593439c-084d-4f3e-9644-8f450d0030d7",SIMULACRUM (E-P-02),"2b290b34-46db-4b14-b411-9b30f68ae208","2b290b34-46db-4b14-b411-9b30f68ae208",FROZEN(explicit),Ex Nihilo by Casey REAS
"0x87355Eb83C0772e1d96C1BbfD03c5e05A872197e",Feral File Internal - English Auction,"7a65fe84-ee2a-48f2-aed0-3ab98940ffc8",Feral File Internal - English Auction An Ha Ngoc,,"7a65fe84-ee2a-48f2-aed0-3ab98940ffc8",FALLBACK(series.id),Feral File Internal - English Auction An Ha Ngoc
"0x87355Eb83C0772e1d96C1BbfD03c5e05A872197e",Feral File Internal - English Auction,"130b0ae9-2c45-44c4-a2e2-62677fb8dff7",Feral File Internal - English Auction Nu.N,,"130b0ae9-2c45-44c4-a2e2-62677fb8dff7",FALLBACK(series.id),Feral File Internal - English Auction Nu.N
"0xD8eed224E1B358fa6f7b167124C2c1AFe42275b4",Field Guide,e6041b92-79ff-4ebe-a9b1-b9e7b089046d,Blooming Valetudinarian,,e6041b92-79ff-4ebe-a9b1-b9e7b089046d,FALLBACK(series.id),Blooming Valetudinarian
"0xD8eed224E1B358fa6f7b167124C2c1AFe42275b4",Field Guide,"0698273e-13fc-43e9-910e-0f6d81827a01",Entity,,"0698273e-13fc-43e9-910e-0f6d81827a01",FALLBACK(series.id),Entity
"0xD8eed224E1B358fa6f7b167124C2c1AFe42275b4",Field Guide,c6b9fe72-76f2-4c2e-93b5-5251a5b222f6,Environment,,c6b9fe72-76f2-4c2e-93b5-5251a5b222f6,FALLBACK(series.id),Environment
"0xD8eed224E1B358fa6f7b167124C2c1AFe42275b4",Field Guide,"8d97e575-0837-4092-bca1-10d58195e414",hedgerow still life,,"8d97e575-0837-4092-bca1-10d58195e414",FALLBACK(series.id),hedgerow still life
"0xD8eed224E1B358fa6f7b167124C2c1AFe42275b4",Field Guide,d137c01a-2c3b-427e-8de4-a7e5677aaeda,Hypothetically Macro,,d137c01a-2c3b-427e-8de4-a7e5677aaeda,FALLBACK(series.id),Hypothetically Macro
"0xD8eed224E1B358fa6f7b167124C2c1AFe42275b4",Field Guide,"412f980a-0fbc-4458-983a-85a1d81b6371",Hypothetically Micro,,"412f980a-0fbc-4458-983a-85a1d81b6371",FALLBACK(series.id),Hypothetically Micro
"0xD8eed224E1B358fa6f7b167124C2c1AFe42275b4",Field Guide,de90a7b8-c71c-4ffd-8f3f-365796469bc0,In Search of Your Digital Self,,de90a7b8-c71c-4ffd-8f3f-365796469bc0,FALLBACK(series.id),In Search of Your Digital Self
"0xD8eed224E1B358fa6f7b167124C2c1AFe42275b4",Field Guide,c35a9579-e93c-4c57-9b02-7a923d8fd66a,Malade Imaginaire,,c35a9579-e93c-4c57-9b02-7a923d8fd66a,FALLBACK(series.id),Malade Imaginaire
"0xD8eed224E1B358fa6f7b167124C2c1AFe42275b4",Field Guide,de81b4e2-0ece-4969-bb0f-2adb62cb2d4e,neural swarm,,de81b4e2-0ece-4969-bb0f-2adb62cb2d4e,FALLBACK(series.id),neural swarm
"0xD8eed224E1B358fa6f7b167124C2c1AFe42275b4",Field Guide,a7d428ec-48e2-492b-a6f1-36d7cadf3da7,The Future of Your Digital Space,,a7d428ec-48e2-492b-a6f1-36d7cadf3da7,FALLBACK(series.id),The Future of Your Digital Space
"0x6DBa130221A1C39f6623908A136976686050059a",For Your Eyes Only,a566dd50-6194-4e88-8aec-59cebbc1ed55,A Rose by Any Other Name,,a566dd50-6194-4e88-8aec-59cebbc1ed55,FALLBACK(series.id),A Rose by Any Other Name
"0x6DBa130221A1C39f6623908A136976686050059a",For Your Eyes Only,"9841c727-f5c8-40e4-b995-0716eeff843f",Daemon (cene),,"9841c727-f5c8-40e4-b995-0716eeff843f",FALLBACK(series.id),Daemon (cene)
"0x6DBa130221A1C39f6623908A136976686050059a",For Your Eyes Only,"8711ddf0-0474-4a8d-a5ec-30c7f42977df",Daemon (chaos),,"8711ddf0-0474-4a8d-a5ec-30c7f42977df",FALLBACK(series.id),Daemon (chaos)
"0x6DBa130221A1C39f6623908A136976686050059a",For Your Eyes Only,f503f9fe-276c-4519-92b7-8a2239cfa489,Fractura,,f503f9fe-276c-4519-92b7-8a2239cfa489,FALLBACK(series.id),Fractura
"0x6DBa130221A1C39f6623908A136976686050059a",For Your Eyes Only,"31a680b4-c00a-4eac-8729-cba633c91c54",Ganxillo,,"31a680b4-c00a-4eac-8729-cba633c91c54",FALLBACK(series.id),Ganxillo
"0x6DBa130221A1C39f6623908A136976686050059a",For Your Eyes Only,c66d0636-30c1-4227-819c-0e69924fc7a1,Marine Emojidiversity,,c66d0636-30c1-4227-819c-0e69924fc7a1,FALLBACK(series.id),Marine Emojidiversity
"0x6DBa130221A1C39f6623908A136976686050059a",For Your Eyes Only,"094b8bd3-a89b-4127-937f-faef6c6eee96",One Million Manga Pages,,"094b8bd3-a89b-4127-937f-faef6c6eee96",FALLBACK(series.id),One Million Manga Pages
"0x6DBa130221A1C39f6623908A136976686050059a",For Your Eyes Only,f3170ca8-2a0d-49ac-b307-d20fbfb15b0d,Patterns of Activation (gardens of the galaxy),,f3170ca8-2a0d-49ac-b307-d20fbfb15b0d,FALLBACK(series.id),Patterns of Activation (gardens of the galaxy)
"0x6DBa130221A1C39f6623908A136976686050059a",For Your Eyes Only,"19c097b4-c440-44e9-b6a8-eb97f3b4513a",sextape,,"19c097b4-c440-44e9-b6a8-eb97f3b4513a",FALLBACK(series.id),sextape
"0x6DBa130221A1C39f6623908A136976686050059a",For Your Eyes Only,"25a3d5d3-43a6-495e-bf18-e0583fa11f72",Smart Cut,,"25a3d5d3-43a6-495e-bf18-e0583fa11f72",FALLBACK(series.id),Smart Cut
"0x6DBa130221A1C39f6623908A136976686050059a",For Your Eyes Only,"31eb3d1f-9bf5-4f87-b1ea-b9a4a98a348b",smoking-vase-1,,"31eb3d1f-9bf5-4f87-b1ea-b9a4a98a348b",FALLBACK(series.id),smoking-vase-1
"0x6DBa130221A1C39f6623908A136976686050059a",For Your Eyes Only,ce3a3a9a-e894-40a1-b531-95027b1328eb,ماه طلعت، Moon-faced,,ce3a3a9a-e894-40a1-b531-95027b1328eb,FALLBACK(series.id),ماه طلعت، Moon-faced
"0x6DBa130221A1C39f6623908A136976686050059a",For Your Eyes Only,"79cb077a-355b-4694-a787-f023abf070de",ᖴᗩᑕIᗩᒪᔕ I,,"79cb077a-355b-4694-a787-f023abf070de",FALLBACK(series.id),ᖴᗩᑕIᗩᒪᔕ I
"0x979316F5b3f3d8db956Af519553c853525A5b1Af",Fragments of a Hologram Rose,c974b77f-3734-4952-9cea-1dcd591cc48d,Blue Veil,,c974b77f-3734-4952-9cea-1dcd591cc48d,FALLBACK(series.id),Blue Veil
"0x979316F5b3f3d8db956Af519553c853525A5b1Af",Fragments of a Hologram Rose,"50aa02eb-dccf-4003-99a2-69a1f62cb337",Caylx,,"50aa02eb-dccf-4003-99a2-69a1f62cb337",FALLBACK(series.id),Caylx
"0x979316F5b3f3d8db956Af519553c853525A5b1Af",Fragments of a Hologram Rose,"1b205395-6654-4174-b170-45c82866270b",COUNT ZERO FOUR,,"1b205395-6654-4174-b170-45c82866270b",FALLBACK(series.id),COUNT ZERO FOUR
"0x979316F5b3f3d8db956Af519553c853525A5b1Af",Fragments of a Hologram Rose,c40d0e81-c8dd-44a3-9fc8-2caa36101516,D. Flagellum,,c40d0e81-c8dd-44a3-9fc8-2caa36101516,FALLBACK(series.id),D. Flagellum
"0x979316F5b3f3d8db956Af519553c853525A5b1Af",Fragments of a Hologram Rose,ca471793-baf8-43db-bf1a-b811f4608297,Floralia II,,ca471793-baf8-43db-bf1a-b811f4608297,FALLBACK(series.id),Floralia II
"0x979316F5b3f3d8db956Af519553c853525A5b1Af",Fragments of a Hologram Rose,"48f6b892-d3aa-4eae-87db-040e195e00a5",Forest Transmission,,"48f6b892-d3aa-4eae-87db-040e195e00a5",FALLBACK(series.id),Forest Transmission
"0x979316F5b3f3d8db956Af519553c853525A5b1Af",Fragments of a Hologram Rose,"89c348c1-6e78-4e00-ac3f-f58c9e732731",Mutant Bagua,,"89c348c1-6e78-4e00-ac3f-f58c9e732731",FALLBACK(series.id),Mutant Bagua
"0x979316F5b3f3d8db956Af519553c853525A5b1Af",Fragments of a Hologram Rose,"685f39aa-f9ca-4bfd-84af-d69ad3f8b2c3",Plants are everywhere you can’t see them,,"685f39aa-f9ca-4bfd-84af-d69ad3f8b2c3",FALLBACK(series.id),Plants are everywhere you can’t see them
"0x979316F5b3f3d8db956Af519553c853525A5b1Af",Fragments of a Hologram Rose,b3dacae7-dcc3-40e1-9dd4-9e2047398c01,Rose,,b3dacae7-dcc3-40e1-9dd4-9e2047398c01,FALLBACK(series.id),Rose
"0x979316F5b3f3d8db956Af519553c853525A5b1Af",Fragments of a Hologram Rose,ce7c5624-af01-4a1d-ad77-eee51cb54327,Temple Lily,,ce7c5624-af01-4a1d-ad77-eee51cb54327,FALLBACK(series.id),Temple Lily
"0x979316F5b3f3d8db956Af519553c853525A5b1Af",Fragments of a Hologram Rose,"6053b698-2016-4c05-9353-6941635c1609",The Shredded Hologram Rose,,"6053b698-2016-4c05-9353-6941635c1609",FALLBACK(series.id),The Shredded Hologram Rose
"0xacd3392e9Ec2C4D876D09DC38cb52F842Ea58096",+GRAPH,fe2f3149-d59c-44dc-ba15-f9bc21798388,ANATOMY of a rabbit but bird,,fe2f3149-d59c-44dc-ba15-f9bc21798388,FALLBACK(series.id),ANATOMY of a rabbit but bird
"0xacd3392e9Ec2C4D876D09DC38cb52F842Ea58096",+GRAPH,abc9532c-3b95-4502-b0ac-fa5a64510ccd,Breakpoint.,,abc9532c-3b95-4502-b0ac-fa5a64510ccd,FALLBACK(series.id),Breakpoint.
"0xacd3392e9Ec2C4D876D09DC38cb52F842Ea58096",+GRAPH,"490e2542-daac-48c4-8407-bbd15eb9ab74",Fictional Lullaby,,"490e2542-daac-48c4-8407-bbd15eb9ab74",FALLBACK(series.id),Fictional Lullaby
"0xacd3392e9Ec2C4D876D09DC38cb52F842Ea58096",+GRAPH,"22356067-3858-46c7-ba80-02f0dafa04b6",Fine Particles,,"22356067-3858-46c7-ba80-02f0dafa04b6",FALLBACK(series.id),Fine Particles
"0xacd3392e9Ec2C4D876D09DC38cb52F842Ea58096",+GRAPH,"55e9a993-a644-405f-b489-d4dc7e03ac5c",Mineral,,"55e9a993-a644-405f-b489-d4dc7e03ac5c",FALLBACK(series.id),Mineral
"0xacd3392e9Ec2C4D876D09DC38cb52F842Ea58096",+GRAPH,"688c1976-748d-4b54-8aac-61b5561924e6",The Space in Between,,"688c1976-748d-4b54-8aac-61b5561924e6",FALLBACK(series.id),The Space in Between
"0xDB5f1aDCFFA1869B9711cBFBe3Bf46cc5d5319E5",–GRAPH,e7252d16-c248-4de0-aade-433e9e7d2484,Chaos Blocks,,e7252d16-c248-4de0-aade-433e9e7d2484,FALLBACK(series.id),Chaos Blocks
"0xDB5f1aDCFFA1869B9711cBFBe3Bf46cc5d5319E5",–GRAPH,cee5b80c-af17-44d0-9a56-c17a68f92569,CHERTI,,cee5b80c-af17-44d0-9a56-c17a68f92569,FALLBACK(series.id),CHERTI
"0xDB5f1aDCFFA1869B9711cBFBe3Bf46cc5d5319E5",–GRAPH,"5e0a93aa-22d0-4305-8bdd-5806dab5503a",Endless Monologue,,"5e0a93aa-22d0-4305-8bdd-5806dab5503a",FALLBACK(series.id),Endless Monologue
"0xDB5f1aDCFFA1869B9711cBFBe3Bf46cc5d5319E5",–GRAPH,"1b1ffd48-5fc2-4d19-a563-364e00ddfb01",F(l)ight,,"1b1ffd48-5fc2-4d19-a563-364e00ddfb01",FALLBACK(series.id),F(l)ight
"0xDB5f1aDCFFA1869B9711cBFBe3Bf46cc5d5319E5",–GRAPH,"99d373e5-cc9d-45e8-8aa5-1ed47e481791",(The illusion of) depth of knowledge,,"99d373e5-cc9d-45e8-8aa5-1ed47e481791",FALLBACK(series.id),(The illusion of) depth of knowledge
"0xDB5f1aDCFFA1869B9711cBFBe3Bf46cc5d5319E5",–GRAPH,"2fb649d0-3ed2-4539-8ea2-e073b85e9a21",Umwelt,,"2fb649d0-3ed2-4539-8ea2-e073b85e9a21",FALLBACK(series.id),Umwelt
"0x6e82e4B398Ca4137007ba69ddD6FF699334d13b5",Gray Matter,"32f1b099-448d-4e6d-8358-70a64e005903",AlleluiaAlleluia,,"32f1b099-448d-4e6d-8358-70a64e005903",FALLBACK(series.id),AlleluiaAlleluia
"0x6e82e4B398Ca4137007ba69ddD6FF699334d13b5",Gray Matter,"9c797f06-41e2-4aa4-abfe-489485bea17e",ba-eye,,"9c797f06-41e2-4aa4-abfe-489485bea17e",FALLBACK(series.id),ba-eye
"0x6e82e4B398Ca4137007ba69ddD6FF699334d13b5",Gray Matter,a6463015-af79-43cf-ab25-84074828ac4b,Curse Tablet,,a6463015-af79-43cf-ab25-84074828ac4b,FALLBACK(series.id),Curse Tablet
"0x6e82e4B398Ca4137007ba69ddD6FF699334d13b5",Gray Matter,bd0c4207-f8e7-49db-919e-e2913f39d59c,Dagger,,bd0c4207-f8e7-49db-919e-e2913f39d59c,FALLBACK(series.id),Dagger
"0x6e82e4B398Ca4137007ba69ddD6FF699334d13b5",Gray Matter,"527a291d-49f5-4ddc-81f6-0331f9e08be9",Faunette,,"527a291d-49f5-4ddc-81f6-0331f9e08be9",FALLBACK(series.id),Faunette
"0x6e82e4B398Ca4137007ba69ddD6FF699334d13b5",Gray Matter,"8323eb9a-b406-4fbc-8550-fcd12213440a",Gray Matter,,"8323eb9a-b406-4fbc-8550-fcd12213440a",FALLBACK(series.id),Gray Matter
"0x6e82e4B398Ca4137007ba69ddD6FF699334d13b5",Gray Matter,"7ad7ee07-883a-4989-a087-e3b03fd4a69d",Gray Matter: Material/Immaterial,,"7ad7ee07-883a-4989-a087-e3b03fd4a69d",FALLBACK(series.id),Gray Matter: Material/Immaterial
"0x6e82e4B398Ca4137007ba69ddD6FF699334d13b5",Gray Matter,cc86cf63-6b79-4bba-9613-e362851cbbdc,Haristory,,cc86cf63-6b79-4bba-9613-e362851cbbdc,FALLBACK(series.id),Haristory
"0x6e82e4B398Ca4137007ba69ddD6FF699334d13b5",Gray Matter,d90151ff-0159-4973-a7a6-724b04c01547,Messenger (fragment),,d90151ff-0159-4973-a7a6-724b04c01547,FALLBACK(series.id),Messenger (fragment)
"0x6e82e4B398Ca4137007ba69ddD6FF699334d13b5",Gray Matter,"5d67190d-28d7-493c-85c8-563c32de44ff",Mumble,,"5d67190d-28d7-493c-85c8-563c32de44ff",FALLBACK(series.id),Mumble
"0x6e82e4B398Ca4137007ba69ddD6FF699334d13b5",Gray Matter,f15bce66-da54-4f05-bc29-7ef15202b0c3,The Hand-Heart Problem,,f15bce66-da54-4f05-bc29-7ef15202b0c3,FALLBACK(series.id),The Hand-Heart Problem
"0x6e82e4B398Ca4137007ba69ddD6FF699334d13b5",Gray Matter,"7f70faea-dc2a-4613-b758-b53b9bd6d00d",White Rest,,"7f70faea-dc2a-4613-b758-b53b9bd6d00d",FALLBACK(series.id),White Rest
"0xE46A41b840176b62983FC71162dc9faEAC4D9bcB",I KNOW – On the aesthetic of truth,"47f31603-9721-403b-94b5-d24ab9fb8256",A Picture Can’t Take Me,,"47f31603-9721-403b-94b5-d24ab9fb8256",FALLBACK(series.id),A Picture Can’t Take Me
"0xE46A41b840176b62983FC71162dc9faEAC4D9bcB",I KNOW – On the aesthetic of truth,c6befe2e-1934-40ce-958c-2011e425c511,A Picture Can’t Take My Elan Vital,,c6befe2e-1934-40ce-958c-2011e425c511,FALLBACK(series.id),A Picture Can’t Take My Elan Vital
"0xE46A41b840176b62983FC71162dc9faEAC4D9bcB",I KNOW – On the aesthetic of truth,"3715c273-d19e-445f-ae02-61876334f1a7",Perfectionism is a weakness,,"3715c273-d19e-445f-ae02-61876334f1a7",FALLBACK(series.id),Perfectionism is a weakness
"0xE46A41b840176b62983FC71162dc9faEAC4D9bcB",I KNOW – On the aesthetic of truth,bc82d0fb-eede-4947-aa97-fe085f46f0b4,"Prophecy, nullification algorithm, shaman, conspiracy",,bc82d0fb-eede-4947-aa97-fe085f46f0b4,FALLBACK(series.id),"Prophecy, nullification algorithm, shaman, conspiracy"
"0xE46A41b840176b62983FC71162dc9faEAC4D9bcB",I KNOW – On the aesthetic of truth,"6ed56114-2768-4625-84a9-7eda5baad6b8",The Art of Survival: Aphorisms by an Old Girl,,"6ed56114-2768-4625-84a9-7eda5baad6b8",FALLBACK(series.id),The Art of Survival: Aphorisms by an Old Girl
"0xE46A41b840176b62983FC71162dc9faEAC4D9bcB",I KNOW – On the aesthetic of truth,"9798c1fd-ccf2-4e2e-be26-fe146a398c85","Turandot 2070, Lovers I ",,"9798c1fd-ccf2-4e2e-be26-fe146a398c85",FALLBACK(series.id),"Turandot 2070, Lovers I "
"0xE46A41b840176b62983FC71162dc9faEAC4D9bcB",I KNOW – On the aesthetic of truth,d78f0375-3173-4a51-a52e-a211b79acf88,"Turandot 2070, Lynx Avatar",,d78f0375-3173-4a51-a52e-a211b79acf88,FALLBACK(series.id),"Turandot 2070, Lynx Avatar"
"0xE46A41b840176b62983FC71162dc9faEAC4D9bcB",I KNOW – On the aesthetic of truth,"35086e3e-d2da-44c8-9806-87543a47c1b9",Unzip,,"35086e3e-d2da-44c8-9806-87543a47c1b9",FALLBACK(series.id),Unzip
"0xE46A41b840176b62983FC71162dc9faEAC4D9bcB",I KNOW – On the aesthetic of truth,b5621c75-70f9-430f-852e-9d8fd9318917,Yehwan Song Artwork 1,,b5621c75-70f9-430f-852e-9d8fd9318917,FALLBACK(series.id),Yehwan Song Artwork 1
"0xE46A41b840176b62983FC71162dc9faEAC4D9bcB",I KNOW – On the aesthetic of truth,"5d391c2a-8e9e-47ea-ac7d-79ff203e3095",Yehwan Song Artwork 2,,"5d391c2a-8e9e-47ea-ac7d-79ff203e3095",FALLBACK(series.id),Yehwan Song Artwork 2
"0x0A5c44da5F71B884c16A195CeC304F47ac0233CF",Infinite Entropy,"87eafff7-a8c6-4d3f-bc51-3e23bc745125",Infinite Entropy 1,"71513905-f7b2-4ac1-b617-0d41123b3639","71513905-f7b2-4ac1-b617-0d41123b3639",FROZEN(explicit),Infinite Entropy by Rafaël Rozendaal
"0x0A5c44da5F71B884c16A195CeC304F47ac0233CF",Infinite Entropy,"11b4449b-e435-4737-bd14-81cd3366ac89",Infinite Entropy 10,"71513905-f7b2-4ac1-b617-0d41123b3639","71513905-f7b2-4ac1-b617-0d41123b3639",FROZEN(explicit),Infinite Entropy by Rafaël Rozendaal
"0x0A5c44da5F71B884c16A195CeC304F47ac0233CF",Infinite Entropy,"3aca483a-59b7-4839-b66e-74d5e75c4735",Infinite Entropy 11,"71513905-f7b2-4ac1-b617-0d41123b3639","71513905-f7b2-4ac1-b617-0d41123b3639",FROZEN(explicit),Infinite Entropy by Rafaël Rozendaal
"0x0A5c44da5F71B884c16A195CeC304F47ac0233CF",Infinite Entropy,"8fc2a19f-4393-4fa4-aee0-91c365232cef",Infinite Entropy 12,"71513905-f7b2-4ac1-b617-0d41123b3639","71513905-f7b2-4ac1-b617-0d41123b3639",FROZEN(explicit),Infinite Entropy by Rafaël Rozendaal
"0x0A5c44da5F71B884c16A195CeC304F47ac0233CF",Infinite Entropy,"2e68b1a3-6370-4ad5-af12-153de80637eb",Infinite Entropy 13,"71513905-f7b2-4ac1-b617-0d41123b3639","71513905-f7b2-4ac1-b617-0d41123b3639",FROZEN(explicit),Infinite Entropy by Rafaël Rozendaal
"0x0A5c44da5F71B884c16A195CeC304F47ac0233CF",Infinite Entropy,"1fdd923d-91f0-4b28-a51a-8d01da7cc562",Infinite Entropy 14,"71513905-f7b2-4ac1-b617-0d41123b3639","71513905-f7b2-4ac1-b617-0d41123b3639",FROZEN(explicit),Infinite Entropy by Rafaël Rozendaal
"0x0A5c44da5F71B884c16A195CeC304F47ac0233CF",Infinite Entropy,"47ab1047-708d-4f36-b5de-68e5995e175f",Infinite Entropy 15,"71513905-f7b2-4ac1-b617-0d41123b3639","71513905-f7b2-4ac1-b617-0d41123b3639",FROZEN(explicit),Infinite Entropy by Rafaël Rozendaal
"0x0A5c44da5F71B884c16A195CeC304F47ac0233CF",Infinite Entropy,f0750b82-282e-4eed-bdba-c4fb023fb684,Infinite Entropy 16,"71513905-f7b2-4ac1-b617-0d41123b3639","71513905-f7b2-4ac1-b617-0d41123b3639",FROZEN(explicit),Infinite Entropy by Rafaël Rozendaal
"0x0A5c44da5F71B884c16A195CeC304F47ac0233CF",Infinite Entropy,b4a46d9c-fa16-4a2c-a11d-03b49d5b1e63,Infinite Entropy 17,"71513905-f7b2-4ac1-b617-0d41123b3639","71513905-f7b2-4ac1-b617-0d41123b3639",FROZEN(explicit),Infinite Entropy by Rafaël Rozendaal
"0x0A5c44da5F71B884c16A195CeC304F47ac0233CF",Infinite Entropy,fe324a25-a5b3-4b17-bae4-8d4109f01fe7,Infinite Entropy 18,"71513905-f7b2-4ac1-b617-0d41123b3639","71513905-f7b2-4ac1-b617-0d41123b3639",FROZEN(explicit),Infinite Entropy by Rafaël Rozendaal
"0x0A5c44da5F71B884c16A195CeC304F47ac0233CF",Infinite Entropy,"37e6066c-9997-4939-ac9a-e92685e71cf6",Infinite Entropy 19,"71513905-f7b2-4ac1-b617-0d41123b3639","71513905-f7b2-4ac1-b617-0d41123b3639",FROZEN(explicit),Infinite Entropy by Rafaël Rozendaal
"0x0A5c44da5F71B884c16A195CeC304F47ac0233CF",Infinite Entropy,"4f69d4eb-5f33-4d3b-a0ac-cc4189bf1f83",Infinite Entropy 2,"71513905-f7b2-4ac1-b617-0d41123b3639","71513905-f7b2-4ac1-b617-0d41123b3639",FROZEN(explicit),Infinite Entropy by Rafaël Rozendaal
"0x0A5c44da5F71B884c16A195CeC304F47ac0233CF",Infinite Entropy,"30780351-fa82-47f1-9a2d-7d331f460995",Infinite Entropy 20,"71513905-f7b2-4ac1-b617-0d41123b3639","71513905-f7b2-4ac1-b617-0d41123b3639",FROZEN(explicit),Infinite Entropy by Rafaël Rozendaal
"0x0A5c44da5F71B884c16A195CeC304F47ac0233CF",Infinite Entropy,"6dde453e-259f-49b7-b5db-02c7a41d049b",Infinite Entropy 21,"71513905-f7b2-4ac1-b617-0d41123b3639","71513905-f7b2-4ac1-b617-0d41123b3639",FROZEN(explicit),Infinite Entropy by Rafaël Rozendaal
"0x0A5c44da5F71B884c16A195CeC304F47ac0233CF",Infinite Entropy,ee826cf5-9273-4b58-850c-0615668d9e2d,Infinite Entropy 22,"71513905-f7b2-4ac1-b617-0d41123b3639","71513905-f7b2-4ac1-b617-0d41123b3639",FROZEN(explicit),Infinite Entropy by Rafaël Rozendaal
"0x0A5c44da5F71B884c16A195CeC304F47ac0233CF",Infinite Entropy,"34f52c05-cde0-4dee-880b-df96eebf37be",Infinite Entropy 23,"71513905-f7b2-4ac1-b617-0d41123b3639","71513905-f7b2-4ac1-b617-0d41123b3639",FROZEN(explicit),Infinite Entropy by Rafaël Rozendaal
"0x0A5c44da5F71B884c16A195CeC304F47ac0233CF",Infinite Entropy,df6a7f8d-effe-4b0f-99e0-62a5924e5ee6,Infinite Entropy 24,"71513905-f7b2-4ac1-b617-0d41123b3639","71513905-f7b2-4ac1-b617-0d41123b3639",FROZEN(explicit),Infinite Entropy by Rafaël Rozendaal
"0x0A5c44da5F71B884c16A195CeC304F47ac0233CF",Infinite Entropy,"17b11372-d1b1-405a-8b54-13b3e1a0738e",Infinite Entropy 25,"71513905-f7b2-4ac1-b617-0d41123b3639","71513905-f7b2-4ac1-b617-0d41123b3639",FROZEN(explicit),Infinite Entropy by Rafaël Rozendaal
"0x0A5c44da5F71B884c16A195CeC304F47ac0233CF",Infinite Entropy,ed25109e-3e36-429d-aafd-a9cd12f854fb,Infinite Entropy 3,"71513905-f7b2-4ac1-b617-0d41123b3639","71513905-f7b2-4ac1-b617-0d41123b3639",FROZEN(explicit),Infinite Entropy by Rafaël Rozendaal
"0x0A5c44da5F71B884c16A195CeC304F47ac0233CF",Infinite Entropy,"23d93636-48be-42be-8b9c-59083b481079",Infinite Entropy 4,"71513905-f7b2-4ac1-b617-0d41123b3639","71513905-f7b2-4ac1-b617-0d41123b3639",FROZEN(explicit),Infinite Entropy by Rafaël Rozendaal
"0x0A5c44da5F71B884c16A195CeC304F47ac0233CF",Infinite Entropy,"43f6164c-d901-4e87-815a-c6689d05b48f",Infinite Entropy 5,"71513905-f7b2-4ac1-b617-0d41123b3639","71513905-f7b2-4ac1-b617-0d41123b3639",FROZEN(explicit),Infinite Entropy by Rafaël Rozendaal
"0x0A5c44da5F71B884c16A195CeC304F47ac0233CF",Infinite Entropy,f97bf0da-0630-4847-952a-902060b8081c,Infinite Entropy 6,"71513905-f7b2-4ac1-b617-0d41123b3639","71513905-f7b2-4ac1-b617-0d41123b3639",FROZEN(explicit),Infinite Entropy by Rafaël Rozendaal
"0x0A5c44da5F71B884c16A195CeC304F47ac0233CF",Infinite Entropy,"4ac90d22-2b94-4dad-8685-3df950746010",Infinite Entropy 7,"71513905-f7b2-4ac1-b617-0d41123b3639","71513905-f7b2-4ac1-b617-0d41123b3639",FROZEN(explicit),Infinite Entropy by Rafaël Rozendaal
"0x0A5c44da5F71B884c16A195CeC304F47ac0233CF",Infinite Entropy,"1b6bd73c-b612-4c24-a837-e5afe08616f7",Infinite Entropy 8,"71513905-f7b2-4ac1-b617-0d41123b3639","71513905-f7b2-4ac1-b617-0d41123b3639",FROZEN(explicit),Infinite Entropy by Rafaël Rozendaal
"0x0A5c44da5F71B884c16A195CeC304F47ac0233CF",Infinite Entropy,cf44b110-3b40-471a-8415-c805c80baae9,Infinite Entropy 9,"71513905-f7b2-4ac1-b617-0d41123b3639","71513905-f7b2-4ac1-b617-0d41123b3639",FROZEN(explicit),Infinite Entropy by Rafaël Rozendaal
"0x835dF7CC88D8BC51FCbb6a7FDED0BBE1ec020273",In Medias Res,ea32ccaf-798b-4ece-8505-fa77ef23f8b8,Allure of the Poppy,,ea32ccaf-798b-4ece-8505-fa77ef23f8b8,FALLBACK(series.id),Allure of the Poppy
"0x835dF7CC88D8BC51FCbb6a7FDED0BBE1ec020273",In Medias Res,b20f2fe2-ab82-400a-8ae5-3b72ed58c2d2,Arid Articulations,,b20f2fe2-ab82-400a-8ae5-3b72ed58c2d2,FALLBACK(series.id),Arid Articulations
"0x835dF7CC88D8BC51FCbb6a7FDED0BBE1ec020273",In Medias Res,"56c897f3-d2cc-45f0-91b7-50869bf7521c",Drive Time,,"56c897f3-d2cc-45f0-91b7-50869bf7521c",FALLBACK(series.id),Drive Time
"0x835dF7CC88D8BC51FCbb6a7FDED0BBE1ec020273",In Medias Res,"4ae268d4-aef9-4cc9-82ff-f2fb2dfe0351",Echoloji,,"4ae268d4-aef9-4cc9-82ff-f2fb2dfe0351",FALLBACK(series.id),Echoloji
"0x835dF7CC88D8BC51FCbb6a7FDED0BBE1ec020273",In Medias Res,"3f8acc82-4e82-42d0-b677-80a50429ea37",FeralFemme Huntrezz,,"3f8acc82-4e82-42d0-b677-80a50429ea37",FALLBACK(series.id),FeralFemme Huntrezz
"0x835dF7CC88D8BC51FCbb6a7FDED0BBE1ec020273",In Medias Res,"808dd840-8507-4b49-aa56-4f7562f8367d",LA Hal-mee-mee,,"808dd840-8507-4b49-aa56-4f7562f8367d",FALLBACK(series.id),LA Hal-mee-mee
"0x835dF7CC88D8BC51FCbb6a7FDED0BBE1ec020273",In Medias Res,b437d005-0b6b-401e-8998-d26a0f95635c,New Landscapes 2023,,b437d005-0b6b-401e-8998-d26a0f95635c,FALLBACK(series.id),New Landscapes 2023
"0x835dF7CC88D8BC51FCbb6a7FDED0BBE1ec020273",In Medias Res,f9ae424a-a13e-4c84-a3af-2a231180ea4a,Television Figures ,,f9ae424a-a13e-4c84-a3af-2a231180ea4a,FALLBACK(series.id),Television Figures 
"0x835dF7CC88D8BC51FCbb6a7FDED0BBE1ec020273",In Medias Res,"1ce507c4-7007-4dbb-a32c-46dfa9c8e70a",Waabanishimo: Miigaazh (She Dances Till Daylight: Fight),,"1ce507c4-7007-4dbb-a32c-46dfa9c8e70a",FALLBACK(series.id),Waabanishimo: Miigaazh (She Dances Till Daylight: Fight)
"0x1d5bdC75918600541C115b74b81a404C9E4AF7D4",Instructions Follow,cf435a8a-c4df-4606-9acc-809217ab367b,"24/7",,cf435a8a-c4df-4606-9acc-809217ab367b,FALLBACK(series.id),"24/7"
"0x1d5bdC75918600541C115b74b81a404C9E4AF7D4",Instructions Follow,"4f3fe912-d226-48b1-8120-56566426d110",Are Smart Machines Alive?,,"4f3fe912-d226-48b1-8120-56566426d110",FALLBACK(series.id),Are Smart Machines Alive?
"0x1d5bdC75918600541C115b74b81a404C9E4AF7D4",Instructions Follow,"6b095c1c-b367-4f4c-b583-6f0ae975e463",Each and Every Command,,"6b095c1c-b367-4f4c-b583-6f0ae975e463",FALLBACK(series.id),Each and Every Command
"0x1d5bdC75918600541C115b74b81a404C9E4AF7D4",Instructions Follow,a1b6689f-5236-471a-97a6-70ea0879dd42,Emergence,,a1b6689f-5236-471a-97a6-70ea0879dd42,FALLBACK(series.id),Emergence
"0x1d5bdC75918600541C115b74b81a404C9E4AF7D4",Instructions Follow,"91a3ea94-f606-40a9-9e39-611bdcb46fdd",Just in case,,"91a3ea94-f606-40a9-9e39-611bdcb46fdd",FALLBACK(series.id),Just in case
"0x1d5bdC75918600541C115b74b81a404C9E4AF7D4",Instructions Follow,"6e0b8c01-5b11-4ceb-b40a-c1d8efa4a66a",Minos,,"6e0b8c01-5b11-4ceb-b40a-c1d8efa4a66a",FALLBACK(series.id),Minos
"0x1d5bdC75918600541C115b74b81a404C9E4AF7D4",Instructions Follow,fe63cbf2-7377-4497-919b-853dd22c63e7,Neonumens,,fe63cbf2-7377-4497-919b-853dd22c63e7,FALLBACK(series.id),Neonumens
"0x1d5bdC75918600541C115b74b81a404C9E4AF7D4",Instructions Follow,"47db4cae-c786-4bb3-8735-e932ab81ed7f",Predictive Art Bot,,"47db4cae-c786-4bb3-8735-e932ab81ed7f",FALLBACK(series.id),Predictive Art Bot
"0x1d5bdC75918600541C115b74b81a404C9E4AF7D4",Instructions Follow,"746f680d-9a6c-4125-9486-3271bdbe7e6e",Sigils,,"746f680d-9a6c-4125-9486-3271bdbe7e6e",FALLBACK(series.id),Sigils
"0x1d5bdC75918600541C115b74b81a404C9E4AF7D4",Instructions Follow,"496bd7c1-d524-44fd-b8d6-9eb03fb9f320",Signal of the World,,"496bd7c1-d524-44fd-b8d6-9eb03fb9f320",FALLBACK(series.id),Signal of the World
"0x1d5bdC75918600541C115b74b81a404C9E4AF7D4",Instructions Follow,"51a53d4e-c60f-4582-8edc-c9998ed40a24",Ultimate Solvers,,"51a53d4e-c60f-4582-8edc-c9998ed40a24",FALLBACK(series.id),Ultimate Solvers
"0x1d5bdC75918600541C115b74b81a404C9E4AF7D4",Instructions Follow,f2db8c40-a2fb-4a93-be03-75ce3b3133f3,What do you want me to say?,,f2db8c40-a2fb-4a93-be03-75ce3b3133f3,FALLBACK(series.id),What do you want me to say?
"0xfD9FdFAC71Bbc7DD5C7176644De7Fbfd1A6825ee",In/Visible,"94f4a7aa-833f-44fd-8047-101faee9cb4d",Blonde Braids Study II,,"94f4a7aa-833f-44fd-8047-101faee9cb4d",FALLBACK(series.id),Blonde Braids Study II
"0xfD9FdFAC71Bbc7DD5C7176644De7Fbfd1A6825ee",In/Visible,"0fc999f8-144b-48c9-99e1-b1b6968cc29f",Chez Jo,,"0fc999f8-144b-48c9-99e1-b1b6968cc29f",FALLBACK(series.id),Chez Jo
"0xfD9FdFAC71Bbc7DD5C7176644De7Fbfd1A6825ee",In/Visible,"5810d154-74d0-4933-9073-554beaae1baf",Cities and spaceships,,"5810d154-74d0-4933-9073-554beaae1baf",FALLBACK(series.id),Cities and spaceships
"0xfD9FdFAC71Bbc7DD5C7176644De7Fbfd1A6825ee",In/Visible,"3984aa55-0f95-4d0c-a612-bec090616795",Confetti,,"3984aa55-0f95-4d0c-a612-bec090616795",FALLBACK(series.id),Confetti
"0xfD9FdFAC71Bbc7DD5C7176644De7Fbfd1A6825ee",In/Visible,"49766925-db57-4be6-956d-af5aaa26cda5",PERCEIVED,,"49766925-db57-4be6-956d-af5aaa26cda5",FALLBACK(series.id),PERCEIVED
"0xfD9FdFAC71Bbc7DD5C7176644De7Fbfd1A6825ee",In/Visible,de8b2c0b-e057-46b9-9650-a6455066bd5a,Planet Hibiscus,,de8b2c0b-e057-46b9-9650-a6455066bd5a,FALLBACK(series.id),Planet Hibiscus
"0xfD9FdFAC71Bbc7DD5C7176644De7Fbfd1A6825ee",In/Visible,"29c87f89-fd35-4294-8e26-3cdc022d00c6",Proof of Spirit — Act II,,"29c87f89-fd35-4294-8e26-3cdc022d00c6",FALLBACK(series.id),Proof of Spirit — Act II
"0xfD9FdFAC71Bbc7DD5C7176644De7Fbfd1A6825ee",In/Visible,ddb59010-2a33-4f5c-9559-58e30b281704,Summer Edition,,ddb59010-2a33-4f5c-9559-58e30b281704,FALLBACK(series.id),Summer Edition
"0xfD9FdFAC71Bbc7DD5C7176644De7Fbfd1A6825ee",In/Visible,"54adc6ea-44e7-4ba2-b9d0-a5f834f40d50",The Idunnos,,"54adc6ea-44e7-4ba2-b9d0-a5f834f40d50",FALLBACK(series.id),The Idunnos
"0xfD9FdFAC71Bbc7DD5C7176644De7Fbfd1A6825ee",In/Visible,"0b221b59-2dfd-415e-9db7-0d580cb0c0da",UNTITLED,,"0b221b59-2dfd-415e-9db7-0d580cb0c0da",FALLBACK(series.id),UNTITLED
"0x8f30722dd16BD63cF2665C383c1aEf5e307B0046",Material Wonderland,"07f145a0-1131-4366-a422-a6e18999d054",Material World Knight: Bardo Tunnel,"8bf192b1-5fc9-4bca-8156-a2e4c087df06","8bf192b1-5fc9-4bca-8156-a2e4c087df06",FROZEN(explicit),Material World Knight by Lu Yang
"0x8f30722dd16BD63cF2665C383c1aEf5e307B0046",Material Wonderland,b45f236a-f29f-4e0a-94b4-e894cb7566e7,Material World Knight: Fighting Mode,"8bf192b1-5fc9-4bca-8156-a2e4c087df06","8bf192b1-5fc9-4bca-8156-a2e4c087df06",FROZEN(explicit),Material World Knight by Lu Yang
"0x8f30722dd16BD63cF2665C383c1aEf5e307B0046",Material Wonderland,ce6dc4ca-13d5-4cda-ba15-9d3201873384,Material World Knight: Fight the Universe,"8bf192b1-5fc9-4bca-8156-a2e4c087df06","8bf192b1-5fc9-4bca-8156-a2e4c087df06",FROZEN(explicit),Material World Knight by Lu Yang
"0x8f30722dd16BD63cF2665C383c1aEf5e307B0046",Material Wonderland,c570b9bd-d434-4e95-8295-801cc9458b03,Material World Knight: Flying Mode,"8bf192b1-5fc9-4bca-8156-a2e4c087df06","8bf192b1-5fc9-4bca-8156-a2e4c087df06",FROZEN(explicit),Material World Knight by Lu Yang
"0x8f30722dd16BD63cF2665C383c1aEf5e307B0046",Material Wonderland,"866f3fab-e74a-46fe-ba92-651b95e356e9",Material World Knight: Full Armed Fighting Mode,"8bf192b1-5fc9-4bca-8156-a2e4c087df06","8bf192b1-5fc9-4bca-8156-a2e4c087df06",FROZEN(explicit),Material World Knight by Lu Yang
"0x8f30722dd16BD63cF2665C383c1aEf5e307B0046",Material Wonderland,c281ce58-3507-4f6f-bb15-540a88ee553f,Material World Knight: Giant Heart,"8bf192b1-5fc9-4bca-8156-a2e4c087df06","8bf192b1-5fc9-4bca-8156-a2e4c087df06",FROZEN(explicit),Material World Knight by Lu Yang
"0x8f30722dd16BD63cF2665C383c1aEf5e307B0046",Material Wonderland,af10361f-ee39-4e5b-88d0-6c43e8d9bab5,Material World Knight: Head Forest,"8bf192b1-5fc9-4bca-8156-a2e4c087df06","8bf192b1-5fc9-4bca-8156-a2e4c087df06",FROZEN(explicit),Material World Knight by Lu Yang
"0x8f30722dd16BD63cF2665C383c1aEf5e307B0046",Material Wonderland,f2cabb51-5eae-48a7-ba16-fc847c23e0fe,Material World Knight: Poster,,f2cabb51-5eae-48a7-ba16-fc847c23e0fe,FALLBACK(series.id),Material World Knight Poster by Lu Yang
"0x8f30722dd16BD63cF2665C383c1aEf5e307B0046",Material Wonderland,"412568f3-8e46-4058-baa8-b2d907578f0c",Material World Knight: Vajra Power,"8bf192b1-5fc9-4bca-8156-a2e4c087df06","8bf192b1-5fc9-4bca-8156-a2e4c087df06",FROZEN(explicit),Material World Knight by Lu Yang
"0xF51bFC40C10289246e5BBa7afEDeB8cF976c3250",N=12,"21cbc74d-faf2-4c7c-b0c7-41b79eb8bf2d","256 Kill-Screen",b568cb2d-07bf-4019-b484-cb4b017eeede,b568cb2d-07bf-4019-b484-cb4b017eeede,FROZEN(explicit),N=12
"0xF51bFC40C10289246e5BBa7afEDeB8cF976c3250",N=12,"42ebab42-b930-43f9-8133-261dd30367f6",Balls to the Walls,b568cb2d-07bf-4019-b484-cb4b017eeede,b568cb2d-07bf-4019-b484-cb4b017eeede,FROZEN(explicit),N=12
"0xF51bFC40C10289246e5BBa7afEDeB8cF976c3250",N=12,"0ed50f6e-e7e6-47b4-9a32-7eb061751de6",Beautiful Silence,b568cb2d-07bf-4019-b484-cb4b017eeede,b568cb2d-07bf-4019-b484-cb4b017eeede,FROZEN(explicit),N=12
"0xF51bFC40C10289246e5BBa7afEDeB8cF976c3250",N=12,"15cc0e38-fabd-4529-907d-e71cf143ce85",Beeldelementen,b568cb2d-07bf-4019-b484-cb4b017eeede,b568cb2d-07bf-4019-b484-cb4b017eeede,FROZEN(explicit),N=12
"0xF51bFC40C10289246e5BBa7afEDeB8cF976c3250",N=12,"806c328d-40b5-4f28-b565-f565dad97c34",Crosstalk,b568cb2d-07bf-4019-b484-cb4b017eeede,b568cb2d-07bf-4019-b484-cb4b017eeede,FROZEN(explicit),N=12
"0xF51bFC40C10289246e5BBa7afEDeB8cF976c3250",N=12,"63a3a1a6-ae51-4554-85ae-4ee50df1b72a",Emergence,b568cb2d-07bf-4019-b484-cb4b017eeede,b568cb2d-07bf-4019-b484-cb4b017eeede,FROZEN(explicit),N=12
"0xF51bFC40C10289246e5BBa7afEDeB8cF976c3250",N=12,"921dce6f-5174-4d9e-9d6b-9ef26f628231",Oscillation II,b568cb2d-07bf-4019-b484-cb4b017eeede,b568cb2d-07bf-4019-b484-cb4b017eeede,FROZEN(explicit),N=12
"0xF51bFC40C10289246e5BBa7afEDeB8cF976c3250",N=12,e1e6cc4c-f2c9-400b-82b0-f46d291ebf6b,Resonances,b568cb2d-07bf-4019-b484-cb4b017eeede,b568cb2d-07bf-4019-b484-cb4b017eeede,FROZEN(explicit),N=12
"0xF51bFC40C10289246e5BBa7afEDeB8cF976c3250",N=12,"7392c74e-cb0f-4be7-b4e4-26b9cad0499d",Superbloom,b568cb2d-07bf-4019-b484-cb4b017eeede,b568cb2d-07bf-4019-b484-cb4b017eeede,FROZEN(explicit),N=12
"0xF51bFC40C10289246e5BBa7afEDeB8cF976c3250",N=12,"707b6615-585d-4705-8dc1-36ce89b629ca",Tessellate,b568cb2d-07bf-4019-b484-cb4b017eeede,b568cb2d-07bf-4019-b484-cb4b017eeede,FROZEN(explicit),N=12
"0xF51bFC40C10289246e5BBa7afEDeB8cF976c3250",N=12,cbdf21b6-9875-4060-85b1-75d966086c52,Text Me When You Get Home,b568cb2d-07bf-4019-b484-cb4b017eeede,b568cb2d-07bf-4019-b484-cb4b017eeede,FROZEN(explicit),N=12
"0xF51bFC40C10289246e5BBa7afEDeB8cF976c3250",N=12,"87739d13-4997-4d0a-95b7-f1b03c603914",wavʌves,b568cb2d-07bf-4019-b484-cb4b017eeede,b568cb2d-07bf-4019-b484-cb4b017eeede,FROZEN(explicit),N=12
"0x115C9A6118bC7a3EB0aBD30f6BCF1C45Bb198AEd",Net Evil,"4819d9cd-0d02-47a0-b03f-782904a185cb",A(nn)i’s Phantom Obsessions,,"4819d9cd-0d02-47a0-b03f-782904a185cb",FALLBACK(series.id),A(nn)i’s Phantom Obsessions
"0x115C9A6118bC7a3EB0aBD30f6BCF1C45Bb198AEd",Net Evil,"8a8bbaf1-42d3-426b-b16a-d44344988ade",Bobalina Gala,,"8a8bbaf1-42d3-426b-b16a-d44344988ade",FALLBACK(series.id),Bobalina Gala
"0x115C9A6118bC7a3EB0aBD30f6BCF1C45Bb198AEd",Net Evil,b9c75754-0a64-42eb-9170-23ef11fc2f3d,Curse Reversed,,b9c75754-0a64-42eb-9170-23ef11fc2f3d,FALLBACK(series.id),Curse Reversed
"0x115C9A6118bC7a3EB0aBD30f6BCF1C45Bb198AEd",Net Evil,"5ad273eb-a00f-43a6-80a1-9eca7f4b201d",Hard Copy,,"5ad273eb-a00f-43a6-80a1-9eca7f4b201d",FALLBACK(series.id),Hard Copy
"0x115C9A6118bC7a3EB0aBD30f6BCF1C45Bb198AEd",Net Evil,ada23b29-83b7-4dfc-8ca3-b8ecb4a07dde,Ina Said Hello,,ada23b29-83b7-4dfc-8ca3-b8ecb4a07dde,FALLBACK(series.id),Ina Said Hello
"0x115C9A6118bC7a3EB0aBD30f6BCF1C45Bb198AEd",Net Evil,"07a06d03-ebd2-4db1-bb86-b58e879f8d78",Money Vortex,,"07a06d03-ebd2-4db1-bb86-b58e879f8d78",FALLBACK(series.id),Money Vortex
"0x115C9A6118bC7a3EB0aBD30f6BCF1C45Bb198AEd",Net Evil,c0e20987-c5d2-4d74-a247-043d13aa65b8,Moody Slew,,c0e20987-c5d2-4d74-a247-043d13aa65b8,FALLBACK(series.id),Moody Slew
"0x115C9A6118bC7a3EB0aBD30f6BCF1C45Bb198AEd",Net Evil,ba7e377d-e19e-40ff-becc-eff1e2aac779,Napster 24,,ba7e377d-e19e-40ff-becc-eff1e2aac779,FALLBACK(series.id),Napster 24
"0x115C9A6118bC7a3EB0aBD30f6BCF1C45Bb198AEd",Net Evil,"30ba9f49-52df-46b7-8b7d-0ddb8f0b311c",Phat Phonk,,"30ba9f49-52df-46b7-8b7d-0ddb8f0b311c",FALLBACK(series.id),Phat Phonk
"0x115C9A6118bC7a3EB0aBD30f6BCF1C45Bb198AEd",Net Evil,efda6a93-aa0c-4619-8176-39c95f2cbcde,Sweet Medicine,,efda6a93-aa0c-4619-8176-39c95f2cbcde,FALLBACK(series.id),Sweet Medicine
"0x115C9A6118bC7a3EB0aBD30f6BCF1C45Bb198AEd",Net Evil,a5a224a5-afbb-49b7-b399-e3c79ce1f2e9,Thunder Words,,a5a224a5-afbb-49b7-b399-e3c79ce1f2e9,FALLBACK(series.id),Thunder Words
"0x115C9A6118bC7a3EB0aBD30f6BCF1C45Bb198AEd",Net Evil,f5bd9abb-7a95-4c69-9fd5-88b816e51f2b,Unbridled Christie,,f5bd9abb-7a95-4c69-9fd5-88b816e51f2b,FALLBACK(series.id),Unbridled Christie
"0x115C9A6118bC7a3EB0aBD30f6BCF1C45Bb198AEd",Net Evil,"2f5d8b08-af8c-4a19-b1ce-815c9fd9bd03",​​𝚅𝙰𝙽𝙸𝚃𝙸𝙴𝚂,,"2f5d8b08-af8c-4a19-b1ce-815c9fd9bd03",FALLBACK(series.id),​​𝚅𝙰𝙽𝙸𝚃𝙸𝙴𝚂
"0x8a20fB6eb7e1D662b157Fc6eA0694972584C09BB",One to Zero,"45700bea-403a-45ed-8f40-cd21f799142a",Downtime,,"45700bea-403a-45ed-8f40-cd21f799142a",FALLBACK(series.id),Downtime
"0x8a20fB6eb7e1D662b157Fc6eA0694972584C09BB",One to Zero,d08770b9-536b-4129-b122-b47269fb0b64,Human Abecedary: Inter-Letters,,d08770b9-536b-4129-b122-b47269fb0b64,FALLBACK(series.id),Human Abecedary: Inter-Letters
"0x8a20fB6eb7e1D662b157Fc6eA0694972584C09BB",One to Zero,"4cf5f23e-b506-44be-97bb-a943d8dee84b",In Tongues,,"4cf5f23e-b506-44be-97bb-a943d8dee84b",FALLBACK(series.id),In Tongues
"0x8a20fB6eb7e1D662b157Fc6eA0694972584C09BB",One to Zero,"3515cd8c-dabf-4a9c-896c-4d1a8cac69e4",Memory Intensified by Hand of Manual World,,"3515cd8c-dabf-4a9c-896c-4d1a8cac69e4",FALLBACK(series.id),Memory Intensified by Hand of Manual World
"0x8a20fB6eb7e1D662b157Fc6eA0694972584C09BB",One to Zero,c3753955-b019-44ee-9190-d06ebb1ccd37,Mon Alphabet en Signes,,c3753955-b019-44ee-9190-d06ebb1ccd37,FALLBACK(series.id),Mon Alphabet en Signes
"0x8a20fB6eb7e1D662b157Fc6eA0694972584C09BB",One to Zero,"6378ad0a-3aea-44dc-9369-c4f855bd35b6",Perfume Area: The Alphabet,,"6378ad0a-3aea-44dc-9369-c4f855bd35b6",FALLBACK(series.id),Perfume Area: The Alphabet
"0x8a20fB6eb7e1D662b157Fc6eA0694972584C09BB",One to Zero,"6d1f1dce-5933-4385-af71-5a994e919d4b",PURCHASE CANCELLED,,"6d1f1dce-5933-4385-af71-5a994e919d4b",FALLBACK(series.id),PURCHASE CANCELLED
"0x8a20fB6eb7e1D662b157Fc6eA0694972584C09BB",One to Zero,"0bd7bb41-118d-4392-8559-43082957c05d",reCAPTCHA.otf,,"0bd7bb41-118d-4392-8559-43082957c05d",FALLBACK(series.id),reCAPTCHA.otf
"0xaDB387798599f5777CD0531c2ECb36007C1D1a51",On Screen Presence,df0fce01-b539-4e05-8087-68f3b371c8a8,Every Icon: BlockPrint,c328998f-27d4-496f-acea-7c971416110e,c328998f-27d4-496f-acea-7c971416110e,FROZEN(explicit),Every Icon: BlockPrint
"0xaDB387798599f5777CD0531c2ECb36007C1D1a51",On Screen Presence,c328998f-27d4-496f-acea-7c971416110e,Every Icon: BlockPrint,c328998f-27d4-496f-acea-7c971416110e,c328998f-27d4-496f-acea-7c971416110e,FROZEN(explicit),Every Icon: BlockPrint
"0xaDB387798599f5777CD0531c2ECb36007C1D1a51",On Screen Presence,fd2cbf3b-152e-4ed1-b2ae-21f65b2e2d0f,Movie on 06-03-22 at 1.00 PM,fd2cbf3b-152e-4ed1-b2ae-21f65b2e2d0f,fd2cbf3b-152e-4ed1-b2ae-21f65b2e2d0f,FROZEN(explicit),Movie on 06-03-22 at 1.00 PM
"0xaDB387798599f5777CD0531c2ECb36007C1D1a51",On Screen Presence,"90b82f85-dda3-417b-8af3-7e2d9a8756ba",Movie on 06-03-22 at 1.00 PM,fd2cbf3b-152e-4ed1-b2ae-21f65b2e2d0f,fd2cbf3b-152e-4ed1-b2ae-21f65b2e2d0f,FROZEN(explicit),Movie on 06-03-22 at 1.00 PM
"0xaDB387798599f5777CD0531c2ECb36007C1D1a51",On Screen Presence,"7b77f5d5-fefc-4a77-a40c-e9e8e5f8f9cb",Rewilded Topography #1 ,"7b77f5d5-fefc-4a77-a40c-e9e8e5f8f9cb","7b77f5d5-fefc-4a77-a40c-e9e8e5f8f9cb",FROZEN(explicit),Rewilded Topography #1 
"0xaDB387798599f5777CD0531c2ECb36007C1D1a51",On Screen Presence,d0a3c28f-7e45-4a53-bb8a-ea8677f1da91,Rewilded Topography #1 ,"7b77f5d5-fefc-4a77-a40c-e9e8e5f8f9cb","7b77f5d5-fefc-4a77-a40c-e9e8e5f8f9cb",FROZEN(explicit),Rewilded Topography #1 
"0xaDB387798599f5777CD0531c2ECb36007C1D1a51",On Screen Presence,"725023bf-1604-4f3b-8e57-100500682b29",Sketches in Iron,"725023bf-1604-4f3b-8e57-100500682b29","725023bf-1604-4f3b-8e57-100500682b29",FROZEN(explicit),Sketches in Iron
"0xaDB387798599f5777CD0531c2ECb36007C1D1a51",On Screen Presence,abf1fd61-b911-402b-9e2e-d7dcf96c4d82,Sketches in Iron,"725023bf-1604-4f3b-8e57-100500682b29","725023bf-1604-4f3b-8e57-100500682b29",FROZEN(explicit),Sketches in Iron
"0xaDB387798599f5777CD0531c2ECb36007C1D1a51",On Screen Presence,"5440b100-26fe-41b6-b55e-96ff06b5a94a",The Interfered Microscopy Plot,"0c3fa80b-712a-4688-b01a-fb904c658b76","0c3fa80b-712a-4688-b01a-fb904c658b76",FROZEN(explicit),The Interfered Microscopy Plot
"0xaDB387798599f5777CD0531c2ECb36007C1D1a51",On Screen Presence,"0c3fa80b-712a-4688-b01a-fb904c658b76",The Interfered Microscopy Plot,"0c3fa80b-712a-4688-b01a-fb904c658b76","0c3fa80b-712a-4688-b01a-fb904c658b76",FROZEN(explicit),The Interfered Microscopy Plot
"0x7E6c132B8cb00899d17750E0fD982EA122C6b0f2",Opening Celebration — Refik Anadol: Unsupervised,"88397634-9974-40fa-ab9b-b9632410229e",Study for Unsupervised,,"88397634-9974-40fa-ab9b-b9632410229e",FALLBACK(series.id),Study for Unsupervised
"0xE5163c74fFE6563D75d750E5d767122500a1c337",P1×3L,ebe3df0f-f765-410e-b2fa-edd39dcf5369,"3 ORBS",,ebe3df0f-f765-410e-b2fa-edd39dcf5369,FALLBACK(series.id),"3 ORBS"
"0xE5163c74fFE6563D75d750E5d767122500a1c337",P1×3L,"6862d0b4-252f-469d-8327-c0d79f8b4a67","4 ORBS",,"6862d0b4-252f-469d-8327-c0d79f8b4a67",FALLBACK(series.id),"4 ORBS"
"0xE5163c74fFE6563D75d750E5d767122500a1c337",P1×3L,"4f6816b5-3d84-4715-b025-c8a837030b49",Hatless,,"4f6816b5-3d84-4715-b025-c8a837030b49",FALLBACK(series.id),Hatless
"0xE5163c74fFE6563D75d750E5d767122500a1c337",P1×3L,"3620d7ce-0677-4c59-be8e-0638632dc43b",k.a9,,"3620d7ce-0677-4c59-be8e-0638632dc43b",FALLBACK(series.id),k.a9
"0xE5163c74fFE6563D75d750E5d767122500a1c337",P1×3L,"26433d62-bb36-46f8-bc8e-ed7214967cc2",k.f0,,"26433d62-bb36-46f8-bc8e-ed7214967cc2",FALLBACK(series.id),k.f0
"0xE5163c74fFE6563D75d750E5d767122500a1c337",P1×3L,f6d4f5f8-7f31-48c9-871e-b2cf4d4270aa,Mirror Arm,,f6d4f5f8-7f31-48c9-871e-b2cf4d4270aa,FALLBACK(series.id),Mirror Arm
"0xE5163c74fFE6563D75d750E5d767122500a1c337",P1×3L,f548cb77-a829-42ea-b097-3b54603a0d8f,Picnic 001,,f548cb77-a829-42ea-b097-3b54603a0d8f,FALLBACK(series.id),Picnic 001
"0xE5163c74fFE6563D75d750E5d767122500a1c337",P1×3L,af4fe2af-67bb-4440-9885-621d5c3bf965,Picnic 002,,af4fe2af-67bb-4440-9885-621d5c3bf965,FALLBACK(series.id),Picnic 002
"0xE5163c74fFE6563D75d750E5d767122500a1c337",P1×3L,"5d7e9132-059f-44d9-a6a9-3c8a9b688965",POST 1,,"5d7e9132-059f-44d9-a6a9-3c8a9b688965",FALLBACK(series.id),POST 1
"0xE5163c74fFE6563D75d750E5d767122500a1c337",P1×3L,"18125d2a-d424-496f-9949-9c3e625f114e",POST 2,,"18125d2a-d424-496f-9949-9c3e625f114e",FALLBACK(series.id),POST 2
"0x2A86C5466f088caEbf94e071a77669BAe371CD87",Peer to Peer,d2bc4191-7730-45d8-9d1f-685d494f3e9e,Bend,,d2bc4191-7730-45d8-9d1f-685d494f3e9e,FALLBACK(series.id),Bend
"0x2A86C5466f088caEbf94e071a77669BAe371CD87",Peer to Peer,"03292b3d-769f-4235-a8ad-a3517e24f351",Caryatid: Recursion,,"03292b3d-769f-4235-a8ad-a3517e24f351",FALLBACK(series.id),Caryatid: Recursion
"0x2A86C5466f088caEbf94e071a77669BAe371CD87",Peer to Peer,"51de9ede-43ee-43a8-8af5-3771d73eacc7",Caryatid: Thought,,"51de9ede-43ee-43a8-8af5-3771d73eacc7",FALLBACK(series.id),Caryatid: Thought
"0x2A86C5466f088caEbf94e071a77669BAe371CD87",Peer to Peer,b8e62a5d-cbe8-46c6-8d5c-fd66e06a0984,Caryatid: Vision,,b8e62a5d-cbe8-46c6-8d5c-fd66e06a0984,FALLBACK(series.id),Caryatid: Vision
"0x2A86C5466f088caEbf94e071a77669BAe371CD87",Peer to Peer,c601cac7-6a3b-410f-baa2-a86f4a6be10d,Caryatid: Wink,,c601cac7-6a3b-410f-baa2-a86f4a6be10d,FALLBACK(series.id),Caryatid: Wink
"0x2A86C5466f088caEbf94e071a77669BAe371CD87",Peer to Peer,"867218d3-8421-4e45-b6b9-eca2fef44f5d",CLUB ROTHKO - ORANGE AND YELLOW STARTER PACK,,"867218d3-8421-4e45-b6b9-eca2fef44f5d",FALLBACK(series.id),CLUB ROTHKO - ORANGE AND YELLOW STARTER PACK
"0x2A86C5466f088caEbf94e071a77669BAe371CD87",Peer to Peer,f5d3ffb6-99fb-4c50-ac82-d9db3cfd3963,"Evolutionary Games and Spatial Chaos, Letters to Nature, 1992",,f5d3ffb6-99fb-4c50-ac82-d9db3cfd3963,FALLBACK(series.id),"Evolutionary Games and Spatial Chaos, Letters to Nature, 1992"
"0x2A86C5466f088caEbf94e071a77669BAe371CD87",Peer to Peer,"712ddea8-2492-4357-9f03-d1ff7e9ad4cf",Marisol/Daphne/Auriea,,"712ddea8-2492-4357-9f03-d1ff7e9ad4cf",FALLBACK(series.id),Marisol/Daphne/Auriea
"0x2A86C5466f088caEbf94e071a77669BAe371CD87",Peer to Peer,"9e8992c9-91f0-48c7-a7c7-6ca7bcff9d6a",METASOTO,,"9e8992c9-91f0-48c7-a7c7-6ca7bcff9d6a",FALLBACK(series.id),METASOTO
"0x2A86C5466f088caEbf94e071a77669BAe371CD87",Peer to Peer,ea510926-e95c-43ad-b284-e2a9286ff3f2,"Metaverse Landscape 1: Decentraland Parcel -81, -17",,ea510926-e95c-43ad-b284-e2a9286ff3f2,FALLBACK(series.id),"Metaverse Landscape 1: Decentraland Parcel -81, -17"
"0x2A86C5466f088caEbf94e071a77669BAe371CD87",Peer to Peer,e03b37b6-2d2d-41d1-ac24-673e08600ac8,+rave-sing (traversing),,e03b37b6-2d2d-41d1-ac24-673e08600ac8,FALLBACK(series.id),+rave-sing (traversing)
"0x2A86C5466f088caEbf94e071a77669BAe371CD87",Peer to Peer,"5c46d607-e11d-477d-b38d-a9f5f2b7f6d9",Swim,,"5c46d607-e11d-477d-b38d-a9f5f2b7f6d9",FALLBACK(series.id),Swim
"0x2A86C5466f088caEbf94e071a77669BAe371CD87",Peer to Peer,"4d3d60e8-0f7b-4578-b5a7-efae617c3ce2",The Bell Machine,,"4d3d60e8-0f7b-4578-b5a7-efae617c3ce2",FALLBACK(series.id),The Bell Machine
"0x2A86C5466f088caEbf94e071a77669BAe371CD87",Peer to Peer,"8dfe5559-b967-42f7-9f4a-f7cb1dae9008",Titled (Information as Property as Art) [Ethereum Null Address],,"8dfe5559-b967-42f7-9f4a-f7cb1dae9008",FALLBACK(series.id),Titled (Information as Property as Art) [Ethereum Null Address]
"0x2A86C5466f088caEbf94e071a77669BAe371CD87",Peer to Peer,"82115197-d516-4bd8-8498-227aaf30eb12",Wheel of Life,,"82115197-d516-4bd8-8498-227aaf30eb12",FALLBACK(series.id),Wheel of Life
"0x2A86C5466f088caEbf94e071a77669BAe371CD87",Peer to Peer,"91765bc5-8815-4620-8268-80516d531dc0",Winslow Homer’s Croquet Challenge,,"91765bc5-8815-4620-8268-80516d531dc0",FALLBACK(series.id),Winslow Homer’s Croquet Challenge
"0xB14b42814895FC1B0A528a475f8A5b070eB4c671",Peer to Peer Launch Party Exclusive,"053acd9a-2871-409b-a6e0-75a5c7ee2d06",Peer to Peer Launch Party Exclusive,,"053acd9a-2871-409b-a6e0-75a5c7ee2d06",FALLBACK(series.id),Peer to Peer Launch Party Exclusive
"0x63c8282C8705E7873B3302bd623b2Bc8eBCdDDD3",Polyarrythmia,"3e8f638a-c7e2-403a-98d8-c185411825bd",Acrylic Interval,,"3e8f638a-c7e2-403a-98d8-c185411825bd",FALLBACK(series.id),Acrylic Interval
"0x63c8282C8705E7873B3302bd623b2Bc8eBCdDDD3",Polyarrythmia,e885a572-1acc-4b0c-9c63-c3f8e49bd302,Aufgezeichnete Luft,,e885a572-1acc-4b0c-9c63-c3f8e49bd302,FALLBACK(series.id),Aufgezeichnete Luft
"0x63c8282C8705E7873B3302bd623b2Bc8eBCdDDD3",Polyarrythmia,"93544620-dff8-4ae5-8194-3f527e8cc91e",Contrafictionary,,"93544620-dff8-4ae5-8194-3f527e8cc91e",FALLBACK(series.id),Contrafictionary
"0x63c8282C8705E7873B3302bd623b2Bc8eBCdDDD3",Polyarrythmia,ec014e95-c9de-4d2e-b464-d95c3f7ae19c,Glissbob,,ec014e95-c9de-4d2e-b464-d95c3f7ae19c,FALLBACK(series.id),Glissbob
"0x63c8282C8705E7873B3302bd623b2Bc8eBCdDDD3",Polyarrythmia,"03c9301f-e338-4419-8830-3e790fdc936b",Kubo Final,,"03c9301f-e338-4419-8830-3e790fdc936b",FALLBACK(series.id),Kubo Final
"0x63c8282C8705E7873B3302bd623b2Bc8eBCdDDD3",Polyarrythmia,dc8dddb8-7b4e-4d60-80da-071b92444514,Model Illusion,,dc8dddb8-7b4e-4d60-80da-071b92444514,FALLBACK(series.id),Model Illusion
"0x63c8282C8705E7873B3302bd623b2Bc8eBCdDDD3",Polyarrythmia,"25a0daeb-ec6d-4bfd-8a24-11c44beb5629",Seizures Palace,,"25a0daeb-ec6d-4bfd-8a24-11c44beb5629",FALLBACK(series.id),Seizures Palace
"0x63c8282C8705E7873B3302bd623b2Bc8eBCdDDD3",Polyarrythmia,"21a5bd39-64d0-490b-b578-6c6ecd317b7a",Simultan Dub,,"21a5bd39-64d0-490b-b578-6c6ecd317b7a",FALLBACK(series.id),Simultan Dub
"0x63c8282C8705E7873B3302bd623b2Bc8eBCdDDD3",Polyarrythmia,"398716ae-a05b-43bb-adb8-48e56114af6a",Vectoria,,"398716ae-a05b-43bb-adb8-48e56114af6a",FALLBACK(series.id),Vectoria
"0x513AC47320798fB6D74543242a9c0F686682998D",Primordium,f65cb7b3-89e2-47eb-9e73-3b371105e15e,"36 Points #01","6fc37daa-bb2b-4cb4-993e-5414e6bd672d","6fc37daa-bb2b-4cb4-993e-5414e6bd672d",FROZEN(explicit),"36 Points by Sage Jenson"
"0x513AC47320798fB6D74543242a9c0F686682998D",Primordium,a2ba079e-319b-425a-b3df-6bb68c1b7343,"36 Points #02","6fc37daa-bb2b-4cb4-993e-5414e6bd672d","6fc37daa-bb2b-4cb4-993e-5414e6bd672d",FROZEN(explicit),"36 Points by Sage Jenson"
"0x513AC47320798fB6D74543242a9c0F686682998D",Primordium,"6f5db274-ea1f-47b6-82ab-13b0ad650d36","36 Points #03","6fc37daa-bb2b-4cb4-993e-5414e6bd672d","6fc37daa-bb2b-4cb4-993e-5414e6bd672d",FROZEN(explicit),"36 Points by Sage Jenson"
"0x513AC47320798fB6D74543242a9c0F686682998D",Primordium,bfecf42e-41e0-46a7-a948-435c5439d574,"36 Points #04","6fc37daa-bb2b-4cb4-993e-5414e6bd672d","6fc37daa-bb2b-4cb4-993e-5414e6bd672d",FROZEN(explicit),"36 Points by Sage Jenson"
"0x513AC47320798fB6D74543242a9c0F686682998D",Primordium,f4cf4ad5-b654-48d3-8ea0-85ec65eb17fa,"36 Points #05","6fc37daa-bb2b-4cb4-993e-5414e6bd672d","6fc37daa-bb2b-4cb4-993e-5414e6bd672d",FROZEN(explicit),"36 Points by Sage Jenson"
"0x513AC47320798fB6D74543242a9c0F686682998D",Primordium,e5437c4c-e32c-40e4-9b0a-074db2d11a6a,"36 Points #06","6fc37daa-bb2b-4cb4-993e-5414e6bd672d","6fc37daa-bb2b-4cb4-993e-5414e6bd672d",FROZEN(explicit),"36 Points by Sage Jenson"
"0x513AC47320798fB6D74543242a9c0F686682998D",Primordium,c32b4f0b-d3dc-43b8-bce2-011b82e57c97,"36 Points #07","6fc37daa-bb2b-4cb4-993e-5414e6bd672d","6fc37daa-bb2b-4cb4-993e-5414e6bd672d",FROZEN(explicit),"36 Points by Sage Jenson"
"0x513AC47320798fB6D74543242a9c0F686682998D",Primordium,"2dbd7ac7-afe2-43fd-a83c-2156406c158e","36 Points #08","6fc37daa-bb2b-4cb4-993e-5414e6bd672d","6fc37daa-bb2b-4cb4-993e-5414e6bd672d",FROZEN(explicit),"36 Points by Sage Jenson"
"0x513AC47320798fB6D74543242a9c0F686682998D",Primordium,ff673a40-0bfb-4ac9-b6a3-2d9cc8385463,"36 Points #09","6fc37daa-bb2b-4cb4-993e-5414e6bd672d","6fc37daa-bb2b-4cb4-993e-5414e6bd672d",FROZEN(explicit),"36 Points by Sage Jenson"
"0x513AC47320798fB6D74543242a9c0F686682998D",Primordium,"2da1ec21-e476-40df-bc45-fb07573bdfe5","36 Points #10","6fc37daa-bb2b-4cb4-993e-5414e6bd672d","6fc37daa-bb2b-4cb4-993e-5414e6bd672d",FROZEN(explicit),"36 Points by Sage Jenson"
"0x513AC47320798fB6D74543242a9c0F686682998D",Primordium,"81c8f5d2-9f23-4584-8ee5-f7c975dc7951","36 Points #11","6fc37daa-bb2b-4cb4-993e-5414e6bd672d","6fc37daa-bb2b-4cb4-993e-5414e6bd672d",FROZEN(explicit),"36 Points by Sage Jenson"
"0x513AC47320798fB6D74543242a9c0F686682998D",Primordium,"94c4b51e-3c29-4568-9545-0556b290e14b","36 Points #12","6fc37daa-bb2b-4cb4-993e-5414e6bd672d","6fc37daa-bb2b-4cb4-993e-5414e6bd672d",FROZEN(explicit),"36 Points by Sage Jenson"
"0x513AC47320798fB6D74543242a9c0F686682998D",Primordium,cddc55e9-15b1-453e-9f5f-359171be96b5,"36 Points #13","6fc37daa-bb2b-4cb4-993e-5414e6bd672d","6fc37daa-bb2b-4cb4-993e-5414e6bd672d",FROZEN(explicit),"36 Points by Sage Jenson"
"0x513AC47320798fB6D74543242a9c0F686682998D",Primordium,e496c840-27ce-4988-80a3-e99cd123d107,"36 Points #14","6fc37daa-bb2b-4cb4-993e-5414e6bd672d","6fc37daa-bb2b-4cb4-993e-5414e6bd672d",FROZEN(explicit),"36 Points by Sage Jenson"
"0x513AC47320798fB6D74543242a9c0F686682998D",Primordium,"7ad28960-94f5-465f-b586-9d7834da476b","36 Points #15","6fc37daa-bb2b-4cb4-993e-5414e6bd672d","6fc37daa-bb2b-4cb4-993e-5414e6bd672d",FROZEN(explicit),"36 Points by Sage Jenson"
"0x513AC47320798fB6D74543242a9c0F686682998D",Primordium,"193dc737-9fe3-4f98-8714-c484cb4ce3e8","36 Points #16","6fc37daa-bb2b-4cb4-993e-5414e6bd672d","6fc37daa-bb2b-4cb4-993e-5414e6bd672d",FROZEN(explicit),"36 Points by Sage Jenson"
"0x513AC47320798fB6D74543242a9c0F686682998D",Primordium,"0f7a9421-44df-4d9c-a0d0-f850e4fdd43f","36 Points #17","6fc37daa-bb2b-4cb4-993e-5414e6bd672d","6fc37daa-bb2b-4cb4-993e-5414e6bd672d",FROZEN(explicit),"36 Points by Sage Jenson"
"0x513AC47320798fB6D74543242a9c0F686682998D",Primordium,"05c97416-7379-4d26-a61d-61277b939d3f","36 Points #18","6fc37daa-bb2b-4cb4-993e-5414e6bd672d","6fc37daa-bb2b-4cb4-993e-5414e6bd672d",FROZEN(explicit),"36 Points by Sage Jenson"
"0x513AC47320798fB6D74543242a9c0F686682998D",Primordium,"102f320e-2315-49a5-b0d9-bb96da1bf820","36 Points #19","6fc37daa-bb2b-4cb4-993e-5414e6bd672d","6fc37daa-bb2b-4cb4-993e-5414e6bd672d",FROZEN(explicit),"36 Points by Sage Jenson"
"0x513AC47320798fB6D74543242a9c0F686682998D",Primordium,e15a896b-84f6-442d-be9e-3faeb088bfb0,"36 Points #20","6fc37daa-bb2b-4cb4-993e-5414e6bd672d","6fc37daa-bb2b-4cb4-993e-5414e6bd672d",FROZEN(explicit),"36 Points by Sage Jenson"
"0x513AC47320798fB6D74543242a9c0F686682998D",Primordium,"669bc223-2deb-48f3-b5ba-e44d086bee6c","36 Points #21","6fc37daa-bb2b-4cb4-993e-5414e6bd672d","6fc37daa-bb2b-4cb4-993e-5414e6bd672d",FROZEN(explicit),"36 Points by Sage Jenson"
"0x513AC47320798fB6D74543242a9c0F686682998D",Primordium,"7e2aceea-c9f0-4afc-a4c6-8d37dda61d02","36 Points #22","6fc37daa-bb2b-4cb4-993e-5414e6bd672d","6fc37daa-bb2b-4cb4-993e-5414e6bd672d",FROZEN(explicit),"36 Points by Sage Jenson"
"0x513AC47320798fB6D74543242a9c0F686682998D",Primordium,"361076b7-b4f5-4b47-b800-8c1f31100271","36 Points #23","6fc37daa-bb2b-4cb4-993e-5414e6bd672d","6fc37daa-bb2b-4cb4-993e-5414e6bd672d",FROZEN(explicit),"36 Points by Sage Jenson"
"0x513AC47320798fB6D74543242a9c0F686682998D",Primordium,f004b2e2-91bf-4517-8815-faea12a3f062,"36 Points #24","6fc37daa-bb2b-4cb4-993e-5414e6bd672d","6fc37daa-bb2b-4cb4-993e-5414e6bd672d",FROZEN(explicit),"36 Points by Sage Jenson"
"0x513AC47320798fB6D74543242a9c0F686682998D",Primordium,"7e92539c-65ce-426b-a243-9b043d0defda","36 Points #25","6fc37daa-bb2b-4cb4-993e-5414e6bd672d","6fc37daa-bb2b-4cb4-993e-5414e6bd672d",FROZEN(explicit),"36 Points by Sage Jenson"
"0x513AC47320798fB6D74543242a9c0F686682998D",Primordium,"9ddfcfcf-2e67-480d-9d3f-feb885acbafb","36 Points #26","6fc37daa-bb2b-4cb4-993e-5414e6bd672d","6fc37daa-bb2b-4cb4-993e-5414e6bd672d",FROZEN(explicit),"36 Points by Sage Jenson"
"0x513AC47320798fB6D74543242a9c0F686682998D",Primordium,"500ccc6e-d7ad-443f-a9df-0bf709b3b3c9","36 Points #27","6fc37daa-bb2b-4cb4-993e-5414e6bd672d","6fc37daa-bb2b-4cb4-993e-5414e6bd672d",FROZEN(explicit),"36 Points by Sage Jenson"
"0x513AC47320798fB6D74543242a9c0F686682998D",Primordium,cb0fc2d2-1e7b-4a39-b518-2be692a52ffc,"36 Points #28","6fc37daa-bb2b-4cb4-993e-5414e6bd672d","6fc37daa-bb2b-4cb4-993e-5414e6bd672d",FROZEN(explicit),"36 Points by Sage Jenson"
"0x513AC47320798fB6D74543242a9c0F686682998D",Primordium,f128ae45-67bf-41f7-bef6-cdb30ec3c02b,"36 Points #29","6fc37daa-bb2b-4cb4-993e-5414e6bd672d","6fc37daa-bb2b-4cb4-993e-5414e6bd672d",FROZEN(explicit),"36 Points by Sage Jenson"
"0x513AC47320798fB6D74543242a9c0F686682998D",Primordium,b0cd5f03-3a5b-4be3-9c58-b05d2b388c5a,"36 Points #30","6fc37daa-bb2b-4cb4-993e-5414e6bd672d","6fc37daa-bb2b-4cb4-993e-5414e6bd672d",FROZEN(explicit),"36 Points by Sage Jenson"
"0x513AC47320798fB6D74543242a9c0F686682998D",Primordium,cf4a1884-2d79-4875-bba1-20206a8a489c,"36 Points #31","6fc37daa-bb2b-4cb4-993e-5414e6bd672d","6fc37daa-bb2b-4cb4-993e-5414e6bd672d",FROZEN(explicit),"36 Points by Sage Jenson"
"0x513AC47320798fB6D74543242a9c0F686682998D",Primordium,dc560d90-2d89-45be-a639-ebc3ab496f43,"36 Points #32","6fc37daa-bb2b-4cb4-993e-5414e6bd672d","6fc37daa-bb2b-4cb4-993e-5414e6bd672d",FROZEN(explicit),"36 Points by Sage Jenson"
"0x513AC47320798fB6D74543242a9c0F686682998D",Primordium,f421b0af-2ebc-4fa3-a9c1-de2ae7662c3e,"36 Points #33","6fc37daa-bb2b-4cb4-993e-5414e6bd672d","6fc37daa-bb2b-4cb4-993e-5414e6bd672d",FROZEN(explicit),"36 Points by Sage Jenson"
"0x513AC47320798fB6D74543242a9c0F686682998D",Primordium,"35b11663-0ced-4c14-9113-b5d763da0040","36 Points #34","6fc37daa-bb2b-4cb4-993e-5414e6bd672d","6fc37daa-bb2b-4cb4-993e-5414e6bd672d",FROZEN(explicit),"36 Points by Sage Jenson"
"0x513AC47320798fB6D74543242a9c0F686682998D",Primordium,"78e56727-5b72-4f98-bbef-67ed004a635d","36 Points #35","6fc37daa-bb2b-4cb4-993e-5414e6bd672d","6fc37daa-bb2b-4cb4-993e-5414e6bd672d",FROZEN(explicit),"36 Points by Sage Jenson"
"0x513AC47320798fB6D74543242a9c0F686682998D",Primordium,"6835b45f-7f3f-4caf-8a74-d52b35a24df1","36 Points #36","6fc37daa-bb2b-4cb4-993e-5414e6bd672d","6fc37daa-bb2b-4cb4-993e-5414e6bd672d",FROZEN(explicit),"36 Points by Sage Jenson"
"0x513AC47320798fB6D74543242a9c0F686682998D",Primordium,e9c74592-8483-4511-adb2-16ef4730ca1a,"36 Points Display Edition","6fc37daa-bb2b-4cb4-993e-5414e6bd672d","6fc37daa-bb2b-4cb4-993e-5414e6bd672d",FROZEN(explicit),"36 Points by Sage Jenson"
"0x513AC47320798fB6D74543242a9c0F686682998D",Primordium,"7ba57167-a13e-4033-b07e-c7094f74410c",Embryogenesis,,"7ba57167-a13e-4033-b07e-c7094f74410c",FALLBACK(series.id),Embryogenesis by Sage Jenson
"0x513AC47320798fB6D74543242a9c0F686682998D",Primordium,a3d23452-f377-4d0e-9a67-ecce7a182927,Tapestry,,a3d23452-f377-4d0e-9a67-ecce7a182927,FALLBACK(series.id),Tapestry by Sage Jenson
"0x29C9E04E05c5d261836e458BC5B779a7dE3C58D6",Reflections in the Water,"6ceb34ad-a8e2-40af-ada7-121a778ec352",Contemplating Motion,,"6ceb34ad-a8e2-40af-ada7-121a778ec352",FALLBACK(series.id),Contemplating Motion
"0x29C9E04E05c5d261836e458BC5B779a7dE3C58D6",Reflections in the Water,"3224d677-f521-415d-86c0-1f2f9c47abef",CUSP - Marsh Birds,,"3224d677-f521-415d-86c0-1f2f9c47abef",FALLBACK(series.id),CUSP - Marsh Birds
"0x29C9E04E05c5d261836e458BC5B779a7dE3C58D6",Reflections in the Water,e1b87ae6-d871-4e70-8df1-f9cd7dbd09f9,"Fragments:30.2051 N, 90.1121 W",,e1b87ae6-d871-4e70-8df1-f9cd7dbd09f9,FALLBACK(series.id),"Fragments:30.2051 N, 90.1121 W"
"0x29C9E04E05c5d261836e458BC5B779a7dE3C58D6",Reflections in the Water,"83c776c3-262e-4f1d-95f9-97f6d2ccb7cd",Fragments of Self,,"83c776c3-262e-4f1d-95f9-97f6d2ccb7cd",FALLBACK(series.id),Fragments of Self
"0x29C9E04E05c5d261836e458BC5B779a7dE3C58D6",Reflections in the Water,"92a0c691-c281-4a93-ae1f-48d5eacd0ee3","Leaves of Manifold, of Red and Gold",,"92a0c691-c281-4a93-ae1f-48d5eacd0ee3",FALLBACK(series.id),"Leaves of Manifold, of Red and Gold"
"0x29C9E04E05c5d261836e458BC5B779a7dE3C58D6",Reflections in the Water,d26432cc-df0d-42c3-94db-098332b438b6,Neighbors,,d26432cc-df0d-42c3-94db-098332b438b6,FALLBACK(series.id),Neighbors
"0x29C9E04E05c5d261836e458BC5B779a7dE3C58D6",Reflections in the Water,"8718cfaf-3a37-4112-bc66-c3654d2fb302",Pixie,,"8718cfaf-3a37-4112-bc66-c3654d2fb302",FALLBACK(series.id),Pixie
"0x29C9E04E05c5d261836e458BC5B779a7dE3C58D6",Reflections in the Water,f27c6217-e4c0-4f82-b8b7-d38c8653b0dd,Solstice Sky Dream,,f27c6217-e4c0-4f82-b8b7-d38c8653b0dd,FALLBACK(series.id),Solstice Sky Dream
"0x29C9E04E05c5d261836e458BC5B779a7dE3C58D6",Reflections in the Water,"063ccfde-866d-4dbd-95ed-5213336cfbca",Strange Fruit,,"063ccfde-866d-4dbd-95ed-5213336cfbca",FALLBACK(series.id),Strange Fruit
"0x29C9E04E05c5d261836e458BC5B779a7dE3C58D6",Reflections in the Water,"7462201d-7fd6-4ee9-83f6-4e4b35c39de1",There once was a jellyfish ...,,"7462201d-7fd6-4ee9-83f6-4e4b35c39de1",FALLBACK(series.id),There once was a jellyfish ...
"0x29C9E04E05c5d261836e458BC5B779a7dE3C58D6",Reflections in the Water,d7f80e10-a227-4272-bd58-2da08703d460,Vague Recollection,,d7f80e10-a227-4272-bd58-2da08703d460,FALLBACK(series.id),Vague Recollection
"0x29C9E04E05c5d261836e458BC5B779a7dE3C58D6",Reflections in the Water,"4a58d6e4-d014-4ea3-9837-f7892fd48157",Venuses (quantum bodies watched by Open Pose algorithm),,"4a58d6e4-d014-4ea3-9837-f7892fd48157",FALLBACK(series.id),Venuses (quantum bodies watched by Open Pose algorithm)
"0xD74745721E3b9c3D784F15bfBA2802fa2e9955d9",Scattered Limbs (Monument 01),abd875bc-27cf-4428-abc5-eb8cd10b4d6f,Scattered Limbs (Monument 01),,abd875bc-27cf-4428-abc5-eb8cd10b4d6f,FALLBACK(series.id),Scattered Limbs (Monument 01)
"0xA29a5824E2A52d15836f1780277d7218b0Ca244b",Smooth,"97846526-0283-4d34-8316-a8dd84c4dabf",Bridges,,"97846526-0283-4d34-8316-a8dd84c4dabf",FALLBACK(series.id),Bridges
"0x28b51BA8B990c48CB22cB6EF0ad5415fdBA5210C",Social Codes,"1f060e42-3437-444c-b823-a8b8532c449c","1DE94",,"1f060e42-3437-444c-b823-a8b8532c449c",FALLBACK(series.id),"1DE94"
"0x28b51BA8B990c48CB22cB6EF0ad5415fdBA5210C",Social Codes,"43c29566-9fad-42ce-aab9-1c4947164d94",Arrels,,"43c29566-9fad-42ce-aab9-1c4947164d94",FALLBACK(series.id),Arrels
"0x28b51BA8B990c48CB22cB6EF0ad5415fdBA5210C",Social Codes,"69518c54-2bc5-4b90-b606-675529c7593d",can I go where you go?,,"69518c54-2bc5-4b90-b606-675529c7593d",FALLBACK(series.id),can I go where you go?
"0x28b51BA8B990c48CB22cB6EF0ad5415fdBA5210C",Social Codes,"07c766f0-edc4-45fd-be50-83f89228b08c",dada data,,"07c766f0-edc4-45fd-be50-83f89228b08c",FALLBACK(series.id),dada data
"0x28b51BA8B990c48CB22cB6EF0ad5415fdBA5210C",Social Codes,"5af4af6f-1e6b-4e45-95db-7b4de60fe0ca",enchanting luxuriance,,"5af4af6f-1e6b-4e45-95db-7b4de60fe0ca",FALLBACK(series.id),enchanting luxuriance
"0x28b51BA8B990c48CB22cB6EF0ad5415fdBA5210C",Social Codes,"33e55482-5dac-40b8-972e-750c374d69bb",Lamia,,"33e55482-5dac-40b8-972e-750c374d69bb",FALLBACK(series.id),Lamia
"0x28b51BA8B990c48CB22cB6EF0ad5415fdBA5210C",Social Codes,"00f8e853-e20e-49bb-9f2f-8190507b8066",Scrampled,,"00f8e853-e20e-49bb-9f2f-8190507b8066",FALLBACK(series.id),Scrampled
"0x28b51BA8B990c48CB22cB6EF0ad5415fdBA5210C",Social Codes,"28cad12d-50f2-4d82-a77d-1284cf934b8c",Shimmer,,"28cad12d-50f2-4d82-a77d-1284cf934b8c",FALLBACK(series.id),Shimmer
"0x28b51BA8B990c48CB22cB6EF0ad5415fdBA5210C",Social Codes,"2a727b17-7890-4464-913d-3fe5ad2af4ae",Transparent Grit,,"2a727b17-7890-4464-913d-3fe5ad2af4ae",FALLBACK(series.id),Transparent Grit
"0x28b51BA8B990c48CB22cB6EF0ad5415fdBA5210C",Social Codes,"9983bf66-380e-4af3-bee9-237c492f18a0",uneasy dream,,"9983bf66-380e-4af3-bee9-237c492f18a0",FALLBACK(series.id),uneasy dream
"0x1D9787369B1DCf709f92Da1d8743c2A4b6028a83",SOUND MACHINES,"75e849ce-0d03-4943-84b3-56a41be87044",CANCELLING YOURSELF (Portal Video),,"75e849ce-0d03-4943-84b3-56a41be87044",FALLBACK(series.id),CANCELLING YOURSELF (Portal Video)
"0x1D9787369B1DCf709f92Da1d8743c2A4b6028a83",SOUND MACHINES,ccb212b8-76cd-4c54-824a-266f33fe057d,CANCEL YOURSELF,,ccb212b8-76cd-4c54-824a-266f33fe057d,FALLBACK(series.id),CANCEL YOURSELF
"0x1D9787369B1DCf709f92Da1d8743c2A4b6028a83",SOUND MACHINES,"471b892b-9373-4245-9b80-c6e5c706ae43",Integrity Protocol / Lower Limb Lecture,,"471b892b-9373-4245-9b80-c6e5c706ae43",FALLBACK(series.id),Integrity Protocol / Lower Limb Lecture
"0x1D9787369B1DCf709f92Da1d8743c2A4b6028a83",SOUND MACHINES,a15bd8e4-2e6e-4839-9c2b-c2fd98bd7b47,Integrity Protocol Lyrics Video,,a15bd8e4-2e6e-4839-9c2b-c2fd98bd7b47,FALLBACK(series.id),Integrity Protocol Lyrics Video
"0x1D9787369B1DCf709f92Da1d8743c2A4b6028a83",SOUND MACHINES,cccecf88-6d8f-485f-9358-0def21bc4ad7,PAYPHONE,,cccecf88-6d8f-485f-9358-0def21bc4ad7,FALLBACK(series.id),PAYPHONE
"0x1D9787369B1DCf709f92Da1d8743c2A4b6028a83",SOUND MACHINES,"8d8e8feb-da80-4dc4-b2f0-b7c7a3472f29",Play from Memory,,"8d8e8feb-da80-4dc4-b2f0-b7c7a3472f29",FALLBACK(series.id),Play from Memory
"0x1D9787369B1DCf709f92Da1d8743c2A4b6028a83",SOUND MACHINES,faa810f7-7b75-4c02-bf8a-b7447a89c921,SOUND PIECE V,a8cefd59-fd74-4ac1-9cdc-c91d1ef56e7e,a8cefd59-fd74-4ac1-9cdc-c91d1ef56e7e,FROZEN(explicit),SOUND PIECE V by Yoko Ono
"0x1D9787369B1DCf709f92Da1d8743c2A4b6028a83",SOUND MACHINES,a8cefd59-fd74-4ac1-9cdc-c91d1ef56e7e,SOUND PIECE V,a8cefd59-fd74-4ac1-9cdc-c91d1ef56e7e,a8cefd59-fd74-4ac1-9cdc-c91d1ef56e7e,FROZEN(explicit),SOUND PIECE V by Yoko Ono
"0x1D9787369B1DCf709f92Da1d8743c2A4b6028a83",SOUND MACHINES,"67ab07f9-3dc5-4758-a560-c3d2347523b8",Vox Anima,,"67ab07f9-3dc5-4758-a560-c3d2347523b8",FALLBACK(series.id),Vox Anima
"0x67E3ad1902A55074AAdD84d9b335105B2D52b813",StarQuest,"1c4e667e-45b5-4467-a1e9-8efe8165ca0d",StarQuest,,"1c4e667e-45b5-4467-a1e9-8efe8165ca0d",FALLBACK(series.id),StarQuest
"0x772A3C476461C041FeAC146A86113d7b14712653",SuperBridge Summit Dubai,d80846db-92be-4351-b66d-b8956c67e76b,Inaugural SuperBridge Summit,,d80846db-92be-4351-b66d-b8956c67e76b,FALLBACK(series.id),Inaugural SuperBridge Summit
"0x9294c5787f5BC7462E991fE8B6FeaC75F433ac39",Ten Whistlegraphs,"2998a10b-8ddc-4344-9f3d-710ab5ec9287",Butterfly Cosplayer,"56049bb2-d5ea-4947-b6ec-fc99408f92cf","56049bb2-d5ea-4947-b6ec-fc99408f92cf",FROZEN(explicit),Ten Whistlegraphs by Whistlegraph
"0x9294c5787f5BC7462E991fE8B6FeaC75F433ac39",Ten Whistlegraphs,a187efae-f936-4363-8f77-61b650548144,I Don’t Need an iPhone,"56049bb2-d5ea-4947-b6ec-fc99408f92cf","56049bb2-d5ea-4947-b6ec-fc99408f92cf",FROZEN(explicit),Ten Whistlegraphs by Whistlegraph
"0x9294c5787f5BC7462E991fE8B6FeaC75F433ac39",Ten Whistlegraphs,"5eb92ed1-7e81-4b2f-a24c-8e2a67c085e8",Lately When I Fly,"56049bb2-d5ea-4947-b6ec-fc99408f92cf","56049bb2-d5ea-4947-b6ec-fc99408f92cf",FROZEN(explicit),Ten Whistlegraphs by Whistlegraph
"0x9294c5787f5BC7462E991fE8B6FeaC75F433ac39",Ten Whistlegraphs,edc8b7d3-e95c-4056-93d3-d29d1258195f,Loner,"56049bb2-d5ea-4947-b6ec-fc99408f92cf","56049bb2-d5ea-4947-b6ec-fc99408f92cf",FROZEN(explicit),Ten Whistlegraphs by Whistlegraph
"0x9294c5787f5BC7462E991fE8B6FeaC75F433ac39",Ten Whistlegraphs,f0cf5ba9-4d45-45a7-aafa-a340ccb1dca8,Mommy Wow,"56049bb2-d5ea-4947-b6ec-fc99408f92cf","56049bb2-d5ea-4947-b6ec-fc99408f92cf",FROZEN(explicit),Ten Whistlegraphs by Whistlegraph
"0x9294c5787f5BC7462E991fE8B6FeaC75F433ac39",Ten Whistlegraphs,"3a13e193-725f-4a07-b5fa-51f36fc79050",People Pleaser,"56049bb2-d5ea-4947-b6ec-fc99408f92cf","56049bb2-d5ea-4947-b6ec-fc99408f92cf",FROZEN(explicit),Ten Whistlegraphs by Whistlegraph
"0x9294c5787f5BC7462E991fE8B6FeaC75F433ac39",Ten Whistlegraphs,"9ce5936e-a888-4302-a998-146823306098",Puzzle,"56049bb2-d5ea-4947-b6ec-fc99408f92cf","56049bb2-d5ea-4947-b6ec-fc99408f92cf",FROZEN(explicit),Ten Whistlegraphs by Whistlegraph
"0x9294c5787f5BC7462E991fE8B6FeaC75F433ac39",Ten Whistlegraphs,"3110459a-bcad-4dd9-a43d-a0f1eaddc0f8",Slinky Dog,"56049bb2-d5ea-4947-b6ec-fc99408f92cf","56049bb2-d5ea-4947-b6ec-fc99408f92cf",FROZEN(explicit),Ten Whistlegraphs by Whistlegraph
"0x9294c5787f5BC7462E991fE8B6FeaC75F433ac39",Ten Whistlegraphs,"1e0b019f-60fa-4ae2-96ab-78796310ce0d",Time To Grow,"56049bb2-d5ea-4947-b6ec-fc99408f92cf","56049bb2-d5ea-4947-b6ec-fc99408f92cf",FROZEN(explicit),Ten Whistlegraphs by Whistlegraph
"0x9294c5787f5BC7462E991fE8B6FeaC75F433ac39",Ten Whistlegraphs,"71e492dd-e8e6-4b1e-8bf1-ee6d8708e04e",What’s Inside Your Heart?,"56049bb2-d5ea-4947-b6ec-fc99408f92cf","56049bb2-d5ea-4947-b6ec-fc99408f92cf",FROZEN(explicit),Ten Whistlegraphs by Whistlegraph
"0xaa02CC02F4531Ee75d1b78Cb5A155d4F3B54f830",The Bardo: Unpacking the Real,"7764ae91-0392-48fb-b68c-796d701bed08",Earmark,,"7764ae91-0392-48fb-b68c-796d701bed08",FALLBACK(series.id),Earmark
"0xaa02CC02F4531Ee75d1b78Cb5A155d4F3B54f830",The Bardo: Unpacking the Real,faa504eb-868c-4134-a7b2-eef051b9abbc,it's a matter of perspective,,faa504eb-868c-4134-a7b2-eef051b9abbc,FALLBACK(series.id),it's a matter of perspective
"0xaa02CC02F4531Ee75d1b78Cb5A155d4F3B54f830",The Bardo: Unpacking the Real,adc4221c-4f00-4193-ac82-c4d9b1a0b681,Kiki.object,,adc4221c-4f00-4193-ac82-c4d9b1a0b681,FALLBACK(series.id),Kiki.object
"0xaa02CC02F4531Ee75d1b78Cb5A155d4F3B54f830",The Bardo: Unpacking the Real,"6bcc9b62-0ca3-4fdc-8232-0a3f2d4adf13",peep-o-rama,,"6bcc9b62-0ca3-4fdc-8232-0a3f2d4adf13",FALLBACK(series.id),peep-o-rama
"0xaa02CC02F4531Ee75d1b78Cb5A155d4F3B54f830",The Bardo: Unpacking the Real,e9aab828-96ae-4d16-b155-6bb9fded9f34,Slipstream 001,,e9aab828-96ae-4d16-b155-6bb9fded9f34,FALLBACK(series.id),Slipstream 001
"0xaa02CC02F4531Ee75d1b78Cb5A155d4F3B54f830",The Bardo: Unpacking the Real,"3a9f6d14-d53d-4d5c-b55a-f0e5793d5d0e","Spectrality (from The Divers, IX)",,"3a9f6d14-d53d-4d5c-b55a-f0e5793d5d0e",FALLBACK(series.id),"Spectrality (from The Divers, IX)"
"0xaa02CC02F4531Ee75d1b78Cb5A155d4F3B54f830",The Bardo: Unpacking the Real,"2a57c29f-fa5b-440d-8dee-2d58cdb9238c",The Mystery [v5-dv1] ,,"2a57c29f-fa5b-440d-8dee-2d58cdb9238c",FALLBACK(series.id),The Mystery [v5-dv1] 
"0x377d8E26d145c9ba0db766A0A577baBa9de9eC17",The Experiment,e15b4b6f-c180-4f92-9a8d-0599df13670c,"1570742540594-34287",,e15b4b6f-c180-4f92-9a8d-0599df13670c,FALLBACK(series.id),"1570742540594-34287"
"0x377d8E26d145c9ba0db766A0A577baBa9de9eC17",The Experiment,"14224a4b-321b-4326-af6c-4488d9450de2",Aliqua,,"14224a4b-321b-4326-af6c-4488d9450de2",FALLBACK(series.id),Aliqua
"0x377d8E26d145c9ba0db766A0A577baBa9de9eC17",The Experiment,"31f893aa-cc8f-4345-af6f-efd5d0b3afbf","Announcement, 2019",,"31f893aa-cc8f-4345-af6f-efd5d0b3afbf",FALLBACK(series.id),"Announcement, 2019"
"0x377d8E26d145c9ba0db766A0A577baBa9de9eC17",The Experiment,d0b8d299-3787-4da9-8eff-9a7654d7e2cb,💮 ɃŁØSSØM (FØNŦ) 💮,,d0b8d299-3787-4da9-8eff-9a7654d7e2cb,FALLBACK(series.id),💮 ɃŁØSSØM (FØNŦ) 💮
"0x377d8E26d145c9ba0db766A0A577baBa9de9eC17",The Experiment,b9fc23b3-5cf1-4507-82b0-3ececbc7e01f,Cube_1997,,b9fc23b3-5cf1-4507-82b0-3ececbc7e01f,FALLBACK(series.id),Cube_1997
"0x377d8E26d145c9ba0db766A0A577baBa9de9eC17",The Experiment,d1497479-9335-4b83-85bc-31caba9f2b29,Cyanotype Plant Sketch,,d1497479-9335-4b83-85bc-31caba9f2b29,FALLBACK(series.id),Cyanotype Plant Sketch
"0x377d8E26d145c9ba0db766A0A577baBa9de9eC17",The Experiment,daf603b2-4c66-4faf-8e43-a5062ed1301e,DOG-WHISTLE_V2.MP4(L8NITE-SCREENER),,daf603b2-4c66-4faf-8e43-a5062ed1301e,FALLBACK(series.id),DOG-WHISTLE_V2.MP4(L8NITE-SCREENER)
"0x377d8E26d145c9ba0db766A0A577baBa9de9eC17",The Experiment,c3103036-25e6-4d9c-bf38-bda9ce49722f,Into the Nothingness,,c3103036-25e6-4d9c-bf38-bda9ce49722f,FALLBACK(series.id),Into the Nothingness
"0x377d8E26d145c9ba0db766A0A577baBa9de9eC17",The Experiment,ce3d993f-34cc-494a-b265-a38105d4cd39,Mineral Ghost,,ce3d993f-34cc-494a-b265-a38105d4cd39,FALLBACK(series.id),Mineral Ghost
"0x377d8E26d145c9ba0db766A0A577baBa9de9eC17",The Experiment,"44915b9e-8eac-477b-aa53-cfd335da082a",Mode Confusion,,"44915b9e-8eac-477b-aa53-cfd335da082a",FALLBACK(series.id),Mode Confusion
"0x377d8E26d145c9ba0db766A0A577baBa9de9eC17",The Experiment,b2a161dd-a790-4b60-83b4-dece2d0e1602,Nakamoto (The Proof),,b2a161dd-a790-4b60-83b4-dece2d0e1602,FALLBACK(series.id),Nakamoto (The Proof)
"0x377d8E26d145c9ba0db766A0A577baBa9de9eC17",The Experiment,"78f213d3-a7d3-440e-817f-3cefbf28e043",Nashi,,"78f213d3-a7d3-440e-817f-3cefbf28e043",FALLBACK(series.id),Nashi
"0x377d8E26d145c9ba0db766A0A577baBa9de9eC17",The Experiment,e9eb561f-255d-4dd9-bf6a-b26e6476ce03,Pavilions,,e9eb561f-255d-4dd9-bf6a-b26e6476ce03,FALLBACK(series.id),Pavilions
"0x377d8E26d145c9ba0db766A0A577baBa9de9eC17",The Experiment,f6d0cf6d-5e60-454d-b9bb-823657fccd4e,Self-Portrait with Mask,,f6d0cf6d-5e60-454d-b9bb-823657fccd4e,FALLBACK(series.id),Self-Portrait with Mask
"0x377d8E26d145c9ba0db766A0A577baBa9de9eC17",The Experiment,"6337f939-ad1e-4ea6-b549-205fb1951b56",SHE,,"6337f939-ad1e-4ea6-b549-205fb1951b56",FALLBACK(series.id),SHE
"0x377d8E26d145c9ba0db766A0A577baBa9de9eC17",The Experiment,"5b561f36-6604-4ec8-8dbe-cb3c4f6039c9",She Who Sees The Unknown: Aisha Qandisha,,"5b561f36-6604-4ec8-8dbe-cb3c4f6039c9",FALLBACK(series.id),She Who Sees The Unknown: Aisha Qandisha
"0x377d8E26d145c9ba0db766A0A577baBa9de9eC17",The Experiment,"807072fa-2043-483d-a5bb-d274e6a83fa9",Sketch for a Cyclops,,"807072fa-2043-483d-a5bb-d274e6a83fa9",FALLBACK(series.id),Sketch for a Cyclops
"0x377d8E26d145c9ba0db766A0A577baBa9de9eC17",The Experiment,bc195832-3ec9-4fd1-a1f6-a761ae0d8f53,Speculative Fetish (Vive Controller),,bc195832-3ec9-4fd1-a1f6-a761ae0d8f53,FALLBACK(series.id),Speculative Fetish (Vive Controller)
"0x377d8E26d145c9ba0db766A0A577baBa9de9eC17",The Experiment,"21f4e5b6-6af2-4885-a174-377d73be8397",Untitled Specimen,,"21f4e5b6-6af2-4885-a174-377d73be8397",FALLBACK(series.id),Untitled Specimen
"0x6E906B2E355294A6aeCD6B4F75816Eda9F703dda",The Long Cut,"252527ee-2232-45e0-9ead-27379ff26219",Abstract Oracle Miner 0009328437,,"252527ee-2232-45e0-9ead-27379ff26219",FALLBACK(series.id),Abstract Oracle Miner 0009328437
"0x6E906B2E355294A6aeCD6B4F75816Eda9F703dda",The Long Cut,"231fa61b-eb94-40d7-9a5c-0d5c7e94f1ed","E-dream: We’ll stay, forever, in this way (2020 selected)",,"231fa61b-eb94-40d7-9a5c-0d5c7e94f1ed",FALLBACK(series.id),"E-dream: We’ll stay, forever, in this way (2020 selected)"
"0x6E906B2E355294A6aeCD6B4F75816Eda9F703dda",The Long Cut,"06dccbad-8fee-4c3c-934a-7eb45bd0b9d1",Free Fall Study III,,"06dccbad-8fee-4c3c-934a-7eb45bd0b9d1",FALLBACK(series.id),Free Fall Study III
"0x6E906B2E355294A6aeCD6B4F75816Eda9F703dda",The Long Cut,"2d1f1330-d66a-4e9e-afd6-c17e5e55f2c4","In endless flow of absolute truth, there are innumerable relative conjecture.",,"2d1f1330-d66a-4e9e-afd6-c17e5e55f2c4",FALLBACK(series.id),"In endless flow of absolute truth, there are innumerable relative conjecture."
"0x6E906B2E355294A6aeCD6B4F75816Eda9F703dda",The Long Cut,"5472181b-3d22-436b-88fb-bb3e07fa073d",Satellite,,"5472181b-3d22-436b-88fb-bb3e07fa073d",FALLBACK(series.id),Satellite
"0x6E906B2E355294A6aeCD6B4F75816Eda9F703dda",The Long Cut,"1703b594-d76d-49a5-a6c8-ce04f85550ed",Steering Pixels,,"1703b594-d76d-49a5-a6c8-ce04f85550ed",FALLBACK(series.id),Steering Pixels
"0x6E906B2E355294A6aeCD6B4F75816Eda9F703dda",The Long Cut,"78850fcd-afca-4757-a9c6-9c847cb3c49d",The One Who Lived Yesterday,,"78850fcd-afca-4757-a9c6-9c847cb3c49d",FALLBACK(series.id),The One Who Lived Yesterday
"0xBb12686c360e9057be3CD031140035A705e19ceC",Truth,e97db658-5ee9-4ddb-91ac-cdaa1e5b1363,A broken symmetry — the cat's parabola,,e97db658-5ee9-4ddb-91ac-cdaa1e5b1363,FALLBACK(series.id),A broken symmetry — the cat's parabola
"0xBb12686c360e9057be3CD031140035A705e19ceC",Truth,"885f3cca-2d91-4a7f-919d-580876035f73",Cuneiform,,"885f3cca-2d91-4a7f-919d-580876035f73",FALLBACK(series.id),Cuneiform
"0xBb12686c360e9057be3CD031140035A705e19ceC",Truth,e8f79d54-d0b3-4a19-8775-8ab7a3ce9f98,Dactylogram,,e8f79d54-d0b3-4a19-8775-8ab7a3ce9f98,FALLBACK(series.id),Dactylogram
"0xBb12686c360e9057be3CD031140035A705e19ceC",Truth,"71e2bed5-e224-4ead-8fea-88a8cc067dbe",filum,,"71e2bed5-e224-4ead-8fea-88a8cc067dbe",FALLBACK(series.id),filum
"0xBb12686c360e9057be3CD031140035A705e19ceC",Truth,"1d39c523-9da9-406d-8feb-31e1d2704310",inter/sections,,"1d39c523-9da9-406d-8feb-31e1d2704310",FALLBACK(series.id),inter/sections
"0xBb12686c360e9057be3CD031140035A705e19ceC",Truth,"2788daa0-6065-4eb1-84c2-6d46828c4453",Metamosaic,,"2788daa0-6065-4eb1-84c2-6d46828c4453",FALLBACK(series.id),Metamosaic
"0xBb12686c360e9057be3CD031140035A705e19ceC",Truth,"6d275227-8632-4ffc-b34b-689e851f2a7c",Vitreous,,"6d275227-8632-4ffc-b34b-689e851f2a7c",FALLBACK(series.id),Vitreous
"0x7a15b36cB834AeA88553De69077D3777460d73Ac",Unsupervised,e601569d-5611-4a82-93ba-a7f55b260001,Unsupervised — Data Universe — MoMA,,e601569d-5611-4a82-93ba-a7f55b260001,FALLBACK(series.id),Unsupervised — Data Universe — MoMA by Refik Anadol
"0x7a15b36cB834AeA88553De69077D3777460d73Ac",Unsupervised,"29b720ff-fcbf-4467-a53d-e79a90ad0d60",Unsupervised — Machine Hallucinations — MoMA,e3a2a207-ea91-461b-80db-18c7ffbfe8ce,e3a2a207-ea91-461b-80db-18c7ffbfe8ce,FROZEN(explicit),Unsupervised — Machine Hallucinations — MoMA by Refik Anadol
"0x7a15b36cB834AeA88553De69077D3777460d73Ac",Unsupervised,d35cdb38-917f-42f3-9914-e276dc5f0ded,Unsupervised — Machine Hallucinations — MoMA Dreams — A,e3a2a207-ea91-461b-80db-18c7ffbfe8ce,e3a2a207-ea91-461b-80db-18c7ffbfe8ce,FROZEN(explicit),Unsupervised — Machine Hallucinations — MoMA Dreams by Refik Anadol
"0x7a15b36cB834AeA88553De69077D3777460d73Ac",Unsupervised,"821dd86a-8764-441f-af58-95c857a7c4d3",Unsupervised — Machine Hallucinations — MoMA Dreams — B,e3a2a207-ea91-461b-80db-18c7ffbfe8ce,e3a2a207-ea91-461b-80db-18c7ffbfe8ce,FROZEN(explicit),Unsupervised — Machine Hallucinations — MoMA Dreams by Refik Anadol
"0x7a15b36cB834AeA88553De69077D3777460d73Ac",Unsupervised,c3b2c10b-91c6-4e2f-83bc-fcb5068e98be,Unsupervised — Machine Hallucinations — MoMA Dreams — C,e3a2a207-ea91-461b-80db-18c7ffbfe8ce,e3a2a207-ea91-461b-80db-18c7ffbfe8ce,FROZEN(explicit),Unsupervised — Machine Hallucinations — MoMA Dreams by Refik Anadol
"0x7a15b36cB834AeA88553De69077D3777460d73Ac",Unsupervised,"61c2c2b6-4f2c-4e1b-9e45-23faf3e76594",Unsupervised — Machine Hallucinations — MoMA Dreams — D,e3a2a207-ea91-461b-80db-18c7ffbfe8ce,e3a2a207-ea91-461b-80db-18c7ffbfe8ce,FROZEN(explicit),Unsupervised — Machine Hallucinations — MoMA Dreams by Refik Anadol
"0x7a15b36cB834AeA88553De69077D3777460d73Ac",Unsupervised,c4c9bfde-13bc-4cf5-bc4d-817280673ec3,Unsupervised — Machine Hallucinations — MoMA Dreams — E,e3a2a207-ea91-461b-80db-18c7ffbfe8ce,e3a2a207-ea91-461b-80db-18c7ffbfe8ce,FROZEN(explicit),Unsupervised — Machine Hallucinations — MoMA Dreams by Refik Anadol
"0x7a15b36cB834AeA88553De69077D3777460d73Ac",Unsupervised,e362fa91-c218-45df-8167-d7e7c3440052,Unsupervised — Machine Hallucinations — MoMA Dreams — F,e3a2a207-ea91-461b-80db-18c7ffbfe8ce,e3a2a207-ea91-461b-80db-18c7ffbfe8ce,FROZEN(explicit),Unsupervised — Machine Hallucinations — MoMA Dreams by Refik Anadol
"0x7a15b36cB834AeA88553De69077D3777460d73Ac",Unsupervised,"31bc21a0-c834-49a3-866f-d4839cbe14df",Unsupervised — Machine Hallucinations — MoMA Dreams — G,e3a2a207-ea91-461b-80db-18c7ffbfe8ce,e3a2a207-ea91-461b-80db-18c7ffbfe8ce,FROZEN(explicit),Unsupervised — Machine Hallucinations — MoMA Dreams by Refik Anadol
"0x7a15b36cB834AeA88553De69077D3777460d73Ac",Unsupervised,"6a0781b7-93ff-4cef-9a92-6e197990be57",Unsupervised — Machine Hallucinations — MoMA Dreams — H,e3a2a207-ea91-461b-80db-18c7ffbfe8ce,e3a2a207-ea91-461b-80db-18c7ffbfe8ce,FROZEN(explicit),Unsupervised — Machine Hallucinations — MoMA Dreams by Refik Anadol
"0x7a15b36cB834AeA88553De69077D3777460d73Ac",Unsupervised,"29cd44b3-2ed9-4d8b-beb5-073d248a1a00",Unsupervised — Machine Hallucinations — MoMA Dreams — I,e3a2a207-ea91-461b-80db-18c7ffbfe8ce,e3a2a207-ea91-461b-80db-18c7ffbfe8ce,FROZEN(explicit),Unsupervised — Machine Hallucinations — MoMA Dreams by Refik Anadol
"0x7a15b36cB834AeA88553De69077D3777460d73Ac",Unsupervised,d6e1e0f1-7a9d-46f1-a691-bf0604e755b5,Unsupervised — Machine Hallucinations — MoMA Fluid Dreams,e3a2a207-ea91-461b-80db-18c7ffbfe8ce,e3a2a207-ea91-461b-80db-18c7ffbfe8ce,FROZEN(explicit),Unsupervised — Machine Hallucinations — MoMA by Refik Anadol
"0x7a15b36cB834AeA88553De69077D3777460d73Ac",Unsupervised,"96f1663b-5216-4758-aa7f-3a70e6d9d45b",Unsupervised — Machine Hallucinations — MoMA Generative Study 1,e3a2a207-ea91-461b-80db-18c7ffbfe8ce,e3a2a207-ea91-461b-80db-18c7ffbfe8ce,FROZEN(explicit),Unsupervised — Machine Hallucinations — MoMA by Refik Anadol
"0x559fE9Fe5E2DAE7A7ae5766457096E6d7C647A46",Unsupervised — Burned — Data Universe — MoMA — 2D,f8d29291-cac7-480b-aacd-05de41d1a1ae,Unsupervised — Burned — Data Universe — MoMA — 2D,,f8d29291-cac7-480b-aacd-05de41d1a1ae,FALLBACK(series.id),Unsupervised - Burned - Data Universe - MoMA - 2D by Refik Anadol
"0xc490888997d65df70FE69f33BA3bf7C8D12989CF",Unsupervised — Burned — Data Universe — MoMA — 3D,aac17bb5-3377-4e4d-92bd-3767881bfba7,Unsupervised — Burned — Data Universe — MoMA — 3D,,aac17bb5-3377-4e4d-92bd-3767881bfba7,FALLBACK(series.id),Unsupervised - Burned - Data Universe - MoMA - 3D by Refik Anadol
"0x9D6c8e4B348999A69eE24285cd81226f4628e8F8",Unsupervised — Burned — Machine Hallucinations — MoMA Dreams,"72b1a11a-16da-4550-aa2c-7f197a219ae8",Unsupervised — Burned — Machine Hallucinations — MoMA Dreams,,"72b1a11a-16da-4550-aa2c-7f197a219ae8",FALLBACK(series.id),Unsupervised - Burned - Machine Hallucinations - MoMA Dreams By Refik Anadol
"0x7A9Ea7C036F6aaB113E2563096ef1e0E56375A39",WETWARE,f8d24d67-7cd9-4465-9665-2c063ae4e073,A la recherche de l'information perdue,,f8d24d67-7cd9-4465-9665-2c063ae4e073,FALLBACK(series.id),A la recherche de l'information perdue
"0x7A9Ea7C036F6aaB113E2563096ef1e0E56375A39",WETWARE,"9849f146-aef6-4614-9f8e-6bbf82fba520",Bindigrl,,"9849f146-aef6-4614-9f8e-6bbf82fba520",FALLBACK(series.id),Bindigrl
"0x7A9Ea7C036F6aaB113E2563096ef1e0E56375A39",WETWARE,"434b4eab-f8ed-4e75-b80f-5377e08ca430",Contested Zone,,"434b4eab-f8ed-4e75-b80f-5377e08ca430",FALLBACK(series.id),Contested Zone
"0x7A9Ea7C036F6aaB113E2563096ef1e0E56375A39",WETWARE,bb118c17-1444-4c39-9587-64aa126d6f58,Cyberflesh Girlmonster-4 Recuperated Stills,,bb118c17-1444-4c39-9587-64aa126d6f58,FALLBACK(series.id),Cyberflesh Girlmonster-4 Recuperated Stills
"0x7A9Ea7C036F6aaB113E2563096ef1e0E56375A39",WETWARE,"522055e6-e5d8-41b5-8cad-9823c9666e2a",Estroworld Now: The Quarantine Edition,,"522055e6-e5d8-41b5-8cad-9823c9666e2a",FALLBACK(series.id),Estroworld Now: The Quarantine Edition
"0x7A9Ea7C036F6aaB113E2563096ef1e0E56375A39",WETWARE,"6d1a279d-0ddc-4067-84e4-0e0e96fd36fb",Housewives Making Drugs,,"6d1a279d-0ddc-4067-84e4-0e0e96fd36fb",FALLBACK(series.id),Housewives Making Drugs
"0x7A9Ea7C036F6aaB113E2563096ef1e0E56375A39",WETWARE,f5f51874-1c4c-42f8-9433-423fd791d6a8,"IKU: Expand, an interface",,f5f51874-1c4c-42f8-9433-423fd791d6a8,FALLBACK(series.id),"IKU: Expand, an interface"
"0x7A9Ea7C036F6aaB113E2563096ef1e0E56375A39",WETWARE,"2ee448fc-b02a-4f74-a8c0-0e4da84f7ab1",MAJLIS AL-JINN: Huma + The Archive,,"2ee448fc-b02a-4f74-a8c0-0e4da84f7ab1",FALLBACK(series.id),MAJLIS AL-JINN: Huma + The Archive
"0x7A9Ea7C036F6aaB113E2563096ef1e0E56375A39",WETWARE,c4c506d9-a409-471a-bbf9-012bcfb1fa73,Putins a WASTEMAN,,c4c506d9-a409-471a-bbf9-012bcfb1fa73,FALLBACK(series.id),Putins a WASTEMAN
"0x7A9Ea7C036F6aaB113E2563096ef1e0E56375A39",WETWARE,"9d72a792-cd60-40b6-a8aa-59bc41a9cacb",Social Capital Fights,,"9d72a792-cd60-40b6-a8aa-59bc41a9cacb",FALLBACK(series.id),Social Capital Fights
"0x7A9Ea7C036F6aaB113E2563096ef1e0E56375A39",WETWARE,f00cd40d-0fe5-4805-953f-9a52ff6da2ac,TimeTravellerTM Trailer,,f00cd40d-0fe5-4805-953f-9a52ff6da2ac,FALLBACK(series.id),TimeTravellerTM Trailer
"0x5D303A17883C442603B8afb54921d1b7DCc0C831",流れのパターン / Patterns of Flow,"4d23d1ce-97c8-411b-b615-e64ca8d78c3c",Flow Painting,,"4d23d1ce-97c8-411b-b615-e64ca8d78c3c",FALLBACK(series.id),Flow Painting
"0x5D303A17883C442603B8afb54921d1b7DCc0C831",流れのパターン / Patterns of Flow,dce8e5ee-869d-41f6-8c0b-de98a4a0a98f,Flows of Pattern,,dce8e5ee-869d-41f6-8c0b-de98a4a0a98f,FALLBACK(series.id),Flows of Pattern
"0x5D303A17883C442603B8afb54921d1b7DCc0C831",流れのパターン / Patterns of Flow,"4fbf3d62-4824-4e2a-9f5c-8051f7c7d566",Grey Path,,"4fbf3d62-4824-4e2a-9f5c-8051f7c7d566",FALLBACK(series.id),Grey Path
"0x5D303A17883C442603B8afb54921d1b7DCc0C831",流れのパターン / Patterns of Flow,ccd387c2-4762-4037-8752-bbc223957199,Nostalgia,,ccd387c2-4762-4037-8752-bbc223957199,FALLBACK(series.id),Nostalgia
"0x5D303A17883C442603B8afb54921d1b7DCc0C831",流れのパターン / Patterns of Flow,"4e5e1cc5-3038-443b-8f5b-f35cab89811d",Path of Tones,,"4e5e1cc5-3038-443b-8f5b-f35cab89811d",FALLBACK(series.id),Path of Tones
"0x5D303A17883C442603B8afb54921d1b7DCc0C831",流れのパターン / Patterns of Flow,ab6684c6-c8bd-474e-937c-55ca68591085,Sea of Code,,ab6684c6-c8bd-474e-937c-55ca68591085,FALLBACK(series.id),Sea of Code
"0x5D303A17883C442603B8afb54921d1b7DCc0C831",流れのパターン / Patterns of Flow,"5f673d60-a2c0-4356-8bf9-09dc0d43f44b",Synergistic Metropolis,,"5f673d60-a2c0-4356-8bf9-09dc0d43f44b",FALLBACK(series.id),Synergistic Metropolis
"0x5D303A17883C442603B8afb54921d1b7DCc0C831",流れのパターン / Patterns of Flow,"3ad37701-9935-438e-8a9c-9dcadab429a6",With you,,"3ad37701-9935-438e-8a9c-9dcadab429a6",FALLBACK(series.id),With you
"0x5D303A17883C442603B8afb54921d1b7DCc0C831",流れのパターン / Patterns of Flow,"87bf9fc7-cab0-4a60-ac73-6a210ddbbcbc","変化・循環・その間の形 / Changes, Cycles, and Shapes in Between",,"87bf9fc7-cab0-4a60-ac73-6a210ddbbcbc",FALLBACK(series.id),"変化・循環・その間の形 / Changes, Cycles, and Shapes in Between"
"0x5D303A17883C442603B8afb54921d1b7DCc0C831",流れのパターン / Patterns of Flow,a62734e6-bce4-49a6-ab10-1b9698085efa,響く残響 / Resonant Echo,,a62734e6-bce4-49a6-ab10-1b9698085efa,FALLBACK(series.id),響く残響 / Resonant Echo
