collection_uuid,collection_name,series_id,series_title,exhibition,eth_contracts,note
fe2f3149-d59c-44dc-ba15-f9bc21798388,ANATOMY of a rabbit but bird by Iskra Velitchkova,fe2f3149-d59c-44dc-ba15-f9bc21798388,ANATOMY of a rabbit but bird,+GRAPH,0xacd3392e9Ec2C4D876D09DC38cb52F842Ea58096,
abc9532c-3b95-4502-b0ac-fa5a64510ccd,Breakpoint. by James Merrill,abc9532c-3b95-4502-b0ac-fa5a64510ccd,Breakpoint.,+GRAPH,0xacd3392e9Ec2C4D876D09DC38cb52F842Ea58096,
490e2542-daac-48c4-8407-bbd15eb9ab74,Fictional Lullaby by Licia He,490e2542-daac-48c4-8407-bbd15eb9ab74,Fictional Lullaby,+GRAPH,0xacd3392e9Ec2C4D876D09DC38cb52F842Ea58096,
22356067-3858-46c7-ba80-02f0dafa04b6,Fine Particles by Joanie Lemercier,22356067-3858-46c7-ba80-02f0dafa04b6,Fine Particles,+GRAPH,0xacd3392e9Ec2C4D876D09DC38cb52F842Ea58096,
55e9a993-a644-405f-b489-d4dc7e03ac5c,Mineral by Julien Gachadoat,55e9a993-a644-405f-b489-d4dc7e03ac5c,Mineral,+GRAPH,0xacd3392e9Ec2C4D876D09DC38cb52F842Ea58096,
688c1976-748d-4b54-8aac-61b5561924e6,The Space in Between by Aleksandra Jovanić,688c1976-748d-4b54-8aac-61b5561924e6,The Space in Between,+GRAPH,0xacd3392e9Ec2C4D876D09DC38cb52F842Ea58096,
a00f828f-f402-42e6-b382-0d99e7881da7,BLOOMCORE by Rick Silva,a00f828f-f402-42e6-b382-0d99e7881da7,BLOOMCORE,BLOOMCORE,0xe59B7D60d7d7183E09d8ABb6DF8B20EB4CF66632,
24e7d8fd-01b9-4673-9f46-6f69118feda1,BOOM TOWN by Peter Burr,dd833c02-3847-40be-ab08-20d574aad3b9,APARTMENT BLOCK,BOOM TOWN,0x6003994adECA13407E8dbEE808280CC3EF2ab820,
24e7d8fd-01b9-4673-9f46-6f69118feda1,BOOM TOWN by Peter Burr,fa38844a-ecc1-45be-b260-ceab60504697,EMPTY LOT,BOOM TOWN,0x6003994adECA13407E8dbEE808280CC3EF2ab820,
24e7d8fd-01b9-4673-9f46-6f69118feda1,BOOM TOWN by Peter Burr,949ddc52-1007-4f79-a355-e287a7b55fc6,FACTORY,BOOM TOWN,0x6003994adECA13407E8dbEE808280CC3EF2ab820,
24e7d8fd-01b9-4673-9f46-6f69118feda1,BOOM TOWN by Peter Burr,4c2da678-ac66-4b85-8fd5-75fc26ba0a5b,LUXURY HOME,BOOM TOWN,0x6003994adECA13407E8dbEE808280CC3EF2ab820,
7b70df63-d20f-44bb-9026-be9e824f0cf8,MONOPOLY SET by Peter Burr,7b70df63-d20f-44bb-9026-be9e824f0cf8,MONOPOLY SET,BOOM TOWN,0x14a62abFEC0e09159fBE9c050F3B03044fC7ea52,
24e7d8fd-01b9-4673-9f46-6f69118feda1,BOOM TOWN by Peter Burr,d9002d0a-d209-43da-b71b-f4a9c0024af5,OFFICE PARK,BOOM TOWN,0x6003994adECA13407E8dbEE808280CC3EF2ab820,
24e7d8fd-01b9-4673-9f46-6f69118feda1,BOOM TOWN by Peter Burr,d247736f-14d8-4e9a-8408-3f2328ae4459,POWER PLANT,BOOM TOWN,0x6003994adECA13407E8dbEE808280CC3EF2ab820,
24e7d8fd-01b9-4673-9f46-6f69118feda1,BOOM TOWN by Peter Burr,8d857653-9b06-4789-bf98-b5646b0c3f47,SHOPPING PLAZA,BOOM TOWN,0x6003994adECA13407E8dbEE808280CC3EF2ab820,
24e7d8fd-01b9-4673-9f46-6f69118feda1,BOOM TOWN by Peter Burr,9de55d58-68f1-455a-9a41-4296ecc56cad,WAREHOUSE,BOOM TOWN,0x6003994adECA13407E8dbEE808280CC3EF2ab820,
87d406ed-010f-4b76-91a2-41bcec98f51a,COLORS OF NOISE by Kim Asendorf,87d406ed-010f-4b76-91a2-41bcec98f51a,COLORS OF NOISE,COLORS OF NOISE,0xD156b0297f33Ddd706Ddeb018371FFDf02868e79,
3c4b0a8b-6d3e-4c32-aaae-c701bb9deca9,CRAWL WOODBLOCK SCREENSHOTS by Travess Smalley,7dc28901-7e2e-40ac-bc03-fb82718a223c,COJARETTE,CRAWL,0x81c882c59799eA442317D020c39174AaAa8d7FC7,
82dcf3d9-56ba-40bf-b57d-3a631bbdb7d5,CRAWL by Travess Smalley,82dcf3d9-56ba-40bf-b57d-3a631bbdb7d5,CRAWL,CRAWL,0x81c882c59799eA442317D020c39174AaAa8d7FC7,
0a954c31-d336-4e37-af0f-ec336c064879,CRAWL MULTI LEVEL by Travess Smalley,0a954c31-d336-4e37-af0f-ec336c064879,CRAWL MULTI LEVEL,CRAWL,0x81c882c59799eA442317D020c39174AaAa8d7FC7,
3c4b0a8b-6d3e-4c32-aaae-c701bb9deca9,CRAWL WOODBLOCK SCREENSHOTS by Travess Smalley,9b7bc96c-4805-4018-a51e-de46577ba695,DAGAREMOTO,CRAWL,0x81c882c59799eA442317D020c39174AaAa8d7FC7,
3c4b0a8b-6d3e-4c32-aaae-c701bb9deca9,CRAWL WOODBLOCK SCREENSHOTS by Travess Smalley,49fc6bfe-fae5-4c41-9318-0c0791c610b2,HYPHADEV,CRAWL,0x81c882c59799eA442317D020c39174AaAa8d7FC7,
3c4b0a8b-6d3e-4c32-aaae-c701bb9deca9,CRAWL WOODBLOCK SCREENSHOTS by Travess Smalley,81a059ef-0268-416e-9ec4-86857cc48a38,KICK-NELINE,CRAWL,0x81c882c59799eA442317D020c39174AaAa8d7FC7,
3c4b0a8b-6d3e-4c32-aaae-c701bb9deca9,CRAWL WOODBLOCK SCREENSHOTS by Travess Smalley,d37dca13-3966-4801-8779-04cbac4a0ca1,LAMOSEA,CRAWL,0x81c882c59799eA442317D020c39174AaAa8d7FC7,
3c4b0a8b-6d3e-4c32-aaae-c701bb9deca9,CRAWL WOODBLOCK SCREENSHOTS by Travess Smalley,ad7c970e-e07e-4f2c-90a2-195165928bcc,MINAREA,CRAWL,0x81c882c59799eA442317D020c39174AaAa8d7FC7,
3c4b0a8b-6d3e-4c32-aaae-c701bb9deca9,CRAWL WOODBLOCK SCREENSHOTS by Travess Smalley,e6b8db26-3ca5-4a24-896f-6fe9a76a12a2,NOTOPORE,CRAWL,0x81c882c59799eA442317D020c39174AaAa8d7FC7,
3c4b0a8b-6d3e-4c32-aaae-c701bb9deca9,CRAWL WOODBLOCK SCREENSHOTS by Travess Smalley,3d4fe94b-a952-40f3-a939-2a1b23e4cd10,RAYATRONTOA,CRAWL,0x81c882c59799eA442317D020c39174AaAa8d7FC7,
3c4b0a8b-6d3e-4c32-aaae-c701bb9deca9,CRAWL WOODBLOCK SCREENSHOTS by Travess Smalley,1143e5a1-dca3-443e-bee6-944a697aedad,SITEDCHLO,CRAWL,0x81c882c59799eA442317D020c39174AaAa8d7FC7,
3c4b0a8b-6d3e-4c32-aaae-c701bb9deca9,CRAWL WOODBLOCK SCREENSHOTS by Travess Smalley,6168b2a7-8700-4b76-87f3-70c7edbe2a85,SONGKNOTLIRA,CRAWL,0x81c882c59799eA442317D020c39174AaAa8d7FC7,
91eda99c-03a0-4821-9726-eb9c31e12ab4,Okra Continuum by Stephanie Dinkins,91eda99c-03a0-4821-9726-eb9c31e12ab4,Okra Continuum,Chain Reaction,0xc4f0ee96676D3de800b9725eb628DE1C5a0CBea1,
3a69abd1-7a86-4538-96ed-972252fc2ca0,Public View / Private View by Jennifer and Kevin McCoy,3a69abd1-7a86-4538-96ed-972252fc2ca0,Public View / Private View,Chain Reaction,0xc4f0ee96676D3de800b9725eb628DE1C5a0CBea1,
fb935df6-9ee2-4f45-aa0c-c31367aa6962,Seed Protocol - Dynamical Lunar Indigenous Time (DLITE) 43:28:22.0004124 by Amelia Winger-Bearskin,fb935df6-9ee2-4f45-aa0c-c31367aa6962,Seed Protocol - Dynamical Lunar Indigenous Time (DLITE) 43:28:22.0004124,Chain Reaction,0xc4f0ee96676D3de800b9725eb628DE1C5a0CBea1,
4a747b91-c7a5-41ea-a4a3-4b958d95ab00,Silva Ex Machina by Alfredo Salazar-Caro,4a747b91-c7a5-41ea-a4a3-4b958d95ab00,Silva Ex Machina,Chain Reaction,0xc4f0ee96676D3de800b9725eb628DE1C5a0CBea1,
5041f962-1cde-463a-a68b-8fc4b12acad0,Synchronicities by Sara Ludy,5041f962-1cde-463a-a68b-8fc4b12acad0,Synchronicities,Chain Reaction,0xc4f0ee96676D3de800b9725eb628DE1C5a0CBea1,
f56c905f-1a43-4759-b110-a684805ac2b6,The Dorises - Oystercraft from silicon to saltwater by Ira Greenberg and Marina Zurkow,f56c905f-1a43-4759-b110-a684805ac2b6,The Dorises - Oystercraft from silicon to saltwater,Chain Reaction,0xc4f0ee96676D3de800b9725eb628DE1C5a0CBea1,
4538a452-7e21-46e4-bf3d-5b7cf1e08894,Angelcores & Heavenly Sprites by Sabato Visconti,4538a452-7e21-46e4-bf3d-5b7cf1e08894,Angelcores & Heavenly Sprites,Console Spirituality,0x614d5475FE81ef4b6Dd8093b5C73EfEEE03167e0,
8379d2a7-575f-4cde-aade-18b2aa044f7e,Data Pilgrims 01 by Emi Kusano,8379d2a7-575f-4cde-aade-18b2aa044f7e,Data Pilgrims 01,Console Spirituality,0x614d5475FE81ef4b6Dd8093b5C73EfEEE03167e0,
a3613c63-074d-4aaa-847d-b23a77512a90,Dungeoneer by John Provencher,a3613c63-074d-4aaa-847d-b23a77512a90,Dungeoneer,Console Spirituality,0x614d5475FE81ef4b6Dd8093b5C73EfEEE03167e0,
31452a50-518f-4620-9973-8f16da2fe57c,"Uxkme / Morphogenic Angels: I know who I am, although I have forgotten who I am by Keiken & Gabriel Massan",31452a50-518f-4620-9973-8f16da2fe57c,"Uxkme / Morphogenic Angels: I know who I am, although I have forgotten who I am",Console Spirituality,0x614d5475FE81ef4b6Dd8093b5C73EfEEE03167e0,
45095426-61c8-40d1-b985-713062620744,Xibam / Eternal Nurture: Sometimes my spirit runs away from me by Keiken & Gabriel Massan,45095426-61c8-40d1-b985-713062620744,Xibam / Eternal Nurture: Sometimes my spirit runs away from me,Console Spirituality,0x614d5475FE81ef4b6Dd8093b5C73EfEEE03167e0,
f0f2f42e-d24f-44a2-85a1-4d85aa84c9ee,DATALAND: Rainforest – WEF 2024 Memento by Refik Anadol,f0f2f42e-d24f-44a2-85a1-4d85aa84c9ee,DATALAND: Rainforest – WEF 2024 Memento,DATALAND: Rainforest – WEF 2024 Memento,0x051E50D8465417e58899FD48C3b0Fc0CA3Dd4B6a,
db6e39b0-4500-48d7-ac83-398a877006de,Da Nang Landscape by An.H,db6e39b0-4500-48d7-ac83-398a877006de,Da Nang Landscape,Da Nang Review,0x60d0e7d2Ce6558d0a993693c4612fF9a642C5433,
a8a5d95b-f68d-4802-9f5f-2767c365474c,Da Nang Lanscape by KNDN,a8a5d95b-f68d-4802-9f5f-2767c365474c,Da Nang Lanscape,Da Nang Review,0x60d0e7d2Ce6558d0a993693c4612fF9a642C5433,
796f9fd9-d405-451c-a584-d9f21222c6dd,E-volved Formulae by Driessens & Verstappen,9d8ba8bc-1e6e-4dbe-acbe-9c2cbf8d793a,E-volved Formula #01,E-volved Formulae,0xFfE213c3faA18B4B80aC1658C363D471dC745886,
796f9fd9-d405-451c-a584-d9f21222c6dd,E-volved Formulae by Driessens & Verstappen,a2ec59c2-a56e-488c-9fdf-a67e04117337,E-volved Formula #02,E-volved Formulae,0xFfE213c3faA18B4B80aC1658C363D471dC745886,
796f9fd9-d405-451c-a584-d9f21222c6dd,E-volved Formulae by Driessens & Verstappen,04f89cc6-7042-4eed-9566-b46d78621ef3,E-volved Formula #03,E-volved Formulae,0xFfE213c3faA18B4B80aC1658C363D471dC745886,
796f9fd9-d405-451c-a584-d9f21222c6dd,E-volved Formulae by Driessens & Verstappen,dfb66bb8-1f6e-45f6-b18d-8b9c070f345f,E-volved Formula #04,E-volved Formulae,0xFfE213c3faA18B4B80aC1658C363D471dC745886,
796f9fd9-d405-451c-a584-d9f21222c6dd,E-volved Formulae by Driessens & Verstappen,7a6b063b-638e-4b39-9116-21a9f77f52a2,E-volved Formula #05,E-volved Formulae,0xFfE213c3faA18B4B80aC1658C363D471dC745886,
796f9fd9-d405-451c-a584-d9f21222c6dd,E-volved Formulae by Driessens & Verstappen,f247bc81-b318-4682-9678-0107a53dd6ec,E-volved Formula #06,E-volved Formulae,0xFfE213c3faA18B4B80aC1658C363D471dC745886,
796f9fd9-d405-451c-a584-d9f21222c6dd,E-volved Formulae by Driessens & Verstappen,00afe566-666c-4503-bdc1-b3d50b75e7a3,E-volved Formula #07,E-volved Formulae,0xFfE213c3faA18B4B80aC1658C363D471dC745886,
796f9fd9-d405-451c-a584-d9f21222c6dd,E-volved Formulae by Driessens & Verstappen,5f9b3499-a222-4db8-9819-93476cddad3b,E-volved Formula #08,E-volved Formulae,0xFfE213c3faA18B4B80aC1658C363D471dC745886,
796f9fd9-d405-451c-a584-d9f21222c6dd,E-volved Formulae by Driessens & Verstappen,6bf16a3e-74ce-4cb8-88dd-5d759649fbc5,E-volved Formula #09,E-volved Formulae,0xFfE213c3faA18B4B80aC1658C363D471dC745886,
796f9fd9-d405-451c-a584-d9f21222c6dd,E-volved Formulae by Driessens & Verstappen,6bbf0654-f674-4fda-a1c0-48f2fa0a0784,E-volved Formula #10,E-volved Formulae,0xFfE213c3faA18B4B80aC1658C363D471dC745886,
796f9fd9-d405-451c-a584-d9f21222c6dd,E-volved Formulae by Driessens & Verstappen,03c214ff-a9f1-4731-a6a4-79335f9fe6d7,E-volved Formula #11,E-volved Formulae,0xFfE213c3faA18B4B80aC1658C363D471dC745886,
796f9fd9-d405-451c-a584-d9f21222c6dd,E-volved Formulae by Driessens & Verstappen,dbec51af-3c01-4824-bd91-a21a3b23eaed,E-volved Formula #12,E-volved Formulae,0xFfE213c3faA18B4B80aC1658C363D471dC745886,
796f9fd9-d405-451c-a584-d9f21222c6dd,E-volved Formulae by Driessens & Verstappen,1b605863-0e96-4380-b90f-e5211f96c071,E-volved Formula #13,E-volved Formulae,0xFfE213c3faA18B4B80aC1658C363D471dC745886,
796f9fd9-d405-451c-a584-d9f21222c6dd,E-volved Formulae by Driessens & Verstappen,58b77db4-51c0-4199-a36f-9fdbaa802477,E-volved Formula #14,E-volved Formulae,0xFfE213c3faA18B4B80aC1658C363D471dC745886,
796f9fd9-d405-451c-a584-d9f21222c6dd,E-volved Formulae by Driessens & Verstappen,8ea87e8d-51c1-411a-b3d6-cf1c86e14747,E-volved Formula #15,E-volved Formulae,0xFfE213c3faA18B4B80aC1658C363D471dC745886,
796f9fd9-d405-451c-a584-d9f21222c6dd,E-volved Formulae by Driessens & Verstappen,d0f8e49a-ff14-4dd3-8e9f-610511318b8d,E-volved Formula #16,E-volved Formulae,0xFfE213c3faA18B4B80aC1658C363D471dC745886,
796f9fd9-d405-451c-a584-d9f21222c6dd,E-volved Formulae by Driessens & Verstappen,db81d1a6-f70e-4665-862a-000417c28877,E-volved Formula #17,E-volved Formulae,0xFfE213c3faA18B4B80aC1658C363D471dC745886,
796f9fd9-d405-451c-a584-d9f21222c6dd,E-volved Formulae by Driessens & Verstappen,3645c044-192b-41a8-a094-2d77213afadf,E-volved Formula #18,E-volved Formulae,0xFfE213c3faA18B4B80aC1658C363D471dC745886,
796f9fd9-d405-451c-a584-d9f21222c6dd,E-volved Formulae by Driessens & Verstappen,e8e9f20b-1c6e-4528-b768-aa1a32deb31b,E-volved Formula #19,E-volved Formulae,0xFfE213c3faA18B4B80aC1658C363D471dC745886,
796f9fd9-d405-451c-a584-d9f21222c6dd,E-volved Formulae by Driessens & Verstappen,e1964643-d46f-4c3c-aaf1-b77ae595b6f9,E-volved Formula #20,E-volved Formulae,0xFfE213c3faA18B4B80aC1658C363D471dC745886,
796f9fd9-d405-451c-a584-d9f21222c6dd,E-volved Formulae by Driessens & Verstappen,3273f7b9-102c-4e87-96af-a8fab3db7158,E-volved Formula #21,E-volved Formulae,0xFfE213c3faA18B4B80aC1658C363D471dC745886,
796f9fd9-d405-451c-a584-d9f21222c6dd,E-volved Formulae by Driessens & Verstappen,10b93289-a501-4b34-b0a5-514f70a83a1b,E-volved Formula #22,E-volved Formulae,0xFfE213c3faA18B4B80aC1658C363D471dC745886,
796f9fd9-d405-451c-a584-d9f21222c6dd,E-volved Formulae by Driessens & Verstappen,8cf47dfe-e6d2-4e3e-9413-904d8b2a4a94,E-volved Formula #23,E-volved Formulae,0xFfE213c3faA18B4B80aC1658C363D471dC745886,
2b290b34-46db-4b14-b411-9b30f68ae208,Ex Nihilo by Casey REAS,5437c7a8-08f7-4747-9404-8d8534851bf7,COSMOS–SIMULACRUM–RGB–7087313-353-371,Ex Nihilo,0x32c07ADE321B90813220F5064842B1F34A59f322,
2b290b34-46db-4b14-b411-9b30f68ae208,Ex Nihilo by Casey REAS,1ec610e8-aff6-46c7-8c2d-1698bbdb1d8f,COSMOS–SIMULACRUM–RGB–7105313-170-455,Ex Nihilo,0x32c07ADE321B90813220F5064842B1F34A59f322,
2b290b34-46db-4b14-b411-9b30f68ae208,Ex Nihilo by Casey REAS,497d82a5-a6f1-4dd6-81c2-1db97db807ec,COSMOS–SIMULACRUM–RGB–7135313-183-489,Ex Nihilo,0x32c07ADE321B90813220F5064842B1F34A59f322,
2b290b34-46db-4b14-b411-9b30f68ae208,Ex Nihilo by Casey REAS,0b80c8a6-986f-4bfb-a289-a84585e61ab9,SIMULACRUM (E-P-01),Ex Nihilo,0x32c07ADE321B90813220F5064842B1F34A59f322,
2b290b34-46db-4b14-b411-9b30f68ae208,Ex Nihilo by Casey REAS,1593439c-084d-4f3e-9644-8f450d0030d7,SIMULACRUM (E-P-02),Ex Nihilo,0x32c07ADE321B90813220F5064842B1F34A59f322,
e6041b92-79ff-4ebe-a9b1-b9e7b089046d,Blooming Valetudinarian by Ilya Shkipin,e6041b92-79ff-4ebe-a9b1-b9e7b089046d,Blooming Valetudinarian,Field Guide,0xD8eed224E1B358fa6f7b167124C2c1AFe42275b4,
0698273e-13fc-43e9-910e-0f6d81827a01,Entity by Jared S Tarbell,0698273e-13fc-43e9-910e-0f6d81827a01,Entity,Field Guide,0xD8eed224E1B358fa6f7b167124C2c1AFe42275b4,
c6b9fe72-76f2-4c2e-93b5-5251a5b222f6,Environment by Jared S Tarbell,c6b9fe72-76f2-4c2e-93b5-5251a5b222f6,Environment,Field Guide,0xD8eed224E1B358fa6f7b167124C2c1AFe42275b4,
d137c01a-2c3b-427e-8de4-a7e5677aaeda,Hypothetically Macro by Iskra Velitchkova,d137c01a-2c3b-427e-8de4-a7e5677aaeda,Hypothetically Macro,Field Guide,0xD8eed224E1B358fa6f7b167124C2c1AFe42275b4,
412f980a-0fbc-4458-983a-85a1d81b6371,Hypothetically Micro by Iskra Velitchkova,412f980a-0fbc-4458-983a-85a1d81b6371,Hypothetically Micro,Field Guide,0xD8eed224E1B358fa6f7b167124C2c1AFe42275b4,
de90a7b8-c71c-4ffd-8f3f-365796469bc0,In Search of Your Digital Self by Sasha Belitskaja,de90a7b8-c71c-4ffd-8f3f-365796469bc0,In Search of Your Digital Self,Field Guide,0xD8eed224E1B358fa6f7b167124C2c1AFe42275b4,
c35a9579-e93c-4c57-9b02-7a923d8fd66a,Malade Imaginaire by Ilya Shkipin,c35a9579-e93c-4c57-9b02-7a923d8fd66a,Malade Imaginaire,Field Guide,0xD8eed224E1B358fa6f7b167124C2c1AFe42275b4,
a7d428ec-48e2-492b-a6f1-36d7cadf3da7,The Future of Your Digital Space by Sasha Belitskaja,a7d428ec-48e2-492b-a6f1-36d7cadf3da7,The Future of Your Digital Space,Field Guide,0xD8eed224E1B358fa6f7b167124C2c1AFe42275b4,
8d97e575-0837-4092-bca1-10d58195e414,hedgerow still life by Sofia Crespo,8d97e575-0837-4092-bca1-10d58195e414,hedgerow still life,Field Guide,0xD8eed224E1B358fa6f7b167124C2c1AFe42275b4,
de81b4e2-0ece-4969-bb0f-2adb62cb2d4e,neural swarm by Sofia Crespo,de81b4e2-0ece-4969-bb0f-2adb62cb2d4e,neural swarm,Field Guide,0xD8eed224E1B358fa6f7b167124C2c1AFe42275b4,
a566dd50-6194-4e88-8aec-59cebbc1ed55,A Rose by Any Other Name by Kamilia Kard,a566dd50-6194-4e88-8aec-59cebbc1ed55,A Rose by Any Other Name,For Your Eyes Only,0x6DBa130221A1C39f6623908A136976686050059a,
9841c727-f5c8-40e4-b995-0716eeff843f,Daemon (cene) by Theodoros Giannakis,9841c727-f5c8-40e4-b995-0716eeff843f,Daemon (cene),For Your Eyes Only,0x6DBa130221A1C39f6623908A136976686050059a,
8711ddf0-0474-4a8d-a5ec-30c7f42977df,Daemon (chaos) by Petros Moris,8711ddf0-0474-4a8d-a5ec-30c7f42977df,Daemon (chaos),For Your Eyes Only,0x6DBa130221A1C39f6623908A136976686050059a,
f503f9fe-276c-4519-92b7-8a2239cfa489,Fractura by Francoise Gamma,f503f9fe-276c-4519-92b7-8a2239cfa489,Fractura,For Your Eyes Only,0x6DBa130221A1C39f6623908A136976686050059a,
31a680b4-c00a-4eac-8729-cba633c91c54,Ganxillo by Anna Carreras,31a680b4-c00a-4eac-8729-cba633c91c54,Ganxillo,For Your Eyes Only,0x6DBa130221A1C39f6623908A136976686050059a,
c66d0636-30c1-4227-819c-0e69924fc7a1,Marine Emojidiversity by Sara Bezovšek,c66d0636-30c1-4227-819c-0e69924fc7a1,Marine Emojidiversity,For Your Eyes Only,0x6DBa130221A1C39f6623908A136976686050059a,
094b8bd3-a89b-4127-937f-faef6c6eee96,One Million Manga Pages by Lev Manovich,094b8bd3-a89b-4127-937f-faef6c6eee96,One Million Manga Pages,For Your Eyes Only,0x6DBa130221A1C39f6623908A136976686050059a,
f3170ca8-2a0d-49ac-b307-d20fbfb15b0d,Patterns of Activation (gardens of the galaxy) by Katja Novitskova,f3170ca8-2a0d-49ac-b307-d20fbfb15b0d,Patterns of Activation (gardens of the galaxy),For Your Eyes Only,0x6DBa130221A1C39f6623908A136976686050059a,
25a3d5d3-43a6-495e-bf18-e0583fa11f72,Smart Cut by Jonas Lund,25a3d5d3-43a6-495e-bf18-e0583fa11f72,Smart Cut,For Your Eyes Only,0x6DBa130221A1C39f6623908A136976686050059a,
19c097b4-c440-44e9-b6a8-eb97f3b4513a,sextape by Émilie Brout & Maxime Marion,19c097b4-c440-44e9-b6a8-eb97f3b4513a,sextape,For Your Eyes Only,0x6DBa130221A1C39f6623908A136976686050059a,
31eb3d1f-9bf5-4f87-b1ea-b9a4a98a348b,smoking-vase-1 by Petra Cortright,31eb3d1f-9bf5-4f87-b1ea-b9a4a98a348b,smoking-vase-1,For Your Eyes Only,0x6DBa130221A1C39f6623908A136976686050059a,
ce3a3a9a-e894-40a1-b531-95027b1328eb,ماه طلعت، Moon-faced by Morehshin Allahyari,ce3a3a9a-e894-40a1-b531-95027b1328eb,ماه طلعت، Moon-faced,For Your Eyes Only,0x6DBa130221A1C39f6623908A136976686050059a,
79cb077a-355b-4694-a787-f023abf070de,ᖴᗩᑕIᗩᒪᔕ I by Jon Rafman,79cb077a-355b-4694-a787-f023abf070de,ᖴᗩᑕIᗩᒪᔕ I,For Your Eyes Only,0x6DBa130221A1C39f6623908A136976686050059a,
c974b77f-3734-4952-9cea-1dcd591cc48d,Blue Veil by Brandon Blommaert,c974b77f-3734-4952-9cea-1dcd591cc48d,Blue Veil,Fragments of a Hologram Rose,0x979316F5b3f3d8db956Af519553c853525A5b1Af,
1b205395-6654-4174-b170-45c82866270b,COUNT ZERO FOUR by Peter Burr,1b205395-6654-4174-b170-45c82866270b,COUNT ZERO FOUR,Fragments of a Hologram Rose,0x979316F5b3f3d8db956Af519553c853525A5b1Af,
50aa02eb-dccf-4003-99a2-69a1f62cb337,Caylx by Nate Boyce,50aa02eb-dccf-4003-99a2-69a1f62cb337,Caylx,Fragments of a Hologram Rose,0x979316F5b3f3d8db956Af519553c853525A5b1Af,
c40d0e81-c8dd-44a3-9fc8-2caa36101516,D. Flagellum by Ido Radon,c40d0e81-c8dd-44a3-9fc8-2caa36101516,D. Flagellum,Fragments of a Hologram Rose,0x979316F5b3f3d8db956Af519553c853525A5b1Af,
ca471793-baf8-43db-bf1a-b811f4608297,Floralia II by Sabrina Ratté,ca471793-baf8-43db-bf1a-b811f4608297,Floralia II,Fragments of a Hologram Rose,0x979316F5b3f3d8db956Af519553c853525A5b1Af,
48f6b892-d3aa-4eae-87db-040e195e00a5,Forest Transmission by kyttenjanae,48f6b892-d3aa-4eae-87db-040e195e00a5,Forest Transmission,Fragments of a Hologram Rose,0x979316F5b3f3d8db956Af519553c853525A5b1Af,
89c348c1-6e78-4e00-ac3f-f58c9e732731,Mutant Bagua by Andrew Thomas Huang,89c348c1-6e78-4e00-ac3f-f58c9e732731,Mutant Bagua,Fragments of a Hologram Rose,0x979316F5b3f3d8db956Af519553c853525A5b1Af,
685f39aa-f9ca-4bfd-84af-d69ad3f8b2c3,Plants are everywhere you can’t see them by Sara Ludy,685f39aa-f9ca-4bfd-84af-d69ad3f8b2c3,Plants are everywhere you can’t see them,Fragments of a Hologram Rose,0x979316F5b3f3d8db956Af519553c853525A5b1Af,
b3dacae7-dcc3-40e1-9dd4-9e2047398c01,Rose by Kim Laughton,b3dacae7-dcc3-40e1-9dd4-9e2047398c01,Rose,Fragments of a Hologram Rose,0x979316F5b3f3d8db956Af519553c853525A5b1Af,
ce7c5624-af01-4a1d-ad77-eee51cb54327,Temple Lily by Lawrence Lek,ce7c5624-af01-4a1d-ad77-eee51cb54327,Temple Lily,Fragments of a Hologram Rose,0x979316F5b3f3d8db956Af519553c853525A5b1Af,
6053b698-2016-4c05-9353-6941635c1609,The Shredded Hologram Rose by Rosa Menkman,6053b698-2016-4c05-9353-6941635c1609,The Shredded Hologram Rose,Fragments of a Hologram Rose,0x979316F5b3f3d8db956Af519553c853525A5b1Af,
32f1b099-448d-4e6d-8358-70a64e005903,AlleluiaAlleluia by Auriea Harvey,32f1b099-448d-4e6d-8358-70a64e005903,AlleluiaAlleluia,Gray Matter,0x6e82e4B398Ca4137007ba69ddD6FF699334d13b5,
a6463015-af79-43cf-ab25-84074828ac4b,Curse Tablet by Auriea Harvey,a6463015-af79-43cf-ab25-84074828ac4b,Curse Tablet,Gray Matter,0x6e82e4B398Ca4137007ba69ddD6FF699334d13b5,
bd0c4207-f8e7-49db-919e-e2913f39d59c,Dagger by Auriea Harvey,bd0c4207-f8e7-49db-919e-e2913f39d59c,Dagger,Gray Matter,0x6e82e4B398Ca4137007ba69ddD6FF699334d13b5,
527a291d-49f5-4ddc-81f6-0331f9e08be9,Faunette by Auriea Harvey,527a291d-49f5-4ddc-81f6-0331f9e08be9,Faunette,Gray Matter,0x6e82e4B398Ca4137007ba69ddD6FF699334d13b5,
8323eb9a-b406-4fbc-8550-fcd12213440a,Gray Matter by Auriea Harvey,8323eb9a-b406-4fbc-8550-fcd12213440a,Gray Matter,Gray Matter,0x6e82e4B398Ca4137007ba69ddD6FF699334d13b5,
7ad7ee07-883a-4989-a087-e3b03fd4a69d,Gray Matter: Material/Immaterial by Auriea Harvey,7ad7ee07-883a-4989-a087-e3b03fd4a69d,Gray Matter: Material/Immaterial,Gray Matter,0x6e82e4B398Ca4137007ba69ddD6FF699334d13b5,
cc86cf63-6b79-4bba-9613-e362851cbbdc,Haristory by Auriea Harvey,cc86cf63-6b79-4bba-9613-e362851cbbdc,Haristory,Gray Matter,0x6e82e4B398Ca4137007ba69ddD6FF699334d13b5,
d90151ff-0159-4973-a7a6-724b04c01547,Messenger (fragment) by Auriea Harvey,d90151ff-0159-4973-a7a6-724b04c01547,Messenger (fragment),Gray Matter,0x6e82e4B398Ca4137007ba69ddD6FF699334d13b5,
5d67190d-28d7-493c-85c8-563c32de44ff,Mumble by Auriea Harvey,5d67190d-28d7-493c-85c8-563c32de44ff,Mumble,Gray Matter,0x6e82e4B398Ca4137007ba69ddD6FF699334d13b5,
f15bce66-da54-4f05-bc29-7ef15202b0c3,The Hand-Heart Problem by Auriea Harvey,f15bce66-da54-4f05-bc29-7ef15202b0c3,The Hand-Heart Problem,Gray Matter,0x6e82e4B398Ca4137007ba69ddD6FF699334d13b5,
7f70faea-dc2a-4613-b758-b53b9bd6d00d,White Rest by Auriea Harvey,7f70faea-dc2a-4613-b758-b53b9bd6d00d,White Rest,Gray Matter,0x6e82e4B398Ca4137007ba69ddD6FF699334d13b5,
9c797f06-41e2-4aa4-abfe-489485bea17e,ba-eye by Auriea Harvey,9c797f06-41e2-4aa4-abfe-489485bea17e,ba-eye,Gray Matter,0x6e82e4B398Ca4137007ba69ddD6FF699334d13b5,
47f31603-9721-403b-94b5-d24ab9fb8256,A Picture Can’t Take Me by Cibelle Cavalli Bastos,47f31603-9721-403b-94b5-d24ab9fb8256,A Picture Can’t Take Me,I KNOW – On the aesthetic of truth,0xE46A41b840176b62983FC71162dc9faEAC4D9bcB,
c6befe2e-1934-40ce-958c-2011e425c511,A Picture Can’t Take My Elan Vital by Cibelle Cavalli Bastos,c6befe2e-1934-40ce-958c-2011e425c511,A Picture Can’t Take My Elan Vital,I KNOW – On the aesthetic of truth,0xE46A41b840176b62983FC71162dc9faEAC4D9bcB,
3715c273-d19e-445f-ae02-61876334f1a7,Perfectionism is a weakness by Claudia Hart,3715c273-d19e-445f-ae02-61876334f1a7,Perfectionism is a weakness,I KNOW – On the aesthetic of truth,0xE46A41b840176b62983FC71162dc9faEAC4D9bcB,
bc82d0fb-eede-4947-aa97-fe085f46f0b4,"Prophecy, nullification algorithm, shaman, conspiracy by aaajiao",bc82d0fb-eede-4947-aa97-fe085f46f0b4,"Prophecy, nullification algorithm, shaman, conspiracy",I KNOW – On the aesthetic of truth,0xE46A41b840176b62983FC71162dc9faEAC4D9bcB,
6ed56114-2768-4625-84a9-7eda5baad6b8,The Art of Survival: Aphorisms by an Old Girl by Claudia Hart,6ed56114-2768-4625-84a9-7eda5baad6b8,The Art of Survival: Aphorisms by an Old Girl,I KNOW – On the aesthetic of truth,0xE46A41b840176b62983FC71162dc9faEAC4D9bcB,
9798c1fd-ccf2-4e2e-be26-fe146a398c85,"Turandot 2070, Lovers I  by AES+F",9798c1fd-ccf2-4e2e-be26-fe146a398c85,"Turandot 2070, Lovers I ",I KNOW – On the aesthetic of truth,0xE46A41b840176b62983FC71162dc9faEAC4D9bcB,
d78f0375-3173-4a51-a52e-a211b79acf88,"Turandot 2070, Lynx Avatar by AES+F",d78f0375-3173-4a51-a52e-a211b79acf88,"Turandot 2070, Lynx Avatar",I KNOW – On the aesthetic of truth,0xE46A41b840176b62983FC71162dc9faEAC4D9bcB,
35086e3e-d2da-44c8-9806-87543a47c1b9,Unzip by aaajiao,35086e3e-d2da-44c8-9806-87543a47c1b9,Unzip,I KNOW – On the aesthetic of truth,0xE46A41b840176b62983FC71162dc9faEAC4D9bcB,
b5621c75-70f9-430f-852e-9d8fd9318917,Yehwan Song Artwork 1 by Yehwan Song,b5621c75-70f9-430f-852e-9d8fd9318917,Yehwan Song Artwork 1,I KNOW – On the aesthetic of truth,0xE46A41b840176b62983FC71162dc9faEAC4D9bcB,
5d391c2a-8e9e-47ea-ac7d-79ff203e3095,Yehwan Song Artwork 2 by Yehwan Song,5d391c2a-8e9e-47ea-ac7d-79ff203e3095,Yehwan Song Artwork 2,I KNOW – On the aesthetic of truth,0xE46A41b840176b62983FC71162dc9faEAC4D9bcB,
ea32ccaf-798b-4ece-8505-fa77ef23f8b8,Allure of the Poppy by Anna Luisa Petrisko,ea32ccaf-798b-4ece-8505-fa77ef23f8b8,Allure of the Poppy,In Medias Res,0x835dF7CC88D8BC51FCbb6a7FDED0BBE1ec020273,
b20f2fe2-ab82-400a-8ae5-3b72ed58c2d2,Arid Articulations by Ellie Pritts,b20f2fe2-ab82-400a-8ae5-3b72ed58c2d2,Arid Articulations,In Medias Res,0x835dF7CC88D8BC51FCbb6a7FDED0BBE1ec020273,
56c897f3-d2cc-45f0-91b7-50869bf7521c,Drive Time by Casey Kauffmann,56c897f3-d2cc-45f0-91b7-50869bf7521c,Drive Time,In Medias Res,0x835dF7CC88D8BC51FCbb6a7FDED0BBE1ec020273,
4ae268d4-aef9-4cc9-82ff-f2fb2dfe0351,Echoloji by Tuna Bora,4ae268d4-aef9-4cc9-82ff-f2fb2dfe0351,Echoloji,In Medias Res,0x835dF7CC88D8BC51FCbb6a7FDED0BBE1ec020273,
3f8acc82-4e82-42d0-b677-80a50429ea37,FeralFemme Huntrezz by Huntrezz Janos,3f8acc82-4e82-42d0-b677-80a50429ea37,FeralFemme Huntrezz,In Medias Res,0x835dF7CC88D8BC51FCbb6a7FDED0BBE1ec020273,
808dd840-8507-4b49-aa56-4f7562f8367d,LA Hal-mee-mee by Wednesday Kim,808dd840-8507-4b49-aa56-4f7562f8367d,LA Hal-mee-mee,In Medias Res,0x835dF7CC88D8BC51FCbb6a7FDED0BBE1ec020273,
b437d005-0b6b-401e-8998-d26a0f95635c,New Landscapes 2023 by Petra Cortright,b437d005-0b6b-401e-8998-d26a0f95635c,New Landscapes 2023,In Medias Res,0x835dF7CC88D8BC51FCbb6a7FDED0BBE1ec020273,
f9ae424a-a13e-4c84-a3af-2a231180ea4a,Television Figures  by JJStratford,f9ae424a-a13e-4c84-a3af-2a231180ea4a,Television Figures ,In Medias Res,0x835dF7CC88D8BC51FCbb6a7FDED0BBE1ec020273,
1ce507c4-7007-4dbb-a32c-46dfa9c8e70a,Waabanishimo: Miigaazh (She Dances Till Daylight: Fight) by Eve-Lauryn LaFountain,1ce507c4-7007-4dbb-a32c-46dfa9c8e70a,Waabanishimo: Miigaazh (She Dances Till Daylight: Fight),In Medias Res,0x835dF7CC88D8BC51FCbb6a7FDED0BBE1ec020273,
94f4a7aa-833f-44fd-8047-101faee9cb4d,Blonde Braids Study II by Minne Atairu,94f4a7aa-833f-44fd-8047-101faee9cb4d,Blonde Braids Study II,In/Visible,0xfD9FdFAC71Bbc7DD5C7176644De7Fbfd1A6825ee,
0fc999f8-144b-48c9-99e1-b1b6968cc29f,Chez Jo by Linda Dounia,0fc999f8-144b-48c9-99e1-b1b6968cc29f,Chez Jo,In/Visible,0xfD9FdFAC71Bbc7DD5C7176644De7Fbfd1A6825ee,
5810d154-74d0-4933-9073-554beaae1baf,Cities and spaceships by Rayan Elnayal,5810d154-74d0-4933-9073-554beaae1baf,Cities and spaceships,In/Visible,0xfD9FdFAC71Bbc7DD5C7176644De7Fbfd1A6825ee,
3984aa55-0f95-4d0c-a612-bec090616795,Confetti by Nygilia,3984aa55-0f95-4d0c-a612-bec090616795,Confetti,In/Visible,0xfD9FdFAC71Bbc7DD5C7176644De7Fbfd1A6825ee,
49766925-db57-4be6-956d-af5aaa26cda5,PERCEIVED by Serwah Attafuah,49766925-db57-4be6-956d-af5aaa26cda5,PERCEIVED,In/Visible,0xfD9FdFAC71Bbc7DD5C7176644De7Fbfd1A6825ee,
de8b2c0b-e057-46b9-9650-a6455066bd5a,Planet Hibiscus by Adaeze Okaro,de8b2c0b-e057-46b9-9650-a6455066bd5a,Planet Hibiscus,In/Visible,0xfD9FdFAC71Bbc7DD5C7176644De7Fbfd1A6825ee,
29c87f89-fd35-4294-8e26-3cdc022d00c6,Proof of Spirit — Act II by AFROSCOPE,29c87f89-fd35-4294-8e26-3cdc022d00c6,Proof of Spirit — Act II,In/Visible,0xfD9FdFAC71Bbc7DD5C7176644De7Fbfd1A6825ee,
ddb59010-2a33-4f5c-9559-58e30b281704,Summer Edition by Zoe Osborne,ddb59010-2a33-4f5c-9559-58e30b281704,Summer Edition,In/Visible,0xfD9FdFAC71Bbc7DD5C7176644De7Fbfd1A6825ee,
54adc6ea-44e7-4ba2-b9d0-a5f834f40d50,The Idunnos by Jah.,54adc6ea-44e7-4ba2-b9d0-a5f834f40d50,The Idunnos,In/Visible,0xfD9FdFAC71Bbc7DD5C7176644De7Fbfd1A6825ee,
0b221b59-2dfd-415e-9db7-0d580cb0c0da,UNTITLED by Arclight,0b221b59-2dfd-415e-9db7-0d580cb0c0da,UNTITLED,In/Visible,0xfD9FdFAC71Bbc7DD5C7176644De7Fbfd1A6825ee,
71513905-f7b2-4ac1-b617-0d41123b3639,Infinite Entropy by Rafaël Rozendaal,87eafff7-a8c6-4d3f-bc51-3e23bc745125,Infinite Entropy 1,Infinite Entropy,0x0A5c44da5F71B884c16A195CeC304F47ac0233CF,
71513905-f7b2-4ac1-b617-0d41123b3639,Infinite Entropy by Rafaël Rozendaal,11b4449b-e435-4737-bd14-81cd3366ac89,Infinite Entropy 10,Infinite Entropy,0x0A5c44da5F71B884c16A195CeC304F47ac0233CF,
71513905-f7b2-4ac1-b617-0d41123b3639,Infinite Entropy by Rafaël Rozendaal,3aca483a-59b7-4839-b66e-74d5e75c4735,Infinite Entropy 11,Infinite Entropy,0x0A5c44da5F71B884c16A195CeC304F47ac0233CF,
71513905-f7b2-4ac1-b617-0d41123b3639,Infinite Entropy by Rafaël Rozendaal,8fc2a19f-4393-4fa4-aee0-91c365232cef,Infinite Entropy 12,Infinite Entropy,0x0A5c44da5F71B884c16A195CeC304F47ac0233CF,
71513905-f7b2-4ac1-b617-0d41123b3639,Infinite Entropy by Rafaël Rozendaal,2e68b1a3-6370-4ad5-af12-153de80637eb,Infinite Entropy 13,Infinite Entropy,0x0A5c44da5F71B884c16A195CeC304F47ac0233CF,
71513905-f7b2-4ac1-b617-0d41123b3639,Infinite Entropy by Rafaël Rozendaal,1fdd923d-91f0-4b28-a51a-8d01da7cc562,Infinite Entropy 14,Infinite Entropy,0x0A5c44da5F71B884c16A195CeC304F47ac0233CF,
71513905-f7b2-4ac1-b617-0d41123b3639,Infinite Entropy by Rafaël Rozendaal,47ab1047-708d-4f36-b5de-68e5995e175f,Infinite Entropy 15,Infinite Entropy,0x0A5c44da5F71B884c16A195CeC304F47ac0233CF,
71513905-f7b2-4ac1-b617-0d41123b3639,Infinite Entropy by Rafaël Rozendaal,f0750b82-282e-4eed-bdba-c4fb023fb684,Infinite Entropy 16,Infinite Entropy,0x0A5c44da5F71B884c16A195CeC304F47ac0233CF,
71513905-f7b2-4ac1-b617-0d41123b3639,Infinite Entropy by Rafaël Rozendaal,b4a46d9c-fa16-4a2c-a11d-03b49d5b1e63,Infinite Entropy 17,Infinite Entropy,0x0A5c44da5F71B884c16A195CeC304F47ac0233CF,
71513905-f7b2-4ac1-b617-0d41123b3639,Infinite Entropy by Rafaël Rozendaal,fe324a25-a5b3-4b17-bae4-8d4109f01fe7,Infinite Entropy 18,Infinite Entropy,0x0A5c44da5F71B884c16A195CeC304F47ac0233CF,
71513905-f7b2-4ac1-b617-0d41123b3639,Infinite Entropy by Rafaël Rozendaal,37e6066c-9997-4939-ac9a-e92685e71cf6,Infinite Entropy 19,Infinite Entropy,0x0A5c44da5F71B884c16A195CeC304F47ac0233CF,
71513905-f7b2-4ac1-b617-0d41123b3639,Infinite Entropy by Rafaël Rozendaal,4f69d4eb-5f33-4d3b-a0ac-cc4189bf1f83,Infinite Entropy 2,Infinite Entropy,0x0A5c44da5F71B884c16A195CeC304F47ac0233CF,no tokens minted on-chain yet
71513905-f7b2-4ac1-b617-0d41123b3639,Infinite Entropy by Rafaël Rozendaal,30780351-fa82-47f1-9a2d-7d331f460995,Infinite Entropy 20,Infinite Entropy,0x0A5c44da5F71B884c16A195CeC304F47ac0233CF,
71513905-f7b2-4ac1-b617-0d41123b3639,Infinite Entropy by Rafaël Rozendaal,6dde453e-259f-49b7-b5db-02c7a41d049b,Infinite Entropy 21,Infinite Entropy,0x0A5c44da5F71B884c16A195CeC304F47ac0233CF,
71513905-f7b2-4ac1-b617-0d41123b3639,Infinite Entropy by Rafaël Rozendaal,ee826cf5-9273-4b58-850c-0615668d9e2d,Infinite Entropy 22,Infinite Entropy,0x0A5c44da5F71B884c16A195CeC304F47ac0233CF,
71513905-f7b2-4ac1-b617-0d41123b3639,Infinite Entropy by Rafaël Rozendaal,34f52c05-cde0-4dee-880b-df96eebf37be,Infinite Entropy 23,Infinite Entropy,0x0A5c44da5F71B884c16A195CeC304F47ac0233CF,
71513905-f7b2-4ac1-b617-0d41123b3639,Infinite Entropy by Rafaël Rozendaal,df6a7f8d-effe-4b0f-99e0-62a5924e5ee6,Infinite Entropy 24,Infinite Entropy,0x0A5c44da5F71B884c16A195CeC304F47ac0233CF,
71513905-f7b2-4ac1-b617-0d41123b3639,Infinite Entropy by Rafaël Rozendaal,17b11372-d1b1-405a-8b54-13b3e1a0738e,Infinite Entropy 25,Infinite Entropy,0x0A5c44da5F71B884c16A195CeC304F47ac0233CF,
71513905-f7b2-4ac1-b617-0d41123b3639,Infinite Entropy by Rafaël Rozendaal,ed25109e-3e36-429d-aafd-a9cd12f854fb,Infinite Entropy 3,Infinite Entropy,0x0A5c44da5F71B884c16A195CeC304F47ac0233CF,
71513905-f7b2-4ac1-b617-0d41123b3639,Infinite Entropy by Rafaël Rozendaal,23d93636-48be-42be-8b9c-59083b481079,Infinite Entropy 4,Infinite Entropy,0x0A5c44da5F71B884c16A195CeC304F47ac0233CF,
71513905-f7b2-4ac1-b617-0d41123b3639,Infinite Entropy by Rafaël Rozendaal,43f6164c-d901-4e87-815a-c6689d05b48f,Infinite Entropy 5,Infinite Entropy,0x0A5c44da5F71B884c16A195CeC304F47ac0233CF,
71513905-f7b2-4ac1-b617-0d41123b3639,Infinite Entropy by Rafaël Rozendaal,f97bf0da-0630-4847-952a-902060b8081c,Infinite Entropy 6,Infinite Entropy,0x0A5c44da5F71B884c16A195CeC304F47ac0233CF,
71513905-f7b2-4ac1-b617-0d41123b3639,Infinite Entropy by Rafaël Rozendaal,4ac90d22-2b94-4dad-8685-3df950746010,Infinite Entropy 7,Infinite Entropy,0x0A5c44da5F71B884c16A195CeC304F47ac0233CF,
71513905-f7b2-4ac1-b617-0d41123b3639,Infinite Entropy by Rafaël Rozendaal,1b6bd73c-b612-4c24-a837-e5afe08616f7,Infinite Entropy 8,Infinite Entropy,0x0A5c44da5F71B884c16A195CeC304F47ac0233CF,
71513905-f7b2-4ac1-b617-0d41123b3639,Infinite Entropy by Rafaël Rozendaal,cf44b110-3b40-471a-8415-c805c80baae9,Infinite Entropy 9,Infinite Entropy,0x0A5c44da5F71B884c16A195CeC304F47ac0233CF,
cf435a8a-c4df-4606-9acc-809217ab367b,24/7 by Guido Segni,cf435a8a-c4df-4606-9acc-809217ab367b,24/7,Instructions Follow,0x1d5bdC75918600541C115b74b81a404C9E4AF7D4,
4f3fe912-d226-48b1-8120-56566426d110,Are Smart Machines Alive? by Irma Marco,4f3fe912-d226-48b1-8120-56566426d110,Are Smart Machines Alive?,Instructions Follow,0x1d5bdC75918600541C115b74b81a404C9E4AF7D4,
6b095c1c-b367-4f4c-b583-6f0ae975e463,Each and Every Command by Martin John Callanan,6b095c1c-b367-4f4c-b583-6f0ae975e463,Each and Every Command,Instructions Follow,0x1d5bdC75918600541C115b74b81a404C9E4AF7D4,
a1b6689f-5236-471a-97a6-70ea0879dd42,Emergence by Alba G. Corral,a1b6689f-5236-471a-97a6-70ea0879dd42,Emergence,Instructions Follow,0x1d5bdC75918600541C115b74b81a404C9E4AF7D4,
91a3ea94-f606-40a9-9e39-611bdcb46fdd,Just in case by Thierry Fournier,91a3ea94-f606-40a9-9e39-611bdcb46fdd,Just in case,Instructions Follow,0x1d5bdC75918600541C115b74b81a404C9E4AF7D4,
6e0b8c01-5b11-4ceb-b40a-c1d8efa4a66a,Minos by Antoine Schmitt,6e0b8c01-5b11-4ceb-b40a-c1d8efa4a66a,Minos,Instructions Follow,0x1d5bdC75918600541C115b74b81a404C9E4AF7D4,
fe63cbf2-7377-4497-919b-853dd22c63e7,Neonumens by Soliman Lopez,fe63cbf2-7377-4497-919b-853dd22c63e7,Neonumens,Instructions Follow,0x1d5bdC75918600541C115b74b81a404C9E4AF7D4,
47db4cae-c786-4bb3-8735-e932ab81ed7f,Predictive Art Bot by Disnovation.org,47db4cae-c786-4bb3-8735-e932ab81ed7f,Predictive Art Bot,Instructions Follow,0x1d5bdC75918600541C115b74b81a404C9E4AF7D4,
746f680d-9a6c-4125-9486-3271bdbe7e6e,Sigils by Alix Desaubliaux,746f680d-9a6c-4125-9486-3271bdbe7e6e,Sigils,Instructions Follow,0x1d5bdC75918600541C115b74b81a404C9E4AF7D4,
496bd7c1-d524-44fd-b8d6-9eb03fb9f320,Signal of the World by Varvara & Mar,496bd7c1-d524-44fd-b8d6-9eb03fb9f320,Signal of the World,Instructions Follow,0x1d5bdC75918600541C115b74b81a404C9E4AF7D4,
51a53d4e-c60f-4582-8edc-c9998ed40a24,Ultimate Solvers by Joana Moll,51a53d4e-c60f-4582-8edc-c9998ed40a24,Ultimate Solvers,Instructions Follow,0x1d5bdC75918600541C115b74b81a404C9E4AF7D4,
f2db8c40-a2fb-4a93-be03-75ce3b3133f3,What do you want me to say? by Lauren Lee McCarthy,f2db8c40-a2fb-4a93-be03-75ce3b3133f3,What do you want me to say?,Instructions Follow,0x1d5bdC75918600541C115b74b81a404C9E4AF7D4,
8bf192b1-5fc9-4bca-8156-a2e4c087df06,Material World Knight by Lu Yang,07f145a0-1131-4366-a422-a6e18999d054,Material World Knight: Bardo Tunnel,Material Wonderland,0x8f30722dd16BD63cF2665C383c1aEf5e307B0046,
8bf192b1-5fc9-4bca-8156-a2e4c087df06,Material World Knight by Lu Yang,ce6dc4ca-13d5-4cda-ba15-9d3201873384,Material World Knight: Fight the Universe,Material Wonderland,0x8f30722dd16BD63cF2665C383c1aEf5e307B0046,
8bf192b1-5fc9-4bca-8156-a2e4c087df06,Material World Knight by Lu Yang,b45f236a-f29f-4e0a-94b4-e894cb7566e7,Material World Knight: Fighting Mode,Material Wonderland,0x8f30722dd16BD63cF2665C383c1aEf5e307B0046,
8bf192b1-5fc9-4bca-8156-a2e4c087df06,Material World Knight by Lu Yang,c570b9bd-d434-4e95-8295-801cc9458b03,Material World Knight: Flying Mode,Material Wonderland,0x8f30722dd16BD63cF2665C383c1aEf5e307B0046,
8bf192b1-5fc9-4bca-8156-a2e4c087df06,Material World Knight by Lu Yang,866f3fab-e74a-46fe-ba92-651b95e356e9,Material World Knight: Full Armed Fighting Mode,Material Wonderland,0x8f30722dd16BD63cF2665C383c1aEf5e307B0046,
8bf192b1-5fc9-4bca-8156-a2e4c087df06,Material World Knight by Lu Yang,c281ce58-3507-4f6f-bb15-540a88ee553f,Material World Knight: Giant Heart,Material Wonderland,0x8f30722dd16BD63cF2665C383c1aEf5e307B0046,
8bf192b1-5fc9-4bca-8156-a2e4c087df06,Material World Knight by Lu Yang,af10361f-ee39-4e5b-88d0-6c43e8d9bab5,Material World Knight: Head Forest,Material Wonderland,0x8f30722dd16BD63cF2665C383c1aEf5e307B0046,
f2cabb51-5eae-48a7-ba16-fc847c23e0fe,Material World Knight Poster by Lu Yang,f2cabb51-5eae-48a7-ba16-fc847c23e0fe,Material World Knight: Poster,Material Wonderland,0x8f30722dd16BD63cF2665C383c1aEf5e307B0046,
8bf192b1-5fc9-4bca-8156-a2e4c087df06,Material World Knight by Lu Yang,412568f3-8e46-4058-baa8-b2d907578f0c,Material World Knight: Vajra Power,Material Wonderland,0x8f30722dd16BD63cF2665C383c1aEf5e307B0046,
b568cb2d-07bf-4019-b484-cb4b017eeede,N=12,21cbc74d-faf2-4c7c-b0c7-41b79eb8bf2d,256 Kill-Screen,N=12,0xF51bFC40C10289246e5BBa7afEDeB8cF976c3250,
b568cb2d-07bf-4019-b484-cb4b017eeede,N=12,42ebab42-b930-43f9-8133-261dd30367f6,Balls to the Walls,N=12,0xF51bFC40C10289246e5BBa7afEDeB8cF976c3250,
b568cb2d-07bf-4019-b484-cb4b017eeede,N=12,0ed50f6e-e7e6-47b4-9a32-7eb061751de6,Beautiful Silence,N=12,0xF51bFC40C10289246e5BBa7afEDeB8cF976c3250,
b568cb2d-07bf-4019-b484-cb4b017eeede,N=12,15cc0e38-fabd-4529-907d-e71cf143ce85,Beeldelementen,N=12,0xF51bFC40C10289246e5BBa7afEDeB8cF976c3250,
b568cb2d-07bf-4019-b484-cb4b017eeede,N=12,806c328d-40b5-4f28-b565-f565dad97c34,Crosstalk,N=12,0xF51bFC40C10289246e5BBa7afEDeB8cF976c3250,
b568cb2d-07bf-4019-b484-cb4b017eeede,N=12,63a3a1a6-ae51-4554-85ae-4ee50df1b72a,Emergence,N=12,0xF51bFC40C10289246e5BBa7afEDeB8cF976c3250,
b568cb2d-07bf-4019-b484-cb4b017eeede,N=12,921dce6f-5174-4d9e-9d6b-9ef26f628231,Oscillation II,N=12,0xF51bFC40C10289246e5BBa7afEDeB8cF976c3250,
b568cb2d-07bf-4019-b484-cb4b017eeede,N=12,e1e6cc4c-f2c9-400b-82b0-f46d291ebf6b,Resonances,N=12,0xF51bFC40C10289246e5BBa7afEDeB8cF976c3250,
b568cb2d-07bf-4019-b484-cb4b017eeede,N=12,7392c74e-cb0f-4be7-b4e4-26b9cad0499d,Superbloom,N=12,0xF51bFC40C10289246e5BBa7afEDeB8cF976c3250,
b568cb2d-07bf-4019-b484-cb4b017eeede,N=12,707b6615-585d-4705-8dc1-36ce89b629ca,Tessellate,N=12,0xF51bFC40C10289246e5BBa7afEDeB8cF976c3250,
b568cb2d-07bf-4019-b484-cb4b017eeede,N=12,cbdf21b6-9875-4060-85b1-75d966086c52,Text Me When You Get Home,N=12,0xF51bFC40C10289246e5BBa7afEDeB8cF976c3250,
b568cb2d-07bf-4019-b484-cb4b017eeede,N=12,87739d13-4997-4d0a-95b7-f1b03c603914,wavʌves,N=12,0xF51bFC40C10289246e5BBa7afEDeB8cF976c3250,
4819d9cd-0d02-47a0-b03f-782904a185cb,A(nn)i’s Phantom Obsessions by Ann Hirsch,4819d9cd-0d02-47a0-b03f-782904a185cb,A(nn)i’s Phantom Obsessions,Net Evil,0x115C9A6118bC7a3EB0aBD30f6BCF1C45Bb198AEd,
8a8bbaf1-42d3-426b-b16a-d44344988ade,Bobalina Gala by Lorna Mills,8a8bbaf1-42d3-426b-b16a-d44344988ade,Bobalina Gala,Net Evil,0x115C9A6118bC7a3EB0aBD30f6BCF1C45Bb198AEd,
b9c75754-0a64-42eb-9170-23ef11fc2f3d,Curse Reversed by Lorna Mills,b9c75754-0a64-42eb-9170-23ef11fc2f3d,Curse Reversed,Net Evil,0x115C9A6118bC7a3EB0aBD30f6BCF1C45Bb198AEd,
5ad273eb-a00f-43a6-80a1-9eca7f4b201d,Hard Copy by Maya Man,5ad273eb-a00f-43a6-80a1-9eca7f4b201d,Hard Copy,Net Evil,0x115C9A6118bC7a3EB0aBD30f6BCF1C45Bb198AEd,
ada23b29-83b7-4dfc-8ca3-b8ecb4a07dde,Ina Said Hello by Lorna Mills,ada23b29-83b7-4dfc-8ca3-b8ecb4a07dde,Ina Said Hello,Net Evil,0x115C9A6118bC7a3EB0aBD30f6BCF1C45Bb198AEd,
07a06d03-ebd2-4db1-bb86-b58e879f8d78,Money Vortex by Steve Pikelny ,07a06d03-ebd2-4db1-bb86-b58e879f8d78,Money Vortex,Net Evil,0x115C9A6118bC7a3EB0aBD30f6BCF1C45Bb198AEd,
c0e20987-c5d2-4d74-a247-043d13aa65b8,Moody Slew by Lorna Mills,c0e20987-c5d2-4d74-a247-043d13aa65b8,Moody Slew,Net Evil,0x115C9A6118bC7a3EB0aBD30f6BCF1C45Bb198AEd,
ba7e377d-e19e-40ff-becc-eff1e2aac779,Napster 24 by Damjanski,ba7e377d-e19e-40ff-becc-eff1e2aac779,Napster 24,Net Evil,0x115C9A6118bC7a3EB0aBD30f6BCF1C45Bb198AEd,
30ba9f49-52df-46b7-8b7d-0ddb8f0b311c,Phat Phonk by Dadabots,30ba9f49-52df-46b7-8b7d-0ddb8f0b311c,Phat Phonk,Net Evil,0x115C9A6118bC7a3EB0aBD30f6BCF1C45Bb198AEd,
efda6a93-aa0c-4619-8176-39c95f2cbcde,Sweet Medicine by Lorna Mills,efda6a93-aa0c-4619-8176-39c95f2cbcde,Sweet Medicine,Net Evil,0x115C9A6118bC7a3EB0aBD30f6BCF1C45Bb198AEd,
a5a224a5-afbb-49b7-b399-e3c79ce1f2e9,Thunder Words by Lorna Mills,a5a224a5-afbb-49b7-b399-e3c79ce1f2e9,Thunder Words,Net Evil,0x115C9A6118bC7a3EB0aBD30f6BCF1C45Bb198AEd,
f5bd9abb-7a95-4c69-9fd5-88b816e51f2b,Unbridled Christie by Lorna Mills,f5bd9abb-7a95-4c69-9fd5-88b816e51f2b,Unbridled Christie,Net Evil,0x115C9A6118bC7a3EB0aBD30f6BCF1C45Bb198AEd,
2f5d8b08-af8c-4a19-b1ce-815c9fd9bd03,​​𝚅𝙰𝙽𝙸𝚃𝙸𝙴𝚂 by SHL0MS,2f5d8b08-af8c-4a19-b1ce-815c9fd9bd03,​​𝚅𝙰𝙽𝙸𝚃𝙸𝙴𝚂,Net Evil,0x115C9A6118bC7a3EB0aBD30f6BCF1C45Bb198AEd,
c328998f-27d4-496f-acea-7c971416110e,Every Icon: BlockPrint by John F. Simon Jr.,df0fce01-b539-4e05-8087-68f3b371c8a8,Every Icon: BlockPrint,On Screen Presence,0xaDB387798599f5777CD0531c2ECb36007C1D1a51,
c328998f-27d4-496f-acea-7c971416110e,Every Icon: BlockPrint by John F. Simon Jr.,c328998f-27d4-496f-acea-7c971416110e,Every Icon: BlockPrint,On Screen Presence,0xaDB387798599f5777CD0531c2ECb36007C1D1a51,
fd2cbf3b-152e-4ed1-b2ae-21f65b2e2d0f,Movie on 06-03-22 at 1.00 PM by Molly Soda,fd2cbf3b-152e-4ed1-b2ae-21f65b2e2d0f,Movie on 06-03-22 at 1.00 PM,On Screen Presence,0xaDB387798599f5777CD0531c2ECb36007C1D1a51,
fd2cbf3b-152e-4ed1-b2ae-21f65b2e2d0f,Movie on 06-03-22 at 1.00 PM by Molly Soda,90b82f85-dda3-417b-8af3-7e2d9a8756ba,Movie on 06-03-22 at 1.00 PM,On Screen Presence,0xaDB387798599f5777CD0531c2ECb36007C1D1a51,
7b77f5d5-fefc-4a77-a40c-e9e8e5f8f9cb,Rewilded Topography #1  by Wiena Lin,7b77f5d5-fefc-4a77-a40c-e9e8e5f8f9cb,Rewilded Topography #1 ,On Screen Presence,0xaDB387798599f5777CD0531c2ECb36007C1D1a51,
7b77f5d5-fefc-4a77-a40c-e9e8e5f8f9cb,Rewilded Topography #1  by Wiena Lin,d0a3c28f-7e45-4a53-bb8a-ea8677f1da91,Rewilded Topography #1 ,On Screen Presence,0xaDB387798599f5777CD0531c2ECb36007C1D1a51,
725023bf-1604-4f3b-8e57-100500682b29,Sketches in Iron by 0xDEAFBEEF,725023bf-1604-4f3b-8e57-100500682b29,Sketches in Iron,On Screen Presence,0xaDB387798599f5777CD0531c2ECb36007C1D1a51,
725023bf-1604-4f3b-8e57-100500682b29,Sketches in Iron by 0xDEAFBEEF,abf1fd61-b911-402b-9e2e-d7dcf96c4d82,Sketches in Iron,On Screen Presence,0xaDB387798599f5777CD0531c2ECb36007C1D1a51,
0c3fa80b-712a-4688-b01a-fb904c658b76,The Interfered Microscopy Plot by Golan Levin,5440b100-26fe-41b6-b55e-96ff06b5a94a,The Interfered Microscopy Plot,On Screen Presence,0xaDB387798599f5777CD0531c2ECb36007C1D1a51,
0c3fa80b-712a-4688-b01a-fb904c658b76,The Interfered Microscopy Plot by Golan Levin,0c3fa80b-712a-4688-b01a-fb904c658b76,The Interfered Microscopy Plot,On Screen Presence,0xaDB387798599f5777CD0531c2ECb36007C1D1a51,
45700bea-403a-45ed-8f40-cd21f799142a,Downtime by Ryan Kuo,45700bea-403a-45ed-8f40-cd21f799142a,Downtime,One to Zero,0x8a20fB6eb7e1D662b157Fc6eA0694972584C09BB,
d08770b9-536b-4129-b122-b47269fb0b64,Human Abecedary: Inter-Letters by Viktor Timofeev,d08770b9-536b-4129-b122-b47269fb0b64,Human Abecedary: Inter-Letters,One to Zero,0x8a20fB6eb7e1D662b157Fc6eA0694972584C09BB,
4cf5f23e-b506-44be-97bb-a943d8dee84b,In Tongues by Damon Zucconi,4cf5f23e-b506-44be-97bb-a943d8dee84b,In Tongues,One to Zero,0x8a20fB6eb7e1D662b157Fc6eA0694972584C09BB,
3515cd8c-dabf-4a9c-896c-4d1a8cac69e4,Memory Intensified by Hand of Manual World by Adriana Ramić,3515cd8c-dabf-4a9c-896c-4d1a8cac69e4,Memory Intensified by Hand of Manual World,One to Zero,0x8a20fB6eb7e1D662b157Fc6eA0694972584C09BB,
c3753955-b019-44ee-9190-d06ebb1ccd37,Mon Alphabet en Signes by Laura Brown,c3753955-b019-44ee-9190-d06ebb1ccd37,Mon Alphabet en Signes,One to Zero,0x8a20fB6eb7e1D662b157Fc6eA0694972584C09BB,
6d1f1dce-5933-4385-af71-5a994e919d4b,PURCHASE CANCELLED by Dirk Paesmans,6d1f1dce-5933-4385-af71-5a994e919d4b,PURCHASE CANCELLED,One to Zero,0x8a20fB6eb7e1D662b157Fc6eA0694972584C09BB,
6378ad0a-3aea-44dc-9369-c4f855bd35b6,Perfume Area: The Alphabet by Laurel Schwulst and Sydney Shen,6378ad0a-3aea-44dc-9369-c4f855bd35b6,Perfume Area: The Alphabet,One to Zero,0x8a20fB6eb7e1D662b157Fc6eA0694972584C09BB,
0bd7bb41-118d-4392-8559-43082957c05d,reCAPTCHA.otf by Mira Dayal,0bd7bb41-118d-4392-8559-43082957c05d,reCAPTCHA.otf,One to Zero,0x8a20fB6eb7e1D662b157Fc6eA0694972584C09BB,
88397634-9974-40fa-ab9b-b9632410229e,Study for Unsupervised by Refik Anadol,88397634-9974-40fa-ab9b-b9632410229e,Study for Unsupervised,Opening Celebration — Refik Anadol: Unsupervised,0x7E6c132B8cb00899d17750E0fD982EA122C6b0f2,
ebe3df0f-f765-410e-b2fa-edd39dcf5369,3 ORBS by Nicolas Sassoon,ebe3df0f-f765-410e-b2fa-edd39dcf5369,3 ORBS,P1×3L,0xE5163c74fFE6563D75d750E5d767122500a1c337,
6862d0b4-252f-469d-8327-c0d79f8b4a67,4 ORBS by Nicolas Sassoon,6862d0b4-252f-469d-8327-c0d79f8b4a67,4 ORBS,P1×3L,0xE5163c74fFE6563D75d750E5d767122500a1c337,
4f6816b5-3d84-4715-b025-c8a837030b49,Hatless by Francoise Gamma,4f6816b5-3d84-4715-b025-c8a837030b49,Hatless,P1×3L,0xE5163c74fFE6563D75d750E5d767122500a1c337,
f6d4f5f8-7f31-48c9-871e-b2cf4d4270aa,Mirror Arm by Francoise Gamma,f6d4f5f8-7f31-48c9-871e-b2cf4d4270aa,Mirror Arm,P1×3L,0xE5163c74fFE6563D75d750E5d767122500a1c337,
5d7e9132-059f-44d9-a6a9-3c8a9b688965,POST 1 by ertdfgcvb,5d7e9132-059f-44d9-a6a9-3c8a9b688965,POST 1,P1×3L,0xE5163c74fFE6563D75d750E5d767122500a1c337,
18125d2a-d424-496f-9949-9c3e625f114e,POST 2 by ertdfgcvb,18125d2a-d424-496f-9949-9c3e625f114e,POST 2,P1×3L,0xE5163c74fFE6563D75d750E5d767122500a1c337,
f548cb77-a829-42ea-b097-3b54603a0d8f,Picnic 001 by Raquel Meyers,f548cb77-a829-42ea-b097-3b54603a0d8f,Picnic 001,P1×3L,0xE5163c74fFE6563D75d750E5d767122500a1c337,
af4fe2af-67bb-4440-9885-621d5c3bf965,Picnic 002 by Raquel Meyers,af4fe2af-67bb-4440-9885-621d5c3bf965,Picnic 002,P1×3L,0xE5163c74fFE6563D75d750E5d767122500a1c337,
3620d7ce-0677-4c59-be8e-0638632dc43b,k.a9 by p1xelfool,3620d7ce-0677-4c59-be8e-0638632dc43b,k.a9,P1×3L,0xE5163c74fFE6563D75d750E5d767122500a1c337,
26433d62-bb36-46f8-bc8e-ed7214967cc2,k.f0 by p1xelfool,26433d62-bb36-46f8-bc8e-ed7214967cc2,k.f0,P1×3L,0xE5163c74fFE6563D75d750E5d767122500a1c337,
e03b37b6-2d2d-41d1-ac24-673e08600ac8,+rave-sing (traversing) by Osinachi,e03b37b6-2d2d-41d1-ac24-673e08600ac8,+rave-sing (traversing),Peer to Peer,0x2A86C5466f088caEbf94e071a77669BAe371CD87,
d2bc4191-7730-45d8-9d1f-685d494f3e9e,Bend by Ix Shells,d2bc4191-7730-45d8-9d1f-685d494f3e9e,Bend,Peer to Peer,0x2A86C5466f088caEbf94e071a77669BAe371CD87,
867218d3-8421-4e45-b6b9-eca2fef44f5d,CLUB ROTHKO - ORANGE AND YELLOW STARTER PACK by LaTurbo Avedon,867218d3-8421-4e45-b6b9-eca2fef44f5d,CLUB ROTHKO - ORANGE AND YELLOW STARTER PACK,Peer to Peer,0x2A86C5466f088caEbf94e071a77669BAe371CD87,
03292b3d-769f-4235-a8ad-a3517e24f351,Caryatid: Recursion by Sarah Zucker,03292b3d-769f-4235-a8ad-a3517e24f351,Caryatid: Recursion,Peer to Peer,0x2A86C5466f088caEbf94e071a77669BAe371CD87,
51de9ede-43ee-43a8-8af5-3771d73eacc7,Caryatid: Thought by Sarah Zucker,51de9ede-43ee-43a8-8af5-3771d73eacc7,Caryatid: Thought,Peer to Peer,0x2A86C5466f088caEbf94e071a77669BAe371CD87,
b8e62a5d-cbe8-46c6-8d5c-fd66e06a0984,Caryatid: Vision by Sarah Zucker,b8e62a5d-cbe8-46c6-8d5c-fd66e06a0984,Caryatid: Vision,Peer to Peer,0x2A86C5466f088caEbf94e071a77669BAe371CD87,
c601cac7-6a3b-410f-baa2-a86f4a6be10d,Caryatid: Wink by Sarah Zucker,c601cac7-6a3b-410f-baa2-a86f4a6be10d,Caryatid: Wink,Peer to Peer,0x2A86C5466f088caEbf94e071a77669BAe371CD87,
f5d3ffb6-99fb-4c50-ac82-d9db3cfd3963,"Evolutionary Games and Spatial Chaos, Letters to Nature, 1992 by Sarah Friend",f5d3ffb6-99fb-4c50-ac82-d9db3cfd3963,"Evolutionary Games and Spatial Chaos, Letters to Nature, 1992",Peer to Peer,0x2A86C5466f088caEbf94e071a77669BAe371CD87,
9e8992c9-91f0-48c7-a7c7-6ca7bcff9d6a,METASOTO by Casey REAS,9e8992c9-91f0-48c7-a7c7-6ca7bcff9d6a,METASOTO,Peer to Peer,0x2A86C5466f088caEbf94e071a77669BAe371CD87,
712ddea8-2492-4357-9f03-d1ff7e9ad4cf,Marisol/Daphne/Auriea by Auriea Harvey,712ddea8-2492-4357-9f03-d1ff7e9ad4cf,Marisol/Daphne/Auriea,Peer to Peer,0x2A86C5466f088caEbf94e071a77669BAe371CD87,
ea510926-e95c-43ad-b284-e2a9286ff3f2,"Metaverse Landscape 1: Decentraland Parcel -81, -17 by Simon Denny",ea510926-e95c-43ad-b284-e2a9286ff3f2,"Metaverse Landscape 1: Decentraland Parcel -81, -17",Peer to Peer,0x2A86C5466f088caEbf94e071a77669BAe371CD87,
5c46d607-e11d-477d-b38d-a9f5f2b7f6d9,Swim by Entangled Others,5c46d607-e11d-477d-b38d-a9f5f2b7f6d9,Swim,Peer to Peer,0x2A86C5466f088caEbf94e071a77669BAe371CD87,
4d3d60e8-0f7b-4578-b5a7-efae617c3ce2,The Bell Machine by Anne Spalter,4d3d60e8-0f7b-4578-b5a7-efae617c3ce2,The Bell Machine,Peer to Peer,0x2A86C5466f088caEbf94e071a77669BAe371CD87,
8dfe5559-b967-42f7-9f4a-f7cb1dae9008,Titled (Information as Property as Art) [Ethereum Null Address] by Rhea Myers,8dfe5559-b967-42f7-9f4a-f7cb1dae9008,Titled (Information as Property as Art) [Ethereum Null Address],Peer to Peer,0x2A86C5466f088caEbf94e071a77669BAe371CD87,
82115197-d516-4bd8-8498-227aaf30eb12,Wheel of Life by Amir H. Fallah,82115197-d516-4bd8-8498-227aaf30eb12,Wheel of Life,Peer to Peer,0x2A86C5466f088caEbf94e071a77669BAe371CD87,
91765bc5-8815-4620-8268-80516d531dc0,Winslow Homer’s Croquet Challenge by Mitchell F. Chan,91765bc5-8815-4620-8268-80516d531dc0,Winslow Homer’s Croquet Challenge,Peer to Peer,0x2A86C5466f088caEbf94e071a77669BAe371CD87,
053acd9a-2871-409b-a6e0-75a5c7ee2d06,Peer to Peer Launch Party Exclusive by Feral File Publisher,053acd9a-2871-409b-a6e0-75a5c7ee2d06,Peer to Peer Launch Party Exclusive,Peer to Peer Launch Party Exclusive,0xB14b42814895FC1B0A528a475f8A5b070eB4c671,
3e8f638a-c7e2-403a-98d8-c185411825bd,Acrylic Interval by Jan St. Werner,3e8f638a-c7e2-403a-98d8-c185411825bd,Acrylic Interval,Polyarrythmia,0x63c8282C8705E7873B3302bd623b2Bc8eBCdDDD3,
e885a572-1acc-4b0c-9c63-c3f8e49bd302,Aufgezeichnete Luft by Jan St. Werner,e885a572-1acc-4b0c-9c63-c3f8e49bd302,Aufgezeichnete Luft,Polyarrythmia,0x63c8282C8705E7873B3302bd623b2Bc8eBCdDDD3,
93544620-dff8-4ae5-8194-3f527e8cc91e,Contrafictionary by Jan St. Werner,93544620-dff8-4ae5-8194-3f527e8cc91e,Contrafictionary,Polyarrythmia,0x63c8282C8705E7873B3302bd623b2Bc8eBCdDDD3,
ec014e95-c9de-4d2e-b464-d95c3f7ae19c,Glissbob by Jan St. Werner,ec014e95-c9de-4d2e-b464-d95c3f7ae19c,Glissbob,Polyarrythmia,0x63c8282C8705E7873B3302bd623b2Bc8eBCdDDD3,
03c9301f-e338-4419-8830-3e790fdc936b,Kubo Final by Jan St. Werner,03c9301f-e338-4419-8830-3e790fdc936b,Kubo Final,Polyarrythmia,0x63c8282C8705E7873B3302bd623b2Bc8eBCdDDD3,
dc8dddb8-7b4e-4d60-80da-071b92444514,Model Illusion by Jan St. Werner,dc8dddb8-7b4e-4d60-80da-071b92444514,Model Illusion,Polyarrythmia,0x63c8282C8705E7873B3302bd623b2Bc8eBCdDDD3,
25a0daeb-ec6d-4bfd-8a24-11c44beb5629,Seizures Palace by Jan St. Werner,25a0daeb-ec6d-4bfd-8a24-11c44beb5629,Seizures Palace,Polyarrythmia,0x63c8282C8705E7873B3302bd623b2Bc8eBCdDDD3,
21a5bd39-64d0-490b-b578-6c6ecd317b7a,Simultan Dub by Jan St. Werner,21a5bd39-64d0-490b-b578-6c6ecd317b7a,Simultan Dub,Polyarrythmia,0x63c8282C8705E7873B3302bd623b2Bc8eBCdDDD3,
398716ae-a05b-43bb-adb8-48e56114af6a,Vectoria by Jan St. Werner,398716ae-a05b-43bb-adb8-48e56114af6a,Vectoria,Polyarrythmia,0x63c8282C8705E7873B3302bd623b2Bc8eBCdDDD3,
6fc37daa-bb2b-4cb4-993e-5414e6bd672d,36 Points by Sage Jenson,f65cb7b3-89e2-47eb-9e73-3b371105e15e,36 Points #01,Primordium,0x513AC47320798fB6D74543242a9c0F686682998D,
6fc37daa-bb2b-4cb4-993e-5414e6bd672d,36 Points by Sage Jenson,a2ba079e-319b-425a-b3df-6bb68c1b7343,36 Points #02,Primordium,0x513AC47320798fB6D74543242a9c0F686682998D,
6fc37daa-bb2b-4cb4-993e-5414e6bd672d,36 Points by Sage Jenson,6f5db274-ea1f-47b6-82ab-13b0ad650d36,36 Points #03,Primordium,0x513AC47320798fB6D74543242a9c0F686682998D,
6fc37daa-bb2b-4cb4-993e-5414e6bd672d,36 Points by Sage Jenson,bfecf42e-41e0-46a7-a948-435c5439d574,36 Points #04,Primordium,0x513AC47320798fB6D74543242a9c0F686682998D,
6fc37daa-bb2b-4cb4-993e-5414e6bd672d,36 Points by Sage Jenson,f4cf4ad5-b654-48d3-8ea0-85ec65eb17fa,36 Points #05,Primordium,0x513AC47320798fB6D74543242a9c0F686682998D,
6fc37daa-bb2b-4cb4-993e-5414e6bd672d,36 Points by Sage Jenson,e5437c4c-e32c-40e4-9b0a-074db2d11a6a,36 Points #06,Primordium,0x513AC47320798fB6D74543242a9c0F686682998D,
6fc37daa-bb2b-4cb4-993e-5414e6bd672d,36 Points by Sage Jenson,c32b4f0b-d3dc-43b8-bce2-011b82e57c97,36 Points #07,Primordium,0x513AC47320798fB6D74543242a9c0F686682998D,
6fc37daa-bb2b-4cb4-993e-5414e6bd672d,36 Points by Sage Jenson,2dbd7ac7-afe2-43fd-a83c-2156406c158e,36 Points #08,Primordium,0x513AC47320798fB6D74543242a9c0F686682998D,
6fc37daa-bb2b-4cb4-993e-5414e6bd672d,36 Points by Sage Jenson,ff673a40-0bfb-4ac9-b6a3-2d9cc8385463,36 Points #09,Primordium,0x513AC47320798fB6D74543242a9c0F686682998D,
6fc37daa-bb2b-4cb4-993e-5414e6bd672d,36 Points by Sage Jenson,2da1ec21-e476-40df-bc45-fb07573bdfe5,36 Points #10,Primordium,0x513AC47320798fB6D74543242a9c0F686682998D,
6fc37daa-bb2b-4cb4-993e-5414e6bd672d,36 Points by Sage Jenson,81c8f5d2-9f23-4584-8ee5-f7c975dc7951,36 Points #11,Primordium,0x513AC47320798fB6D74543242a9c0F686682998D,
6fc37daa-bb2b-4cb4-993e-5414e6bd672d,36 Points by Sage Jenson,94c4b51e-3c29-4568-9545-0556b290e14b,36 Points #12,Primordium,0x513AC47320798fB6D74543242a9c0F686682998D,
6fc37daa-bb2b-4cb4-993e-5414e6bd672d,36 Points by Sage Jenson,cddc55e9-15b1-453e-9f5f-359171be96b5,36 Points #13,Primordium,0x513AC47320798fB6D74543242a9c0F686682998D,
6fc37daa-bb2b-4cb4-993e-5414e6bd672d,36 Points by Sage Jenson,e496c840-27ce-4988-80a3-e99cd123d107,36 Points #14,Primordium,0x513AC47320798fB6D74543242a9c0F686682998D,
6fc37daa-bb2b-4cb4-993e-5414e6bd672d,36 Points by Sage Jenson,7ad28960-94f5-465f-b586-9d7834da476b,36 Points #15,Primordium,0x513AC47320798fB6D74543242a9c0F686682998D,
6fc37daa-bb2b-4cb4-993e-5414e6bd672d,36 Points by Sage Jenson,193dc737-9fe3-4f98-8714-c484cb4ce3e8,36 Points #16,Primordium,0x513AC47320798fB6D74543242a9c0F686682998D,
6fc37daa-bb2b-4cb4-993e-5414e6bd672d,36 Points by Sage Jenson,0f7a9421-44df-4d9c-a0d0-f850e4fdd43f,36 Points #17,Primordium,0x513AC47320798fB6D74543242a9c0F686682998D,
6fc37daa-bb2b-4cb4-993e-5414e6bd672d,36 Points by Sage Jenson,05c97416-7379-4d26-a61d-61277b939d3f,36 Points #18,Primordium,0x513AC47320798fB6D74543242a9c0F686682998D,
6fc37daa-bb2b-4cb4-993e-5414e6bd672d,36 Points by Sage Jenson,102f320e-2315-49a5-b0d9-bb96da1bf820,36 Points #19,Primordium,0x513AC47320798fB6D74543242a9c0F686682998D,
6fc37daa-bb2b-4cb4-993e-5414e6bd672d,36 Points by Sage Jenson,e15a896b-84f6-442d-be9e-3faeb088bfb0,36 Points #20,Primordium,0x513AC47320798fB6D74543242a9c0F686682998D,
6fc37daa-bb2b-4cb4-993e-5414e6bd672d,36 Points by Sage Jenson,669bc223-2deb-48f3-b5ba-e44d086bee6c,36 Points #21,Primordium,0x513AC47320798fB6D74543242a9c0F686682998D,
6fc37daa-bb2b-4cb4-993e-5414e6bd672d,36 Points by Sage Jenson,7e2aceea-c9f0-4afc-a4c6-8d37dda61d02,36 Points #22,Primordium,0x513AC47320798fB6D74543242a9c0F686682998D,
6fc37daa-bb2b-4cb4-993e-5414e6bd672d,36 Points by Sage Jenson,361076b7-b4f5-4b47-b800-8c1f31100271,36 Points #23,Primordium,0x513AC47320798fB6D74543242a9c0F686682998D,
6fc37daa-bb2b-4cb4-993e-5414e6bd672d,36 Points by Sage Jenson,f004b2e2-91bf-4517-8815-faea12a3f062,36 Points #24,Primordium,0x513AC47320798fB6D74543242a9c0F686682998D,
6fc37daa-bb2b-4cb4-993e-5414e6bd672d,36 Points by Sage Jenson,7e92539c-65ce-426b-a243-9b043d0defda,36 Points #25,Primordium,0x513AC47320798fB6D74543242a9c0F686682998D,
6fc37daa-bb2b-4cb4-993e-5414e6bd672d,36 Points by Sage Jenson,9ddfcfcf-2e67-480d-9d3f-feb885acbafb,36 Points #26,Primordium,0x513AC47320798fB6D74543242a9c0F686682998D,no tokens minted on-chain yet
6fc37daa-bb2b-4cb4-993e-5414e6bd672d,36 Points by Sage Jenson,500ccc6e-d7ad-443f-a9df-0bf709b3b3c9,36 Points #27,Primordium,0x513AC47320798fB6D74543242a9c0F686682998D,
6fc37daa-bb2b-4cb4-993e-5414e6bd672d,36 Points by Sage Jenson,cb0fc2d2-1e7b-4a39-b518-2be692a52ffc,36 Points #28,Primordium,0x513AC47320798fB6D74543242a9c0F686682998D,
6fc37daa-bb2b-4cb4-993e-5414e6bd672d,36 Points by Sage Jenson,f128ae45-67bf-41f7-bef6-cdb30ec3c02b,36 Points #29,Primordium,0x513AC47320798fB6D74543242a9c0F686682998D,
6fc37daa-bb2b-4cb4-993e-5414e6bd672d,36 Points by Sage Jenson,b0cd5f03-3a5b-4be3-9c58-b05d2b388c5a,36 Points #30,Primordium,0x513AC47320798fB6D74543242a9c0F686682998D,
6fc37daa-bb2b-4cb4-993e-5414e6bd672d,36 Points by Sage Jenson,cf4a1884-2d79-4875-bba1-20206a8a489c,36 Points #31,Primordium,0x513AC47320798fB6D74543242a9c0F686682998D,
6fc37daa-bb2b-4cb4-993e-5414e6bd672d,36 Points by Sage Jenson,dc560d90-2d89-45be-a639-ebc3ab496f43,36 Points #32,Primordium,0x513AC47320798fB6D74543242a9c0F686682998D,
6fc37daa-bb2b-4cb4-993e-5414e6bd672d,36 Points by Sage Jenson,f421b0af-2ebc-4fa3-a9c1-de2ae7662c3e,36 Points #33,Primordium,0x513AC47320798fB6D74543242a9c0F686682998D,
6fc37daa-bb2b-4cb4-993e-5414e6bd672d,36 Points by Sage Jenson,35b11663-0ced-4c14-9113-b5d763da0040,36 Points #34,Primordium,0x513AC47320798fB6D74543242a9c0F686682998D,
6fc37daa-bb2b-4cb4-993e-5414e6bd672d,36 Points by Sage Jenson,78e56727-5b72-4f98-bbef-67ed004a635d,36 Points #35,Primordium,0x513AC47320798fB6D74543242a9c0F686682998D,no tokens minted on-chain yet
6fc37daa-bb2b-4cb4-993e-5414e6bd672d,36 Points by Sage Jenson,6835b45f-7f3f-4caf-8a74-d52b35a24df1,36 Points #36,Primordium,0x513AC47320798fB6D74543242a9c0F686682998D,
6fc37daa-bb2b-4cb4-993e-5414e6bd672d,36 Points by Sage Jenson,e9c74592-8483-4511-adb2-16ef4730ca1a,36 Points Display Edition,Primordium,0x513AC47320798fB6D74543242a9c0F686682998D,
7ba57167-a13e-4033-b07e-c7094f74410c,Embryogenesis by Sage Jenson,7ba57167-a13e-4033-b07e-c7094f74410c,Embryogenesis,Primordium,0x513AC47320798fB6D74543242a9c0F686682998D,
a3d23452-f377-4d0e-9a67-ecce7a182927,Tapestry by Sage Jenson,a3d23452-f377-4d0e-9a67-ecce7a182927,Tapestry,Primordium,0x513AC47320798fB6D74543242a9c0F686682998D,
3224d677-f521-415d-86c0-1f2f9c47abef,CUSP - Marsh Birds by Jake Elwes,3224d677-f521-415d-86c0-1f2f9c47abef,CUSP - Marsh Birds,Reflections in the Water,0x29C9E04E05c5d261836e458BC5B779a7dE3C58D6,
6ceb34ad-a8e2-40af-ada7-121a778ec352,Contemplating Motion by Scott Eaton,6ceb34ad-a8e2-40af-ada7-121a778ec352,Contemplating Motion,Reflections in the Water,0x29C9E04E05c5d261836e458BC5B779a7dE3C58D6,
83c776c3-262e-4f1d-95f9-97f6d2ccb7cd,Fragments of Self by Terence Broad,83c776c3-262e-4f1d-95f9-97f6d2ccb7cd,Fragments of Self,Reflections in the Water,0x29C9E04E05c5d261836e458BC5B779a7dE3C58D6,
e1b87ae6-d871-4e70-8df1-f9cd7dbd09f9,"Fragments:30.2051 N, 90.1121 W by Anna Ridler & Caroline Sinders",e1b87ae6-d871-4e70-8df1-f9cd7dbd09f9,"Fragments:30.2051 N, 90.1121 W",Reflections in the Water,0x29C9E04E05c5d261836e458BC5B779a7dE3C58D6,
92a0c691-c281-4a93-ae1f-48d5eacd0ee3,"Leaves of Manifold, of Red and Gold by Helena Sarin",92a0c691-c281-4a93-ae1f-48d5eacd0ee3,"Leaves of Manifold, of Red and Gold",Reflections in the Water,0x29C9E04E05c5d261836e458BC5B779a7dE3C58D6,
d26432cc-df0d-42c3-94db-098332b438b6,Neighbors by Yuma Kishi,d26432cc-df0d-42c3-94db-098332b438b6,Neighbors,Reflections in the Water,0x29C9E04E05c5d261836e458BC5B779a7dE3C58D6,
8718cfaf-3a37-4112-bc66-c3654d2fb302,Pixie by Vadim Epstein,8718cfaf-3a37-4112-bc66-c3654d2fb302,Pixie,Reflections in the Water,0x29C9E04E05c5d261836e458BC5B779a7dE3C58D6,
f27c6217-e4c0-4f82-b8b7-d38c8653b0dd,Solstice Sky Dream by Daniel Ambrosi,f27c6217-e4c0-4f82-b8b7-d38c8653b0dd,Solstice Sky Dream,Reflections in the Water,0x29C9E04E05c5d261836e458BC5B779a7dE3C58D6,
063ccfde-866d-4dbd-95ed-5213336cfbca,Strange Fruit by Mal Som,063ccfde-866d-4dbd-95ed-5213336cfbca,Strange Fruit,Reflections in the Water,0x29C9E04E05c5d261836e458BC5B779a7dE3C58D6,
7462201d-7fd6-4ee9-83f6-4e4b35c39de1,There once was a jellyfish ... by Entangled Others,7462201d-7fd6-4ee9-83f6-4e4b35c39de1,There once was a jellyfish ...,Reflections in the Water,0x29C9E04E05c5d261836e458BC5B779a7dE3C58D6,
d7f80e10-a227-4272-bd58-2da08703d460,Vague Recollection by Mario Klingemann,d7f80e10-a227-4272-bd58-2da08703d460,Vague Recollection,Reflections in the Water,0x29C9E04E05c5d261836e458BC5B779a7dE3C58D6,
4a58d6e4-d014-4ea3-9837-f7892fd48157,Venuses (quantum bodies watched by Open Pose algorithm) by Libby Heaney,4a58d6e4-d014-4ea3-9837-f7892fd48157,Venuses (quantum bodies watched by Open Pose algorithm),Reflections in the Water,0x29C9E04E05c5d261836e458BC5B779a7dE3C58D6,
ccb212b8-76cd-4c54-824a-266f33fe057d,CANCEL YOURSELF by Danielle Brathwaite-Shirley,ccb212b8-76cd-4c54-824a-266f33fe057d,CANCEL YOURSELF,SOUND MACHINES,0x1D9787369B1DCf709f92Da1d8743c2A4b6028a83,
75e849ce-0d03-4943-84b3-56a41be87044,CANCELLING YOURSELF (Portal Video) by Danielle Brathwaite-Shirley,75e849ce-0d03-4943-84b3-56a41be87044,CANCELLING YOURSELF (Portal Video),SOUND MACHINES,0x1D9787369B1DCf709f92Da1d8743c2A4b6028a83,
471b892b-9373-4245-9b80-c6e5c706ae43,Integrity Protocol / Lower Limb Lecture by American Artist and Tommy Martinez,471b892b-9373-4245-9b80-c6e5c706ae43,Integrity Protocol / Lower Limb Lecture,SOUND MACHINES,0x1D9787369B1DCf709f92Da1d8743c2A4b6028a83,
a15bd8e4-2e6e-4839-9c2b-c2fd98bd7b47,Integrity Protocol Lyrics Video by American Artist and Tommy Martinez,a15bd8e4-2e6e-4839-9c2b-c2fd98bd7b47,Integrity Protocol Lyrics Video,SOUND MACHINES,0x1D9787369B1DCf709f92Da1d8743c2A4b6028a83,
cccecf88-6d8f-485f-9358-0def21bc4ad7,PAYPHONE by 0xDEAFBEEF,cccecf88-6d8f-485f-9358-0def21bc4ad7,PAYPHONE,SOUND MACHINES,0x1D9787369B1DCf709f92Da1d8743c2A4b6028a83,
8d8e8feb-da80-4dc4-b2f0-b7c7a3472f29,Play from Memory by Holly Herndon and Mat Dryhurst,8d8e8feb-da80-4dc4-b2f0-b7c7a3472f29,Play from Memory,SOUND MACHINES,0x1D9787369B1DCf709f92Da1d8743c2A4b6028a83,
a8cefd59-fd74-4ac1-9cdc-c91d1ef56e7e,SOUND PIECE V by Yoko Ono,faa810f7-7b75-4c02-bf8a-b7447a89c921,SOUND PIECE V,SOUND MACHINES,0x1D9787369B1DCf709f92Da1d8743c2A4b6028a83,
a8cefd59-fd74-4ac1-9cdc-c91d1ef56e7e,SOUND PIECE V by Yoko Ono,a8cefd59-fd74-4ac1-9cdc-c91d1ef56e7e,SOUND PIECE V,SOUND MACHINES,0x1D9787369B1DCf709f92Da1d8743c2A4b6028a83,
67ab07f9-3dc5-4758-a560-c3d2347523b8,Vox Anima by 0xDEAFBEEF,67ab07f9-3dc5-4758-a560-c3d2347523b8,Vox Anima,SOUND MACHINES,0x1D9787369B1DCf709f92Da1d8743c2A4b6028a83,
abd875bc-27cf-4428-abc5-eb8cd10b4d6f,Scattered Limbs (Monument 01) by Peter Burr,abd875bc-27cf-4428-abc5-eb8cd10b4d6f,Scattered Limbs (Monument 01),Scattered Limbs (Monument 01),0xD74745721E3b9c3D784F15bfBA2802fa2e9955d9,
97846526-0283-4d34-8316-a8dd84c4dabf,Bridges by HP,97846526-0283-4d34-8316-a8dd84c4dabf,Bridges,Smooth,0xA29a5824E2A52d15836f1780277d7218b0Ca244b,
1f060e42-3437-444c-b823-a8b8532c449c,1DE94 by Raven Kwok,1f060e42-3437-444c-b823-a8b8532c449c,1DE94,Social Codes,0x28b51BA8B990c48CB22cB6EF0ad5415fdBA5210C,
43c29566-9fad-42ce-aab9-1c4947164d94,Arrels by Anna Carreras,43c29566-9fad-42ce-aab9-1c4947164d94,Arrels,Social Codes,0x28b51BA8B990c48CB22cB6EF0ad5415fdBA5210C,
33e55482-5dac-40b8-972e-750c374d69bb,Lamia by Frederik Vanhoutte,33e55482-5dac-40b8-972e-750c374d69bb,Lamia,Social Codes,0x28b51BA8B990c48CB22cB6EF0ad5415fdBA5210C,
00f8e853-e20e-49bb-9f2f-8190507b8066,Scrampled by Andrew Benson,00f8e853-e20e-49bb-9f2f-8190507b8066,Scrampled,Social Codes,0x28b51BA8B990c48CB22cB6EF0ad5415fdBA5210C,
28cad12d-50f2-4d82-a77d-1284cf934b8c,Shimmer by Dave Whyte,28cad12d-50f2-4d82-a77d-1284cf934b8c,Shimmer,Social Codes,0x28b51BA8B990c48CB22cB6EF0ad5415fdBA5210C,
2a727b17-7890-4464-913d-3fe5ad2af4ae,Transparent Grit by Dmitri Cherniak,2a727b17-7890-4464-913d-3fe5ad2af4ae,Transparent Grit,Social Codes,0x28b51BA8B990c48CB22cB6EF0ad5415fdBA5210C,
69518c54-2bc5-4b90-b606-675529c7593d,can I go where you go? by Maya Man,69518c54-2bc5-4b90-b606-675529c7593d,can I go where you go?,Social Codes,0x28b51BA8B990c48CB22cB6EF0ad5415fdBA5210C,
07c766f0-edc4-45fd-be50-83f89228b08c,dada data by LIA,07c766f0-edc4-45fd-be50-83f89228b08c,dada data,Social Codes,0x28b51BA8B990c48CB22cB6EF0ad5415fdBA5210C,
5af4af6f-1e6b-4e45-95db-7b4de60fe0ca,enchanting luxuriance by Saskia Freeke,5af4af6f-1e6b-4e45-95db-7b4de60fe0ca,enchanting luxuriance,Social Codes,0x28b51BA8B990c48CB22cB6EF0ad5415fdBA5210C,
9983bf66-380e-4af3-bee9-237c492f18a0,uneasy dream by Manolo Gamboa Naon,9983bf66-380e-4af3-bee9-237c492f18a0,uneasy dream,Social Codes,0x28b51BA8B990c48CB22cB6EF0ad5415fdBA5210C,
1c4e667e-45b5-4467-a1e9-8efe8165ca0d,StarQuest by Maya Man,1c4e667e-45b5-4467-a1e9-8efe8165ca0d,StarQuest,StarQuest,0x67E3ad1902A55074AAdD84d9b335105B2D52b813,
d80846db-92be-4351-b66d-b8956c67e76b,Inaugural SuperBridge Summit by Superbridge Council,d80846db-92be-4351-b66d-b8956c67e76b,Inaugural SuperBridge Summit,SuperBridge Summit Dubai,0x772A3C476461C041FeAC146A86113d7b14712653,
56049bb2-d5ea-4947-b6ec-fc99408f92cf,Ten Whistlegraphs by Whistlegraph,2998a10b-8ddc-4344-9f3d-710ab5ec9287,Butterfly Cosplayer,Ten Whistlegraphs,0x9294c5787f5BC7462E991fE8B6FeaC75F433ac39,
56049bb2-d5ea-4947-b6ec-fc99408f92cf,Ten Whistlegraphs by Whistlegraph,a187efae-f936-4363-8f77-61b650548144,I Don’t Need an iPhone,Ten Whistlegraphs,0x9294c5787f5BC7462E991fE8B6FeaC75F433ac39,
56049bb2-d5ea-4947-b6ec-fc99408f92cf,Ten Whistlegraphs by Whistlegraph,5eb92ed1-7e81-4b2f-a24c-8e2a67c085e8,Lately When I Fly,Ten Whistlegraphs,0x9294c5787f5BC7462E991fE8B6FeaC75F433ac39,
56049bb2-d5ea-4947-b6ec-fc99408f92cf,Ten Whistlegraphs by Whistlegraph,edc8b7d3-e95c-4056-93d3-d29d1258195f,Loner,Ten Whistlegraphs,0x9294c5787f5BC7462E991fE8B6FeaC75F433ac39,
56049bb2-d5ea-4947-b6ec-fc99408f92cf,Ten Whistlegraphs by Whistlegraph,f0cf5ba9-4d45-45a7-aafa-a340ccb1dca8,Mommy Wow,Ten Whistlegraphs,0x9294c5787f5BC7462E991fE8B6FeaC75F433ac39,
56049bb2-d5ea-4947-b6ec-fc99408f92cf,Ten Whistlegraphs by Whistlegraph,3a13e193-725f-4a07-b5fa-51f36fc79050,People Pleaser,Ten Whistlegraphs,0x9294c5787f5BC7462E991fE8B6FeaC75F433ac39,
56049bb2-d5ea-4947-b6ec-fc99408f92cf,Ten Whistlegraphs by Whistlegraph,9ce5936e-a888-4302-a998-146823306098,Puzzle,Ten Whistlegraphs,0x9294c5787f5BC7462E991fE8B6FeaC75F433ac39,
56049bb2-d5ea-4947-b6ec-fc99408f92cf,Ten Whistlegraphs by Whistlegraph,3110459a-bcad-4dd9-a43d-a0f1eaddc0f8,Slinky Dog,Ten Whistlegraphs,0x9294c5787f5BC7462E991fE8B6FeaC75F433ac39,
56049bb2-d5ea-4947-b6ec-fc99408f92cf,Ten Whistlegraphs by Whistlegraph,1e0b019f-60fa-4ae2-96ab-78796310ce0d,Time To Grow,Ten Whistlegraphs,0x9294c5787f5BC7462E991fE8B6FeaC75F433ac39,
56049bb2-d5ea-4947-b6ec-fc99408f92cf,Ten Whistlegraphs by Whistlegraph,71e492dd-e8e6-4b1e-8bf1-ee6d8708e04e,What’s Inside Your Heart?,Ten Whistlegraphs,0x9294c5787f5BC7462E991fE8B6FeaC75F433ac39,
7764ae91-0392-48fb-b68c-796d701bed08,Earmark by Matthew D. Gantt,7764ae91-0392-48fb-b68c-796d701bed08,Earmark,The Bardo: Unpacking the Real,0xaa02CC02F4531Ee75d1b78Cb5A155d4F3B54f830,
adc4221c-4f00-4193-ac82-c4d9b1a0b681,Kiki.object by Claudia Hart,adc4221c-4f00-4193-ac82-c4d9b1a0b681,Kiki.object,The Bardo: Unpacking the Real,0xaa02CC02F4531Ee75d1b78Cb5A155d4F3B54f830,
e9aab828-96ae-4d16-b155-6bb9fded9f34,Slipstream 001 by Nancy Baker Cahill,e9aab828-96ae-4d16-b155-6bb9fded9f34,Slipstream 001,The Bardo: Unpacking the Real,0xaa02CC02F4531Ee75d1b78Cb5A155d4F3B54f830,
3a9f6d14-d53d-4d5c-b55a-f0e5793d5d0e,"Spectrality (from The Divers, IX) by Sophie Kahn",3a9f6d14-d53d-4d5c-b55a-f0e5793d5d0e,"Spectrality (from The Divers, IX)",The Bardo: Unpacking the Real,0xaa02CC02F4531Ee75d1b78Cb5A155d4F3B54f830,
2a57c29f-fa5b-440d-8dee-2d58cdb9238c,The Mystery [v5-dv1]  by Auriea Harvey,2a57c29f-fa5b-440d-8dee-2d58cdb9238c,The Mystery [v5-dv1] ,The Bardo: Unpacking the Real,0xaa02CC02F4531Ee75d1b78Cb5A155d4F3B54f830,
faa504eb-868c-4134-a7b2-eef051b9abbc,it's a matter of perspective by Martina Menegon,faa504eb-868c-4134-a7b2-eef051b9abbc,it's a matter of perspective,The Bardo: Unpacking the Real,0xaa02CC02F4531Ee75d1b78Cb5A155d4F3B54f830,
6bcc9b62-0ca3-4fdc-8232-0a3f2d4adf13,peep-o-rama by Carla Gannis,6bcc9b62-0ca3-4fdc-8232-0a3f2d4adf13,peep-o-rama,The Bardo: Unpacking the Real,0xaa02CC02F4531Ee75d1b78Cb5A155d4F3B54f830,
e15b4b6f-c180-4f92-9a8d-0599df13670c,1570742540594-34287 by Kim Asendorf,e15b4b6f-c180-4f92-9a8d-0599df13670c,1570742540594-34287,The Experiment,0x377d8E26d145c9ba0db766A0A577baBa9de9eC17,
14224a4b-321b-4326-af6c-4488d9450de2,Aliqua by Sabrina Ratté,14224a4b-321b-4326-af6c-4488d9450de2,Aliqua,The Experiment,0x377d8E26d145c9ba0db766A0A577baBa9de9eC17,
31f893aa-cc8f-4345-af6f-efd5d0b3afbf,"Announcement, 2019 by Lee Blalock (L[3]^2)",31f893aa-cc8f-4345-af6f-efd5d0b3afbf,"Announcement, 2019",The Experiment,0x377d8E26d145c9ba0db766A0A577baBa9de9eC17,
b9fc23b3-5cf1-4507-82b0-3ececbc7e01f,Cube_1997 by LIA,b9fc23b3-5cf1-4507-82b0-3ececbc7e01f,Cube_1997,The Experiment,0x377d8E26d145c9ba0db766A0A577baBa9de9eC17,
d1497479-9335-4b83-85bc-31caba9f2b29,Cyanotype Plant Sketch by Alan Butler,d1497479-9335-4b83-85bc-31caba9f2b29,Cyanotype Plant Sketch,The Experiment,0x377d8E26d145c9ba0db766A0A577baBa9de9eC17,
daf603b2-4c66-4faf-8e43-a5062ed1301e,DOG-WHISTLE_V2.MP4(L8NITE-SCREENER) by shawné michaelain holloway,daf603b2-4c66-4faf-8e43-a5062ed1301e,DOG-WHISTLE_V2.MP4(L8NITE-SCREENER),The Experiment,0x377d8E26d145c9ba0db766A0A577baBa9de9eC17,
c3103036-25e6-4d9c-bf38-bda9ce49722f,Into the Nothingness by Yoshi Sodeoka,c3103036-25e6-4d9c-bf38-bda9ce49722f,Into the Nothingness,The Experiment,0x377d8E26d145c9ba0db766A0A577baBa9de9eC17,
ce3d993f-34cc-494a-b265-a38105d4cd39,Mineral Ghost by Andrew Benson,ce3d993f-34cc-494a-b265-a38105d4cd39,Mineral Ghost,The Experiment,0x377d8E26d145c9ba0db766A0A577baBa9de9eC17,
44915b9e-8eac-477b-aa53-cfd335da082a,Mode Confusion by Peter Burr,44915b9e-8eac-477b-aa53-cfd335da082a,Mode Confusion,The Experiment,0x377d8E26d145c9ba0db766A0A577baBa9de9eC17,
b2a161dd-a790-4b60-83b4-dece2d0e1602,Nakamoto (The Proof) by Émilie Brout & Maxime Marion,b2a161dd-a790-4b60-83b4-dece2d0e1602,Nakamoto (The Proof),The Experiment,0x377d8E26d145c9ba0db766A0A577baBa9de9eC17,
78f213d3-a7d3-440e-817f-3cefbf28e043,Nashi by hiroyuki nisougi,78f213d3-a7d3-440e-817f-3cefbf28e043,Nashi,The Experiment,0x377d8E26d145c9ba0db766A0A577baBa9de9eC17,
e9eb561f-255d-4dd9-bf6a-b26e6476ce03,Pavilions by Nicolas Sassoon,e9eb561f-255d-4dd9-bf6a-b26e6476ce03,Pavilions,The Experiment,0x377d8E26d145c9ba0db766A0A577baBa9de9eC17,
6337f939-ad1e-4ea6-b549-205fb1951b56,SHE by Sarah Rara,6337f939-ad1e-4ea6-b549-205fb1951b56,SHE,The Experiment,0x377d8E26d145c9ba0db766A0A577baBa9de9eC17,
f6d0cf6d-5e60-454d-b9bb-823657fccd4e,Self-Portrait with Mask by LaTurbo Avedon,f6d0cf6d-5e60-454d-b9bb-823657fccd4e,Self-Portrait with Mask,The Experiment,0x377d8E26d145c9ba0db766A0A577baBa9de9eC17,
5b561f36-6604-4ec8-8dbe-cb3c4f6039c9,She Who Sees The Unknown: Aisha Qandisha by Morehshin Allahyari,5b561f36-6604-4ec8-8dbe-cb3c4f6039c9,She Who Sees The Unknown: Aisha Qandisha,The Experiment,0x377d8E26d145c9ba0db766A0A577baBa9de9eC17,
807072fa-2043-483d-a5bb-d274e6a83fa9,Sketch for a Cyclops by Auriea Harvey,807072fa-2043-483d-a5bb-d274e6a83fa9,Sketch for a Cyclops,The Experiment,0x377d8E26d145c9ba0db766A0A577baBa9de9eC17,
bc195832-3ec9-4fd1-a1f6-a761ae0d8f53,Speculative Fetish (Vive Controller) by Theo Triantafyllidis,bc195832-3ec9-4fd1-a1f6-a761ae0d8f53,Speculative Fetish (Vive Controller),The Experiment,0x377d8E26d145c9ba0db766A0A577baBa9de9eC17,
21f4e5b6-6af2-4885-a174-377d73be8397,Untitled Specimen by Sara Ludy,21f4e5b6-6af2-4885-a174-377d73be8397,Untitled Specimen,The Experiment,0x377d8E26d145c9ba0db766A0A577baBa9de9eC17,
d0b8d299-3787-4da9-8eff-9a7654d7e2cb,💮 ɃŁØSSØM (FØNŦ) 💮 by Tabor Robak,d0b8d299-3787-4da9-8eff-9a7654d7e2cb,💮 ɃŁØSSØM (FØNŦ) 💮,The Experiment,0x377d8E26d145c9ba0db766A0A577baBa9de9eC17,
252527ee-2232-45e0-9ead-27379ff26219,Abstract Oracle Miner 0009328437 by Guo Cheng & Weihao Qiu,252527ee-2232-45e0-9ead-27379ff26219,Abstract Oracle Miner 0009328437,The Long Cut,0x6E906B2E355294A6aeCD6B4F75816Eda9F703dda,
231fa61b-eb94-40d7-9a5c-0d5c7e94f1ed,"E-dream: We’ll stay, forever, in this way (2020 selected) by He Zike",231fa61b-eb94-40d7-9a5c-0d5c7e94f1ed,"E-dream: We’ll stay, forever, in this way (2020 selected)",The Long Cut,0x6E906B2E355294A6aeCD6B4F75816Eda9F703dda,
06dccbad-8fee-4c3c-934a-7eb45bd0b9d1,Free Fall Study III by Shi Zheng,06dccbad-8fee-4c3c-934a-7eb45bd0b9d1,Free Fall Study III,The Long Cut,0x6E906B2E355294A6aeCD6B4F75816Eda9F703dda,
2d1f1330-d66a-4e9e-afd6-c17e5e55f2c4,"In endless flow of absolute truth, there are innumerable relative conjecture. by In_K",2d1f1330-d66a-4e9e-afd6-c17e5e55f2c4,"In endless flow of absolute truth, there are innumerable relative conjecture.",The Long Cut,0x6E906B2E355294A6aeCD6B4F75816Eda9F703dda,
5472181b-3d22-436b-88fb-bb3e07fa073d,Satellite by Lin Ke,5472181b-3d22-436b-88fb-bb3e07fa073d,Satellite,The Long Cut,0x6E906B2E355294A6aeCD6B4F75816Eda9F703dda,
1703b594-d76d-49a5-a6c8-ce04f85550ed,Steering Pixels by Studio Above&Below,1703b594-d76d-49a5-a6c8-ce04f85550ed,Steering Pixels,The Long Cut,0x6E906B2E355294A6aeCD6B4F75816Eda9F703dda,
78850fcd-afca-4757-a9c6-9c847cb3c49d,The One Who Lived Yesterday by Cao Shu,78850fcd-afca-4757-a9c6-9c847cb3c49d,The One Who Lived Yesterday,The Long Cut,0x6E906B2E355294A6aeCD6B4F75816Eda9F703dda,
e97db658-5ee9-4ddb-91ac-cdaa1e5b1363,A broken symmetry — the cat's parabola by HAL09999,e97db658-5ee9-4ddb-91ac-cdaa1e5b1363,A broken symmetry — the cat's parabola,Truth,0xBb12686c360e9057be3CD031140035A705e19ceC,
885f3cca-2d91-4a7f-919d-580876035f73,Cuneiform by Presstube x bzor,885f3cca-2d91-4a7f-919d-580876035f73,Cuneiform,Truth,0xBb12686c360e9057be3CD031140035A705e19ceC,
e8f79d54-d0b3-4a19-8775-8ab7a3ce9f98,Dactylogram by David Seven,e8f79d54-d0b3-4a19-8775-8ab7a3ce9f98,Dactylogram,Truth,0xBb12686c360e9057be3CD031140035A705e19ceC,
2788daa0-6065-4eb1-84c2-6d46828c4453,Metamosaic by Tyler Boswell,2788daa0-6065-4eb1-84c2-6d46828c4453,Metamosaic,Truth,0xBb12686c360e9057be3CD031140035A705e19ceC,
6d275227-8632-4ffc-b34b-689e851f2a7c,Vitreous by Charlotte Dann,6d275227-8632-4ffc-b34b-689e851f2a7c,Vitreous,Truth,0xBb12686c360e9057be3CD031140035A705e19ceC,
71e2bed5-e224-4ead-8fea-88a8cc067dbe,filum by Ella Hoeppner,71e2bed5-e224-4ead-8fea-88a8cc067dbe,filum,Truth,0xBb12686c360e9057be3CD031140035A705e19ceC,
1d39c523-9da9-406d-8feb-31e1d2704310,inter/sections by Lisa Orth,1d39c523-9da9-406d-8feb-31e1d2704310,inter/sections,Truth,0xBb12686c360e9057be3CD031140035A705e19ceC,
e601569d-5611-4a82-93ba-a7f55b260001,Unsupervised — Data Universe — MoMA by Refik Anadol,e601569d-5611-4a82-93ba-a7f55b260001,Unsupervised — Data Universe — MoMA,Unsupervised,0x7a15b36cB834AeA88553De69077D3777460d73Ac,
e3a2a207-ea91-461b-80db-18c7ffbfe8ce,Unsupervised — Machine Hallucinations — MoMA by Refik Anadol,29b720ff-fcbf-4467-a53d-e79a90ad0d60,Unsupervised — Machine Hallucinations — MoMA,Unsupervised,0x7a15b36cB834AeA88553De69077D3777460d73Ac,
e3a2a207-ea91-461b-80db-18c7ffbfe8ce,Unsupervised — Machine Hallucinations — MoMA Dreams by Refik Anadol,d35cdb38-917f-42f3-9914-e276dc5f0ded,Unsupervised — Machine Hallucinations — MoMA Dreams — A,Unsupervised,0x7a15b36cB834AeA88553De69077D3777460d73Ac,
e3a2a207-ea91-461b-80db-18c7ffbfe8ce,Unsupervised — Machine Hallucinations — MoMA Dreams by Refik Anadol,821dd86a-8764-441f-af58-95c857a7c4d3,Unsupervised — Machine Hallucinations — MoMA Dreams — B,Unsupervised,0x7a15b36cB834AeA88553De69077D3777460d73Ac,
e3a2a207-ea91-461b-80db-18c7ffbfe8ce,Unsupervised — Machine Hallucinations — MoMA Dreams by Refik Anadol,c3b2c10b-91c6-4e2f-83bc-fcb5068e98be,Unsupervised — Machine Hallucinations — MoMA Dreams — C,Unsupervised,0x7a15b36cB834AeA88553De69077D3777460d73Ac,
e3a2a207-ea91-461b-80db-18c7ffbfe8ce,Unsupervised — Machine Hallucinations — MoMA Dreams by Refik Anadol,61c2c2b6-4f2c-4e1b-9e45-23faf3e76594,Unsupervised — Machine Hallucinations — MoMA Dreams — D,Unsupervised,0x7a15b36cB834AeA88553De69077D3777460d73Ac,
e3a2a207-ea91-461b-80db-18c7ffbfe8ce,Unsupervised — Machine Hallucinations — MoMA Dreams by Refik Anadol,c4c9bfde-13bc-4cf5-bc4d-817280673ec3,Unsupervised — Machine Hallucinations — MoMA Dreams — E,Unsupervised,0x7a15b36cB834AeA88553De69077D3777460d73Ac,
e3a2a207-ea91-461b-80db-18c7ffbfe8ce,Unsupervised — Machine Hallucinations — MoMA Dreams by Refik Anadol,e362fa91-c218-45df-8167-d7e7c3440052,Unsupervised — Machine Hallucinations — MoMA Dreams — F,Unsupervised,0x7a15b36cB834AeA88553De69077D3777460d73Ac,
e3a2a207-ea91-461b-80db-18c7ffbfe8ce,Unsupervised — Machine Hallucinations — MoMA Dreams by Refik Anadol,31bc21a0-c834-49a3-866f-d4839cbe14df,Unsupervised — Machine Hallucinations — MoMA Dreams — G,Unsupervised,0x7a15b36cB834AeA88553De69077D3777460d73Ac,
e3a2a207-ea91-461b-80db-18c7ffbfe8ce,Unsupervised — Machine Hallucinations — MoMA Dreams by Refik Anadol,6a0781b7-93ff-4cef-9a92-6e197990be57,Unsupervised — Machine Hallucinations — MoMA Dreams — H,Unsupervised,0x7a15b36cB834AeA88553De69077D3777460d73Ac,
e3a2a207-ea91-461b-80db-18c7ffbfe8ce,Unsupervised — Machine Hallucinations — MoMA Dreams by Refik Anadol,29cd44b3-2ed9-4d8b-beb5-073d248a1a00,Unsupervised — Machine Hallucinations — MoMA Dreams — I,Unsupervised,0x7a15b36cB834AeA88553De69077D3777460d73Ac,
e3a2a207-ea91-461b-80db-18c7ffbfe8ce,Unsupervised — Machine Hallucinations — MoMA by Refik Anadol,d6e1e0f1-7a9d-46f1-a691-bf0604e755b5,Unsupervised — Machine Hallucinations — MoMA Fluid Dreams,Unsupervised,0x7a15b36cB834AeA88553De69077D3777460d73Ac,
e3a2a207-ea91-461b-80db-18c7ffbfe8ce,Unsupervised — Machine Hallucinations — MoMA by Refik Anadol,96f1663b-5216-4758-aa7f-3a70e6d9d45b,Unsupervised — Machine Hallucinations — MoMA Generative Study 1,Unsupervised,0x7a15b36cB834AeA88553De69077D3777460d73Ac,
f8d29291-cac7-480b-aacd-05de41d1a1ae,Unsupervised - Burned - Data Universe - MoMA - 2D by Refik Anadol,f8d29291-cac7-480b-aacd-05de41d1a1ae,Unsupervised — Burned — Data Universe — MoMA — 2D,Unsupervised — Burned — Data Universe — MoMA — 2D,0x559fE9Fe5E2DAE7A7ae5766457096E6d7C647A46,
aac17bb5-3377-4e4d-92bd-3767881bfba7,Unsupervised - Burned - Data Universe - MoMA - 3D by Refik Anadol,aac17bb5-3377-4e4d-92bd-3767881bfba7,Unsupervised — Burned — Data Universe — MoMA — 3D,Unsupervised — Burned — Data Universe — MoMA — 3D,0xc490888997d65df70FE69f33BA3bf7C8D12989CF,
72b1a11a-16da-4550-aa2c-7f197a219ae8,Unsupervised - Burned - Machine Hallucinations - MoMA Dreams By Refik Anadol,72b1a11a-16da-4550-aa2c-7f197a219ae8,Unsupervised — Burned — Machine Hallucinations — MoMA Dreams,Unsupervised — Burned — Machine Hallucinations — MoMA Dreams,0x9D6c8e4B348999A69eE24285cd81226f4628e8F8,
f8d24d67-7cd9-4465-9665-2c063ae4e073,A la recherche de l'information perdue by Cornelia Sollfrank,f8d24d67-7cd9-4465-9665-2c063ae4e073,A la recherche de l'information perdue,WETWARE,0x7A9Ea7C036F6aaB113E2563096ef1e0E56375A39,
9849f146-aef6-4614-9f8e-6bbf82fba520,Bindigrl by Prema Murthy,9849f146-aef6-4614-9f8e-6bbf82fba520,Bindigrl,WETWARE,0x7A9Ea7C036F6aaB113E2563096ef1e0E56375A39,
434b4eab-f8ed-4e75-b80f-5377e08ca430,Contested Zone by VNS Matrix,434b4eab-f8ed-4e75-b80f-5377e08ca430,Contested Zone,WETWARE,0x7A9Ea7C036F6aaB113E2563096ef1e0E56375A39,
bb118c17-1444-4c39-9587-64aa126d6f58,Cyberflesh Girlmonster-4 Recuperated Stills by Linda Dement,bb118c17-1444-4c39-9587-64aa126d6f58,Cyberflesh Girlmonster-4 Recuperated Stills,WETWARE,0x7A9Ea7C036F6aaB113E2563096ef1e0E56375A39,
522055e6-e5d8-41b5-8cad-9823c9666e2a,Estroworld Now: The Quarantine Edition by Mary Maggic,522055e6-e5d8-41b5-8cad-9823c9666e2a,Estroworld Now: The Quarantine Edition,WETWARE,0x7A9Ea7C036F6aaB113E2563096ef1e0E56375A39,
6d1a279d-0ddc-4067-84e4-0e0e96fd36fb,Housewives Making Drugs by Mary Maggic,6d1a279d-0ddc-4067-84e4-0e0e96fd36fb,Housewives Making Drugs,WETWARE,0x7A9Ea7C036F6aaB113E2563096ef1e0E56375A39,
f5f51874-1c4c-42f8-9433-423fd791d6a8,"IKU: Expand, an interface by Shu Lea Cheang",f5f51874-1c4c-42f8-9433-423fd791d6a8,"IKU: Expand, an interface",WETWARE,0x7A9Ea7C036F6aaB113E2563096ef1e0E56375A39,
2ee448fc-b02a-4f74-a8c0-0e4da84f7ab1,MAJLIS AL-JINN: Huma + The Archive by Morehshin Allahyari,2ee448fc-b02a-4f74-a8c0-0e4da84f7ab1,MAJLIS AL-JINN: Huma + The Archive,WETWARE,0x7A9Ea7C036F6aaB113E2563096ef1e0E56375A39,
c4c506d9-a409-471a-bbf9-012bcfb1fa73,Putins a WASTEMAN by Danielle Brathwaite-Shirley,c4c506d9-a409-471a-bbf9-012bcfb1fa73,Putins a WASTEMAN,WETWARE,0x7A9Ea7C036F6aaB113E2563096ef1e0E56375A39,
9d72a792-cd60-40b6-a8aa-59bc41a9cacb,Social Capital Fights by Danielle Brathwaite-Shirley,9d72a792-cd60-40b6-a8aa-59bc41a9cacb,Social Capital Fights,WETWARE,0x7A9Ea7C036F6aaB113E2563096ef1e0E56375A39,
f00cd40d-0fe5-4805-953f-9a52ff6da2ac,TimeTravellerTM Trailer by Skawennati,f00cd40d-0fe5-4805-953f-9a52ff6da2ac,TimeTravellerTM Trailer,WETWARE,0x7A9Ea7C036F6aaB113E2563096ef1e0E56375A39,
4e7c1eba-7c17-4c38-9454-36c72ae98249,crystalline work (arctic) by john gerrard,4e7c1eba-7c17-4c38-9454-36c72ae98249,crystalline work (arctic),crystalline work,0xBE0A4E26a156B2a60cF515E86b3Df9756DEE1952,
99d373e5-cc9d-45e8-8aa5-1ed47e481791,(The illusion of) depth of knowledge by Aleksandra Jovanić,99d373e5-cc9d-45e8-8aa5-1ed47e481791,(The illusion of) depth of knowledge,–GRAPH,0xDB5f1aDCFFA1869B9711cBFBe3Bf46cc5d5319E5,
cee5b80c-af17-44d0-9a56-c17a68f92569,CHERTI by Iskra Velitchkova,cee5b80c-af17-44d0-9a56-c17a68f92569,CHERTI,–GRAPH,0xDB5f1aDCFFA1869B9711cBFBe3Bf46cc5d5319E5,
e7252d16-c248-4de0-aade-433e9e7d2484,Chaos Blocks by James Merrill,e7252d16-c248-4de0-aade-433e9e7d2484,Chaos Blocks,–GRAPH,0xDB5f1aDCFFA1869B9711cBFBe3Bf46cc5d5319E5,
5e0a93aa-22d0-4305-8bdd-5806dab5503a,Endless Monologue by Licia He,5e0a93aa-22d0-4305-8bdd-5806dab5503a,Endless Monologue,–GRAPH,0xDB5f1aDCFFA1869B9711cBFBe3Bf46cc5d5319E5,
1b1ffd48-5fc2-4d19-a563-364e00ddfb01,F(l)ight by Tyler Hobbs,1b1ffd48-5fc2-4d19-a563-364e00ddfb01,F(l)ight,–GRAPH,0xDB5f1aDCFFA1869B9711cBFBe3Bf46cc5d5319E5,
2fb649d0-3ed2-4539-8ea2-e073b85e9a21,Umwelt by Julien Gachadoat,2fb649d0-3ed2-4539-8ea2-e073b85e9a21,Umwelt,–GRAPH,0xDB5f1aDCFFA1869B9711cBFBe3Bf46cc5d5319E5,
4d23d1ce-97c8-411b-b615-e64ca8d78c3c,Flow Painting by ykxotkx,4d23d1ce-97c8-411b-b615-e64ca8d78c3c,Flow Painting,流れのパターン / Patterns of Flow,0x5D303A17883C442603B8afb54921d1b7DCc0C831,
dce8e5ee-869d-41f6-8c0b-de98a4a0a98f,Flows of Pattern by Shunsuke Takawo,dce8e5ee-869d-41f6-8c0b-de98a4a0a98f,Flows of Pattern,流れのパターン / Patterns of Flow,0x5D303A17883C442603B8afb54921d1b7DCc0C831,
4fbf3d62-4824-4e2a-9f5c-8051f7c7d566,Grey Path by Satoshi Aizawa,4fbf3d62-4824-4e2a-9f5c-8051f7c7d566,Grey Path,流れのパターン / Patterns of Flow,0x5D303A17883C442603B8afb54921d1b7DCc0C831,
ccd387c2-4762-4037-8752-bbc223957199,Nostalgia by Misaki Nakano,ccd387c2-4762-4037-8752-bbc223957199,Nostalgia,流れのパターン / Patterns of Flow,0x5D303A17883C442603B8afb54921d1b7DCc0C831,
4e5e1cc5-3038-443b-8f5b-f35cab89811d,Path of Tones by Kaoru Tanaka,4e5e1cc5-3038-443b-8f5b-f35cab89811d,Path of Tones,流れのパターン / Patterns of Flow,0x5D303A17883C442603B8afb54921d1b7DCc0C831,
ab6684c6-c8bd-474e-937c-55ca68591085,Sea of Code by Kazuhiro Tanimoto,ab6684c6-c8bd-474e-937c-55ca68591085,Sea of Code,流れのパターン / Patterns of Flow,0x5D303A17883C442603B8afb54921d1b7DCc0C831,
5f673d60-a2c0-4356-8bf9-09dc0d43f44b,Synergistic Metropolis by Saeko Ehara,5f673d60-a2c0-4356-8bf9-09dc0d43f44b,Synergistic Metropolis,流れのパターン / Patterns of Flow,0x5D303A17883C442603B8afb54921d1b7DCc0C831,
3ad37701-9935-438e-8a9c-9dcadab429a6,With you by Senbaku,3ad37701-9935-438e-8a9c-9dcadab429a6,With you,流れのパターン / Patterns of Flow,0x5D303A17883C442603B8afb54921d1b7DCc0C831,
87bf9fc7-cab0-4a60-ac73-6a210ddbbcbc,"変化・循環・その間の形 / Changes, Cycles, and Shapes in Between by mole^3",87bf9fc7-cab0-4a60-ac73-6a210ddbbcbc,"変化・循環・その間の形 / Changes, Cycles, and Shapes in Between",流れのパターン / Patterns of Flow,0x5D303A17883C442603B8afb54921d1b7DCc0C831,
a62734e6-bce4-49a6-ab10-1b9698085efa,響く残響 / Resonant Echo by Okazz,a62734e6-bce4-49a6-ab10-1b9698085efa,響く残響 / Resonant Echo,流れのパターン / Patterns of Flow,0x5D303A17883C442603B8afb54921d1b7DCc0C831,
