status,exhibition,collection_name,collection_uuid,contract,current_opensea_collection,sample_token_id,current_metadata_url,expected_metadata_url
reads tokenURI directly,+GRAPH,ANATOMY of a rabbit but bird by Iskra Velitchkova,fe2f3149-d59c-44dc-ba15-f9bc21798388,0xacd3392e9Ec2C4D876D09DC38cb52F842Ea58096,anatomy-of-a-rabbit-but-bird-by-iskra-velitchkova,1895471415479101141617488280575446737833854080,https://ipfs.io/ipfs/QmNVdQSp1AvZonLwHzTbbZDPLgbpty15RMQrbPEWd4ooTU/1895471415479101141617488280575446737833854080,https://feralfile.com/api/contracts/0xacd3392e9Ec2C4D876D09DC38cb52F842Ea58096/tokens/1895471415479101141617488280575446737833854080
reads tokenURI directly,+GRAPH,Breakpoint. by James Merrill,abc9532c-3b95-4502-b0ac-fa5a64510ccd,0xacd3392e9Ec2C4D876D09DC38cb52F842Ea58096,breakpoint-by-james-merrill,118466963467443821351093017535965421115490880,https://ipfs.io/ipfs/QmNVdQSp1AvZonLwHzTbbZDPLgbpty15RMQrbPEWd4ooTU/118466963467443821351093017535965421115490880,https://feralfile.com/api/contracts/0xacd3392e9Ec2C4D876D09DC38cb52F842Ea58096/tokens/118466963467443821351093017535965421115490880
reads tokenURI directly,+GRAPH,Fictional Lullaby by Licia He,490e2542-daac-48c4-8407-bbd15eb9ab74,0xacd3392e9Ec2C4D876D09DC38cb52F842Ea58096,fictional-lullaby-by-licia-he,1895471415479101141617488280575446737834854080,https://ipfs.io/ipfs/QmNVdQSp1AvZonLwHzTbbZDPLgbpty15RMQrbPEWd4ooTU/1895471415479101141617488280575446737834854080,https://feralfile.com/api/contracts/0xacd3392e9Ec2C4D876D09DC38cb52F842Ea58096/tokens/1895471415479101141617488280575446737834854080
reads tokenURI directly,+GRAPH,Fine Particles by Joanie Lemercier,22356067-3858-46c7-ba80-02f0dafa04b6,0xacd3392e9Ec2C4D876D09DC38cb52F842Ea58096,fine-particles-by-joanie-lemercier,1895471415479101141617488280575446737836854080,https://ipfs.io/ipfs/QmNVdQSp1AvZonLwHzTbbZDPLgbpty15RMQrbPEWd4ooTU/1895471415479101141617488280575446737836854080,https://feralfile.com/api/contracts/0xacd3392e9Ec2C4D876D09DC38cb52F842Ea58096/tokens/1895471415479101141617488280575446737836854080
reads tokenURI directly,+GRAPH,Mineral by Julien Gachadoat,55e9a993-a644-405f-b489-d4dc7e03ac5c,0xacd3392e9Ec2C4D876D09DC38cb52F842Ea58096,mineral-by-julien-gachadoat,1895471415479101141617488280575446737835854080,https://ipfs.io/ipfs/QmNVdQSp1AvZonLwHzTbbZDPLgbpty15RMQrbPEWd4ooTU/1895471415479101141617488280575446737835854080,https://feralfile.com/api/contracts/0xacd3392e9Ec2C4D876D09DC38cb52F842Ea58096/tokens/1895471415479101141617488280575446737835854080
reads tokenURI directly,+GRAPH,The Space in Between by Aleksandra Jovanić,688c1976-748d-4b54-8aac-61b5561924e6,0xacd3392e9Ec2C4D876D09DC38cb52F842Ea58096,the-space-in-between-by-aleksandra-jovanic,1895471415479101141617488280575446737837854080,https://ipfs.io/ipfs/QmNVdQSp1AvZonLwHzTbbZDPLgbpty15RMQrbPEWd4ooTU/1895471415479101141617488280575446737837854080,https://feralfile.com/api/contracts/0xacd3392e9Ec2C4D876D09DC38cb52F842Ea58096/tokens/1895471415479101141617488280575446737837854080
reads tokenURI directly,BLOOMCORE,BLOOMCORE by Rick Silva,a00f828f-f402-42e6-b382-0d99e7881da7,0xe59B7D60d7d7183E09d8ABb6DF8B20EB4CF66632,bloomcore-by-rick-silva,8520038953287439433536834341059117372268365319568716555346026339118809853397,https://ipfs.bitmark.com/ipfs/QmUy58wRfgbmsMoFB5WsowcrmHMmU9Sp8RBn7e4AuBNJg8,https://feralfile.com/api/contracts/0xe59B7D60d7d7183E09d8ABb6DF8B20EB4CF66632/tokens/8520038953287439433536834341059117372268365319568716555346026339118809853397
reads tokenURI directly,BOOM TOWN,BOOM TOWN by Peter Burr,24e7d8fd-01b9-4673-9f46-6f69118feda1,0x6003994adECA13407E8dbEE808280CC3EF2ab820,boom-town-by-peter-burr,57129125216325247059066131395135709425197979245094347477997960213448800830594,https://ipfs.bitmark.com/ipfs/QmYSzKTPh3TYBjhTy54eVJ7yecPbGXofzCkMBK72mAE6eq,https://feralfile.com/api/contracts/0x6003994adECA13407E8dbEE808280CC3EF2ab820/tokens/57129125216325247059066131395135709425197979245094347477997960213448800830594
reads tokenURI directly,BOOM TOWN,BOOM TOWN by Peter Burr,24e7d8fd-01b9-4673-9f46-6f69118feda1,0x6003994adECA13407E8dbEE808280CC3EF2ab820,boom-town-by-peter-burr,31407201287127526542816856047451791715680458487654720084356565537967265406231,https://ipfs.bitmark.com/ipfs/QmcavQEMd5rG6Xch4ymTtDRCjZU658Vc2NUzxsgBgB4CYk,https://feralfile.com/api/contracts/0x6003994adECA13407E8dbEE808280CC3EF2ab820/tokens/31407201287127526542816856047451791715680458487654720084356565537967265406231
reads tokenURI directly,BOOM TOWN,MONOPOLY SET by Peter Burr,7b70df63-d20f-44bb-9026-be9e824f0cf8,0x14a62abFEC0e09159fBE9c050F3B03044fC7ea52,monopoly-set-by-peter-burr,23036679589663440554974536202901764979138118108482058082262678602930902118311,https://ipfs.bitmark.com/ipfs/QmQ7Ly4bTF5YjYvnPmUyXZUZZHAisKPu9jHcr1s3BrXBkY,https://feralfile.com/api/contracts/0x14a62abFEC0e09159fBE9c050F3B03044fC7ea52/tokens/23036679589663440554974536202901764979138118108482058082262678602930902118311
reads tokenURI directly,BOOM TOWN,BOOM TOWN by Peter Burr,24e7d8fd-01b9-4673-9f46-6f69118feda1,0x6003994adECA13407E8dbEE808280CC3EF2ab820,boom-town-by-peter-burr,19926596094255126125166421402975005060328841433878809074115704782911025446719,https://ipfs.bitmark.com/ipfs/QmZrnYsAQVbQuMWSmhSAPWn4PQ4TZq9sNJcXwUVXbj4BkQ,https://feralfile.com/api/contracts/0x6003994adECA13407E8dbEE808280CC3EF2ab820/tokens/19926596094255126125166421402975005060328841433878809074115704782911025446719
reads tokenURI directly,COLORS OF NOISE,COLORS OF NOISE by Kim Asendorf,87d406ed-010f-4b76-91a2-41bcec98f51a,0xD156b0297f33Ddd706Ddeb018371FFDf02868e79,colors-of-noise-by-kim-asendorf,37847030808823349563907102097979397284732682243657619279198386116874638698893,https://ipfs.bitmark.com/ipfs/QmSKD6CjkptGAF6D4XYCoznptn7oDefkgKu8J4Y5SqttUe,https://feralfile.com/api/contracts/0xD156b0297f33Ddd706Ddeb018371FFDf02868e79/tokens/37847030808823349563907102097979397284732682243657619279198386116874638698893
reads tokenURI directly,CRAWL,CRAWL WOODBLOCK SCREENSHOTS by Travess Smalley,3c4b0a8b-6d3e-4c32-aaae-c701bb9deca9,0x81c882c59799eA442317D020c39174AaAa8d7FC7,crawl-woodblock-screenshots-by-travess-smalley,27271357221255084324537793443996264744604553267670416617055471525879039383744,https://ipfs.io/ipfs/QmSKjiUZekdfFsYExHgydrXuvTqpKkfXs7uVChyyvgiPdc/27271357221255084324537793443996264744604553267670416617055471525879039383744,https://feralfile.com/api/contracts/0x81c882c59799eA442317D020c39174AaAa8d7FC7/tokens/27271357221255084324537793443996264744604553267670416617055471525879039383744
reads tokenURI directly,CRAWL,CRAWL by Travess Smalley,82dcf3d9-56ba-40bf-b57d-3a631bbdb7d5,0x81c882c59799eA442317D020c39174AaAa8d7FC7,crawl-by-travess-smalley,27271357221255084324537793443996264744604553267670416617055471525879029383749,https://ipfs.io/ipfs/QmSKjiUZekdfFsYExHgydrXuvTqpKkfXs7uVChyyvgiPdc/27271357221255084324537793443996264744604553267670416617055471525879029383749,https://feralfile.com/api/contracts/0x81c882c59799eA442317D020c39174AaAa8d7FC7/tokens/27271357221255084324537793443996264744604553267670416617055471525879029383749
reads tokenURI directly,CRAWL,CRAWL WOODBLOCK SCREENSHOTS by Travess Smalley,3c4b0a8b-6d3e-4c32-aaae-c701bb9deca9,0x81c882c59799eA442317D020c39174AaAa8d7FC7,crawl-woodblock-screenshots-by-travess-smalley,27271357221255084324537793443996264744604553267670416617055471525879038383744,https://ipfs.io/ipfs/QmSKjiUZekdfFsYExHgydrXuvTqpKkfXs7uVChyyvgiPdc/27271357221255084324537793443996264744604553267670416617055471525879038383744,https://feralfile.com/api/contracts/0x81c882c59799eA442317D020c39174AaAa8d7FC7/tokens/27271357221255084324537793443996264744604553267670416617055471525879038383744
reads tokenURI directly,CRAWL,CRAWL WOODBLOCK SCREENSHOTS by Travess Smalley,3c4b0a8b-6d3e-4c32-aaae-c701bb9deca9,0x81c882c59799eA442317D020c39174AaAa8d7FC7,crawl-woodblock-screenshots-by-travess-smalley,27271357221255084324537793443996264744604553267670416617055471525879036383744,https://ipfs.io/ipfs/QmSKjiUZekdfFsYExHgydrXuvTqpKkfXs7uVChyyvgiPdc/27271357221255084324537793443996264744604553267670416617055471525879036383744,https://feralfile.com/api/contracts/0x81c882c59799eA442317D020c39174AaAa8d7FC7/tokens/27271357221255084324537793443996264744604553267670416617055471525879036383744
reads tokenURI directly,CRAWL,CRAWL WOODBLOCK SCREENSHOTS by Travess Smalley,3c4b0a8b-6d3e-4c32-aaae-c701bb9deca9,0x81c882c59799eA442317D020c39174AaAa8d7FC7,crawl-woodblock-screenshots-by-travess-smalley,27271357221255084324537793443996264744604553267670416617055471525879035383744,https://ipfs.io/ipfs/QmSKjiUZekdfFsYExHgydrXuvTqpKkfXs7uVChyyvgiPdc/27271357221255084324537793443996264744604553267670416617055471525879035383744,https://feralfile.com/api/contracts/0x81c882c59799eA442317D020c39174AaAa8d7FC7/tokens/27271357221255084324537793443996264744604553267670416617055471525879035383744
reads tokenURI directly,CRAWL,CRAWL WOODBLOCK SCREENSHOTS by Travess Smalley,3c4b0a8b-6d3e-4c32-aaae-c701bb9deca9,0x81c882c59799eA442317D020c39174AaAa8d7FC7,crawl-woodblock-screenshots-by-travess-smalley,27271357221255084324537793443996264744604553267670416617055471525879032383744,https://ipfs.io/ipfs/QmSKjiUZekdfFsYExHgydrXuvTqpKkfXs7uVChyyvgiPdc/27271357221255084324537793443996264744604553267670416617055471525879032383744,https://feralfile.com/api/contracts/0x81c882c59799eA442317D020c39174AaAa8d7FC7/tokens/27271357221255084324537793443996264744604553267670416617055471525879032383744
reads tokenURI directly,CRAWL,CRAWL WOODBLOCK SCREENSHOTS by Travess Smalley,3c4b0a8b-6d3e-4c32-aaae-c701bb9deca9,0x81c882c59799eA442317D020c39174AaAa8d7FC7,crawl-woodblock-screenshots-by-travess-smalley,27271357221255084324537793443996264744604553267670416617055471525879040383744,https://ipfs.io/ipfs/QmSKjiUZekdfFsYExHgydrXuvTqpKkfXs7uVChyyvgiPdc/27271357221255084324537793443996264744604553267670416617055471525879040383744,https://feralfile.com/api/contracts/0x81c882c59799eA442317D020c39174AaAa8d7FC7/tokens/27271357221255084324537793443996264744604553267670416617055471525879040383744
reads tokenURI directly,CRAWL,CRAWL WOODBLOCK SCREENSHOTS by Travess Smalley,3c4b0a8b-6d3e-4c32-aaae-c701bb9deca9,0x81c882c59799eA442317D020c39174AaAa8d7FC7,crawl-woodblock-screenshots-by-travess-smalley,27271357221255084324537793443996264744604553267670416617055471525879031383744,https://ipfs.io/ipfs/QmSKjiUZekdfFsYExHgydrXuvTqpKkfXs7uVChyyvgiPdc/27271357221255084324537793443996264744604553267670416617055471525879031383744,https://feralfile.com/api/contracts/0x81c882c59799eA442317D020c39174AaAa8d7FC7/tokens/27271357221255084324537793443996264744604553267670416617055471525879031383744
reads tokenURI directly,CRAWL,CRAWL WOODBLOCK SCREENSHOTS by Travess Smalley,3c4b0a8b-6d3e-4c32-aaae-c701bb9deca9,0x81c882c59799eA442317D020c39174AaAa8d7FC7,crawl-woodblock-screenshots-by-travess-smalley,27271357221255084324537793443996264744604553267670416617055471525879033383744,https://ipfs.io/ipfs/QmSKjiUZekdfFsYExHgydrXuvTqpKkfXs7uVChyyvgiPdc/27271357221255084324537793443996264744604553267670416617055471525879033383744,https://feralfile.com/api/contracts/0x81c882c59799eA442317D020c39174AaAa8d7FC7/tokens/27271357221255084324537793443996264744604553267670416617055471525879033383744
reads tokenURI directly,CRAWL,CRAWL WOODBLOCK SCREENSHOTS by Travess Smalley,3c4b0a8b-6d3e-4c32-aaae-c701bb9deca9,0x81c882c59799eA442317D020c39174AaAa8d7FC7,crawl-woodblock-screenshots-by-travess-smalley,27271357221255084324537793443996264744604553267670416617055471525879037383744,https://ipfs.io/ipfs/QmSKjiUZekdfFsYExHgydrXuvTqpKkfXs7uVChyyvgiPdc/27271357221255084324537793443996264744604553267670416617055471525879037383744,https://feralfile.com/api/contracts/0x81c882c59799eA442317D020c39174AaAa8d7FC7/tokens/27271357221255084324537793443996264744604553267670416617055471525879037383744
reads tokenURI directly,CRAWL,CRAWL WOODBLOCK SCREENSHOTS by Travess Smalley,3c4b0a8b-6d3e-4c32-aaae-c701bb9deca9,0x81c882c59799eA442317D020c39174AaAa8d7FC7,crawl-woodblock-screenshots-by-travess-smalley,27271357221255084324537793443996264744604553267670416617055471525879034383744,https://ipfs.io/ipfs/QmSKjiUZekdfFsYExHgydrXuvTqpKkfXs7uVChyyvgiPdc/27271357221255084324537793443996264744604553267670416617055471525879034383744,https://feralfile.com/api/contracts/0x81c882c59799eA442317D020c39174AaAa8d7FC7/tokens/27271357221255084324537793443996264744604553267670416617055471525879034383744
reads tokenURI directly,Chain Reaction,Public View / Private View by Jennifer and Kevin McCoy,3a69abd1-7a86-4538-96ed-972252fc2ca0,0xc4f0ee96676D3de800b9725eb628DE1C5a0CBea1,public-view-private-view-by-jennifer-and-kevin-mcc,31221468210609484860409183864532577577041700613675444716595920226587732227163,https://ipfs.bitmark.com/ipfs/QmQtNNVTPQMirsXjXFB6zEeQKnKMbutjbree7mQpf2X6c4,https://feralfile.com/api/contracts/0xc4f0ee96676D3de800b9725eb628DE1C5a0CBea1/tokens/31221468210609484860409183864532577577041700613675444716595920226587732227163
reads tokenURI directly,Chain Reaction,Silva Ex Machina by Alfredo Salazar-Caro,4a747b91-c7a5-41ea-a4a3-4b958d95ab00,0xc4f0ee96676D3de800b9725eb628DE1C5a0CBea1,silva-ex-machina-by-alfredo-salazar-caro,30154321245016221480147636494972145704944840675743022290291572601234813269383,https://ipfs.bitmark.com/ipfs/QmbhMBeQuN1snKGXfHjSTf7Hmc9GJEuu2uLzRUwkxSYvGZ,https://feralfile.com/api/contracts/0xc4f0ee96676D3de800b9725eb628DE1C5a0CBea1/tokens/30154321245016221480147636494972145704944840675743022290291572601234813269383
reads tokenURI directly,DATALAND: Rainforest – WEF 2024 Memento,DATALAND: Rainforest – WEF 2024 Memento by Refik Anadol,f0f2f42e-d24f-44a2-85a1-4d85aa84c9ee,0x051E50D8465417e58899FD48C3b0Fc0CA3Dd4B6a,dataland-rainforest-wef-2024-memento-by-refik-anadol,999,https://ipfs.io/ipfs/QmbMzWeGQESbWsc3JxHf82j8yD83uj18LwnXozwnZxJGLa/999,https://feralfile.com/api/contracts/0x051E50D8465417e58899FD48C3b0Fc0CA3Dd4B6a/tokens/999
reads tokenURI directly,For Your Eyes Only,Daemon (chaos) by Petros Moris,8711ddf0-0474-4a8d-a5ec-30c7f42977df,0x6DBa130221A1C39f6623908A136976686050059a,daemon-chaos-by-petros-moris,24487133724888882042422336242935619015674683503675788069020098776232053890143,https://ipfs.bitmark.com/ipfs/QmcfEiY7qPQdzTfe4KZDxTokskCCDR14q29ksJFSqzELy4/metadata.json,https://feralfile.com/api/contracts/0x6DBa130221A1C39f6623908A136976686050059a/tokens/24487133724888882042422336242935619015674683503675788069020098776232053890143
reads tokenURI directly,For Your Eyes Only,Patterns of Activation (gardens of the galaxy) by Katja Novitskova,f3170ca8-2a0d-49ac-b307-d20fbfb15b0d,0x6DBa130221A1C39f6623908A136976686050059a,patterns-of-activation-gardens-of-the-galaxy-by-ka,4237351900362484979393738734188218512814611599551146591211431512871878215161,https://ipfs.bitmark.com/ipfs/QmTLFnZX71KoscGQBFzPRe9dvxcj8diyX5yhbsSL3JX7bY/metadata.json,https://feralfile.com/api/contracts/0x6DBa130221A1C39f6623908A136976686050059a/tokens/4237351900362484979393738734188218512814611599551146591211431512871878215161
reads tokenURI directly,Gray Matter,AlleluiaAlleluia by Auriea Harvey,32f1b099-448d-4e6d-8358-70a64e005903,0x6e82e4B398Ca4137007ba69ddD6FF699334d13b5,alleluiaalleluia-by-auriea-harvey,31658398539211567249775841645446054699032188246536879923555153674548343085940,https://ipfs.bitmark.com/ipfs/QmXGnwqS57ZwWsrxMMqeiTsmQSmhoVDnWDUTCFyaeLEMuA,https://feralfile.com/api/contracts/0x6e82e4B398Ca4137007ba69ddD6FF699334d13b5/tokens/31658398539211567249775841645446054699032188246536879923555153674548343085940
reads tokenURI directly,Gray Matter,Curse Tablet by Auriea Harvey,a6463015-af79-43cf-ab25-84074828ac4b,0x6e82e4B398Ca4137007ba69ddD6FF699334d13b5,curse-tablet-by-auriea-harvey,18508392712335859217281546756689095982136889956180325835747044186697182425048,https://ipfs.bitmark.com/ipfs/QmTfTzb84tStajs4usgJMLWVgrsPHmFQMBU8Dh7serDqkp,https://feralfile.com/api/contracts/0x6e82e4B398Ca4137007ba69ddD6FF699334d13b5/tokens/18508392712335859217281546756689095982136889956180325835747044186697182425048
reads tokenURI directly,Gray Matter,Dagger by Auriea Harvey,bd0c4207-f8e7-49db-919e-e2913f39d59c,0x6e82e4B398Ca4137007ba69ddD6FF699334d13b5,dagger-by-auriea-harvey,92208933710796125770590251699325730336243064425460091178260788340701093768779,https://ipfs.bitmark.com/ipfs/QmZVFSbu3awd2BfsK8PdGuxquuJDRnCmaEr5H71NZED2LV,https://feralfile.com/api/contracts/0x6e82e4B398Ca4137007ba69ddD6FF699334d13b5/tokens/92208933710796125770590251699325730336243064425460091178260788340701093768779
reads tokenURI directly,Gray Matter,Faunette by Auriea Harvey,527a291d-49f5-4ddc-81f6-0331f9e08be9,0x6e82e4B398Ca4137007ba69ddD6FF699334d13b5,faunette-by-auriea-harvey,103670424291181108903021494306982394267978572499721974093211453159646661892321,https://ipfs.bitmark.com/ipfs/QmTXYFEdUwo2JjLSHH5MrUb7aF7n6H3WVr4oBvK7KkPdTc,https://feralfile.com/api/contracts/0x6e82e4B398Ca4137007ba69ddD6FF699334d13b5/tokens/103670424291181108903021494306982394267978572499721974093211453159646661892321
reads tokenURI directly,Gray Matter,Gray Matter by Auriea Harvey,8323eb9a-b406-4fbc-8550-fcd12213440a,0x6e82e4B398Ca4137007ba69ddD6FF699334d13b5,gray-matter-by-auriea-harvey,83546164136789563436808252890115554093142535498547881756265405968490982747232,https://ipfs.bitmark.com/ipfs/QmXtjm2872oKsWj2HDQPAYAp4QtJasgkon3o7isGXkhPJo,https://feralfile.com/api/contracts/0x6e82e4B398Ca4137007ba69ddD6FF699334d13b5/tokens/83546164136789563436808252890115554093142535498547881756265405968490982747232
reads tokenURI directly,Gray Matter,Gray Matter: Material/Immaterial by Auriea Harvey,7ad7ee07-883a-4989-a087-e3b03fd4a69d,0x6e82e4B398Ca4137007ba69ddD6FF699334d13b5,gray-matter-material-immaterial-by-auriea-harvey,57926226797054930816703082712960451066245365004697088168355518074723893138587,https://ipfs.bitmark.com/ipfs/QmQwBEtzn2qzM5TeFX1CnmqLAzwgJidSASL8ikJsiCYVNS,https://feralfile.com/api/contracts/0x6e82e4B398Ca4137007ba69ddD6FF699334d13b5/tokens/57926226797054930816703082712960451066245365004697088168355518074723893138587
reads tokenURI directly,Gray Matter,Haristory by Auriea Harvey,cc86cf63-6b79-4bba-9613-e362851cbbdc,0x6e82e4B398Ca4137007ba69ddD6FF699334d13b5,haristory-by-auriea-harvey,67884599743201988766725462649025530234665379733525547672892980733959710599814,https://ipfs.bitmark.com/ipfs/QmYq2gHFeLQGNEtt3Avu17RrnvFKrxNBDitk7sTDBAgZkH,https://feralfile.com/api/contracts/0x6e82e4B398Ca4137007ba69ddD6FF699334d13b5/tokens/67884599743201988766725462649025530234665379733525547672892980733959710599814
reads tokenURI directly,Gray Matter,Messenger (fragment) by Auriea Harvey,d90151ff-0159-4973-a7a6-724b04c01547,0x6e82e4B398Ca4137007ba69ddD6FF699334d13b5,messenger-fragment-by-auriea-harvey,38691948804591133143284137495105900800364423599931822770633671069054284343615,https://ipfs.bitmark.com/ipfs/QmSfYm7X6dRTFtr4rSnW5ciNcJ95QjmmDUpLGwKXUSt2R6,https://feralfile.com/api/contracts/0x6e82e4B398Ca4137007ba69ddD6FF699334d13b5/tokens/38691948804591133143284137495105900800364423599931822770633671069054284343615
reads tokenURI directly,Gray Matter,Mumble by Auriea Harvey,5d67190d-28d7-493c-85c8-563c32de44ff,0x6e82e4B398Ca4137007ba69ddD6FF699334d13b5,mumble-by-auriea-harvey,26784186576786734221113338868184730699905253695798607540572045023095617009768,https://ipfs.bitmark.com/ipfs/QmUsKiG8fJnqXfJAUXwSu7TVdPxvH4HGJfr3VbGaQhyYs1,https://feralfile.com/api/contracts/0x6e82e4B398Ca4137007ba69ddD6FF699334d13b5/tokens/26784186576786734221113338868184730699905253695798607540572045023095617009768
reads tokenURI directly,Gray Matter,The Hand-Heart Problem by Auriea Harvey,f15bce66-da54-4f05-bc29-7ef15202b0c3,0x6e82e4B398Ca4137007ba69ddD6FF699334d13b5,the-hand-heart-problem-by-auriea-harvey,34718018818869922919370887279228907780982832976222422378720431113664518558578,https://ipfs.bitmark.com/ipfs/QmUePV2QqNTK3V2XLx4KzamSotg13EQzgfnEZBg7QduuZD,https://feralfile.com/api/contracts/0x6e82e4B398Ca4137007ba69ddD6FF699334d13b5/tokens/34718018818869922919370887279228907780982832976222422378720431113664518558578
reads tokenURI directly,Gray Matter,White Rest by Auriea Harvey,7f70faea-dc2a-4613-b758-b53b9bd6d00d,0x6e82e4B398Ca4137007ba69ddD6FF699334d13b5,white-rest-by-auriea-harvey,101018397861100865329114328924892815187623142272647927988588693624037353186253,https://ipfs.bitmark.com/ipfs/Qmac2AmHjWeL67nH8VXwBxSMJRsFfdWE5CXsobaprvXGAq,https://feralfile.com/api/contracts/0x6e82e4B398Ca4137007ba69ddD6FF699334d13b5/tokens/101018397861100865329114328924892815187623142272647927988588693624037353186253
reads tokenURI directly,Gray Matter,ba-eye by Auriea Harvey,9c797f06-41e2-4aa4-abfe-489485bea17e,0x6e82e4B398Ca4137007ba69ddD6FF699334d13b5,ba-eye-by-auriea-harvey,104398116994341825170426578498298630082738464392540213104738174707054719211556,https://ipfs.bitmark.com/ipfs/Qmc7wbm2vdKsB1sB6snDeJfVR3RJvg5Xp131druDkyqWZe,https://feralfile.com/api/contracts/0x6e82e4B398Ca4137007ba69ddD6FF699334d13b5/tokens/104398116994341825170426578498298630082738464392540213104738174707054719211556
reads tokenURI directly,I KNOW – On the aesthetic of truth,A Picture Can’t Take Me by Cibelle Cavalli Bastos,47f31603-9721-403b-94b5-d24ab9fb8256,0xE46A41b840176b62983FC71162dc9faEAC4D9bcB,a-picture-cant-take-me-by-cibelle-cavalli-bastos,64266352369867287468072324394878417699389728539781080180641140451133269799530,https://ipfs.bitmark.com/ipfs/QmXgJuXYXaaH9tk3DBHi5Tcg4SDx1MnvmHDajBjHAtxvBt,https://feralfile.com/api/contracts/0xE46A41b840176b62983FC71162dc9faEAC4D9bcB/tokens/64266352369867287468072324394878417699389728539781080180641140451133269799530
reads tokenURI directly,I KNOW – On the aesthetic of truth,A Picture Can’t Take My Elan Vital by Cibelle Cavalli Bastos,c6befe2e-1934-40ce-958c-2011e425c511,0xE46A41b840176b62983FC71162dc9faEAC4D9bcB,a-picture-cant-take-my-elan-vital-by-cibelle-caval,4747622386996134347530103051137512757478489873315040866696710228902591236949,https://ipfs.bitmark.com/ipfs/QmZ9ALpFJYDpHhKuBqWSe5V42zd35UGkVzR16r84A9XX7A,https://feralfile.com/api/contracts/0xE46A41b840176b62983FC71162dc9faEAC4D9bcB/tokens/4747622386996134347530103051137512757478489873315040866696710228902591236949
reads tokenURI directly,I KNOW – On the aesthetic of truth,Perfectionism is a weakness by Claudia Hart,3715c273-d19e-445f-ae02-61876334f1a7,0xE46A41b840176b62983FC71162dc9faEAC4D9bcB,perfectionism-is-a-weakness-by-claudia-hart,55660547781039109394205850530512155734259629331182394149210777298302840103678,https://ipfs.bitmark.com/ipfs/QmbrTS4Fvh3kknSbtcHceH6ZQZmt921wUUFWXSbFEfQqL6,https://feralfile.com/api/contracts/0xE46A41b840176b62983FC71162dc9faEAC4D9bcB/tokens/55660547781039109394205850530512155734259629331182394149210777298302840103678
reads tokenURI directly,I KNOW – On the aesthetic of truth,"Prophecy, nullification algorithm, shaman, conspiracy by aaajiao",bc82d0fb-eede-4947-aa97-fe085f46f0b4,0xE46A41b840176b62983FC71162dc9faEAC4D9bcB,prophecy-nullification-algorithm-shaman-conspiracy,78437930858508382358350445319245577989271984900771702036328894579070742980994,https://ipfs.bitmark.com/ipfs/QmTGLB7nbcA5vBtB45fVXrUFauQoucoaV3qir5mapPktBN,https://feralfile.com/api/contracts/0xE46A41b840176b62983FC71162dc9faEAC4D9bcB/tokens/78437930858508382358350445319245577989271984900771702036328894579070742980994
reads tokenURI directly,I KNOW – On the aesthetic of truth,"Turandot 2070, Lovers I  by AES+F",9798c1fd-ccf2-4e2e-be26-fe146a398c85,0xE46A41b840176b62983FC71162dc9faEAC4D9bcB,turandot-2070-lovers-i-by-aes-f,13813618189176598346629425236645922063897053897097139878520767662417600093156,https://ipfs.bitmark.com/ipfs/QmbPTy1uPKK5PreXrbDvvrNBCujs9SXbGmnZxyjaucz8HB,https://feralfile.com/api/contracts/0xE46A41b840176b62983FC71162dc9faEAC4D9bcB/tokens/13813618189176598346629425236645922063897053897097139878520767662417600093156
reads tokenURI directly,I KNOW – On the aesthetic of truth,"Turandot 2070, Lynx Avatar by AES+F",d78f0375-3173-4a51-a52e-a211b79acf88,0xE46A41b840176b62983FC71162dc9faEAC4D9bcB,turandot-2070-lynx-avatar-by-aes-f,80776473799518410764992022966159669685505126635997815336491014110275297962831,https://ipfs.bitmark.com/ipfs/QmWXF95NYQbxBZJDVSHC6ZpHfKiP5pRuVRUWf3K37i59dk,https://feralfile.com/api/contracts/0xE46A41b840176b62983FC71162dc9faEAC4D9bcB/tokens/80776473799518410764992022966159669685505126635997815336491014110275297962831
reads tokenURI directly,I KNOW – On the aesthetic of truth,Yehwan Song Artwork 1 by Yehwan Song,b5621c75-70f9-430f-852e-9d8fd9318917,0xE46A41b840176b62983FC71162dc9faEAC4D9bcB,yehwan-song-artwork-1-by-yehwan-song,58987192466841004628201111767945836073083865759174394385352028392528079468137,https://ipfs.bitmark.com/ipfs/QmZCHEwy8AERdaGAShcxxX1amZC3r1SB1bwyHUJ6V8CLqN,https://feralfile.com/api/contracts/0xE46A41b840176b62983FC71162dc9faEAC4D9bcB/tokens/58987192466841004628201111767945836073083865759174394385352028392528079468137
reads tokenURI directly,I KNOW – On the aesthetic of truth,Yehwan Song Artwork 2 by Yehwan Song,5d391c2a-8e9e-47ea-ac7d-79ff203e3095,0xE46A41b840176b62983FC71162dc9faEAC4D9bcB,yehwan-song-artwork-2-by-yehwan-song,61029430091907876109464895555898745746405742165657134445147979806674543220539,https://ipfs.bitmark.com/ipfs/QmajZoeYnS1PybmgTZFN2pp5i435DCQyZRdcFzxR3zf3pP,https://feralfile.com/api/contracts/0xE46A41b840176b62983FC71162dc9faEAC4D9bcB/tokens/61029430091907876109464895555898745746405742165657134445147979806674543220539
reads tokenURI directly,In Medias Res,Waabanishimo: Miigaazh (She Dances Till Daylight: Fight) by Eve-Lauryn LaFountain,1ce507c4-7007-4dbb-a32c-46dfa9c8e70a,0x835dF7CC88D8BC51FCbb6a7FDED0BBE1ec020273,waabanishimo-miigaazh-she-dances-till-daylight-fig,2517582246254990625947327841552489136603713472,https://ipfs.io/ipfs/QmS4e7BCjRo9RwLqwi4dd9ayjNcDWFm1z6xKGb4HhJJWbX/2517582246254990625947327841552489136603713472,https://feralfile.com/api/contracts/0x835dF7CC88D8BC51FCbb6a7FDED0BBE1ec020273/tokens/2517582246254990625947327841552489136603713472
reads tokenURI directly,In/Visible,Blonde Braids Study II by Minne Atairu,94f4a7aa-833f-44fd-8047-101faee9cb4d,0xfD9FdFAC71Bbc7DD5C7176644De7Fbfd1A6825ee,blonde-braids-study-ii-by-minne-atairu,109698176792784266872728233504908651038149947468500265031716790231580826261464,https://ipfs.bitmark.com/ipfs/QmWemdYj2VhFKNVh7M72rsBe79Xq7N898R4pwj3Ui1QL9E,https://feralfile.com/api/contracts/0xfD9FdFAC71Bbc7DD5C7176644De7Fbfd1A6825ee/tokens/109698176792784266872728233504908651038149947468500265031716790231580826261464
reads tokenURI directly,In/Visible,Chez Jo by Linda Dounia,0fc999f8-144b-48c9-99e1-b1b6968cc29f,0xfD9FdFAC71Bbc7DD5C7176644De7Fbfd1A6825ee,chez-jo-by-linda-dounia,59971026109497267027609616096128511975038723997719105847508979105447529198746,https://ipfs.bitmark.com/ipfs/QmZYEn4iMHffDi7Un7RWMnj1E3xMS7u19n2xDM14qcY8Jq,https://feralfile.com/api/contracts/0xfD9FdFAC71Bbc7DD5C7176644De7Fbfd1A6825ee/tokens/59971026109497267027609616096128511975038723997719105847508979105447529198746
reads tokenURI directly,In/Visible,Cities and spaceships by Rayan Elnayal,5810d154-74d0-4933-9073-554beaae1baf,0xfD9FdFAC71Bbc7DD5C7176644De7Fbfd1A6825ee,cities-and-spaceships-by-rayan-elnayal,57384734679901811201602120957931683334753168221948391540287630564586523555039,https://ipfs.bitmark.com/ipfs/Qmb4ZhqMyQ8CowXX9pRJ5wkbF2Jc14KzbQqGnDSrsrfhJo,https://feralfile.com/api/contracts/0xfD9FdFAC71Bbc7DD5C7176644De7Fbfd1A6825ee/tokens/57384734679901811201602120957931683334753168221948391540287630564586523555039
reads tokenURI directly,In/Visible,Confetti by Nygilia,3984aa55-0f95-4d0c-a612-bec090616795,0xfD9FdFAC71Bbc7DD5C7176644De7Fbfd1A6825ee,confetti-by-nygilia,40505119897120289649982421004897350543529922520962892390724549961287068683614,https://ipfs.bitmark.com/ipfs/QmbxmQhppYgjDE3ZD3as5mRb4fcNKqtnJ264LMnS88eJHm,https://feralfile.com/api/contracts/0xfD9FdFAC71Bbc7DD5C7176644De7Fbfd1A6825ee/tokens/40505119897120289649982421004897350543529922520962892390724549961287068683614
reads tokenURI directly,In/Visible,PERCEIVED by Serwah Attafuah,49766925-db57-4be6-956d-af5aaa26cda5,0xfD9FdFAC71Bbc7DD5C7176644De7Fbfd1A6825ee,perceived-by-serwah-attafuah,20922346685702097407814670893132207920345695821965431989108645703704720435964,https://ipfs.bitmark.com/ipfs/Qmahex6C2fnyho3pPPnhqjsXqF3BzyqzWK9XCsQQrmHpwj,https://feralfile.com/api/contracts/0xfD9FdFAC71Bbc7DD5C7176644De7Fbfd1A6825ee/tokens/20922346685702097407814670893132207920345695821965431989108645703704720435964
reads tokenURI directly,In/Visible,Planet Hibiscus by Adaeze Okaro,de8b2c0b-e057-46b9-9650-a6455066bd5a,0xfD9FdFAC71Bbc7DD5C7176644De7Fbfd1A6825ee,planet-hibiscus-by-adaeze-okaro,16029506436312029507526350811102137877956690988659806644464081639703449528567,https://ipfs.bitmark.com/ipfs/QmTHmDu7HUrHLC7pakyf9NhLz2aRPaXfFbcepPaDSqnmUN,https://feralfile.com/api/contracts/0xfD9FdFAC71Bbc7DD5C7176644De7Fbfd1A6825ee/tokens/16029506436312029507526350811102137877956690988659806644464081639703449528567
reads tokenURI directly,In/Visible,Proof of Spirit — Act II by AFROSCOPE,29c87f89-fd35-4294-8e26-3cdc022d00c6,0xfD9FdFAC71Bbc7DD5C7176644De7Fbfd1A6825ee,proof-of-spirit-act-ii-by-afroscope,46956077935019752956995614263019979076385931973876624253548542884421448021615,https://ipfs.bitmark.com/ipfs/QmQsMDsuixcHGWcuGGtC8wPyQGp1d1pKYmj14dtgkwB3Y1,https://feralfile.com/api/contracts/0xfD9FdFAC71Bbc7DD5C7176644De7Fbfd1A6825ee/tokens/46956077935019752956995614263019979076385931973876624253548542884421448021615
reads tokenURI directly,In/Visible,Summer Edition by Zoe Osborne,ddb59010-2a33-4f5c-9559-58e30b281704,0xfD9FdFAC71Bbc7DD5C7176644De7Fbfd1A6825ee,summer-edition-by-zoe-osborne,42036605891075329977057977423028706327114396180315500528601247846752621319224,https://ipfs.bitmark.com/ipfs/QmP3pQXYxDpcNUN7vsyB2ja4FEvmbF7W7rJGYq1axBfb4A,https://feralfile.com/api/contracts/0xfD9FdFAC71Bbc7DD5C7176644De7Fbfd1A6825ee/tokens/42036605891075329977057977423028706327114396180315500528601247846752621319224
reads tokenURI directly,In/Visible,The Idunnos by Jah.,54adc6ea-44e7-4ba2-b9d0-a5f834f40d50,0xfD9FdFAC71Bbc7DD5C7176644De7Fbfd1A6825ee,the-idunnos-by-jah,77625808836052132697527391303384960596079586883302903876353296255556009151288,https://ipfs.bitmark.com/ipfs/QmR7ZS75MTB94QuABac1ktGYVwr4v4L5V5MZLfk9QGUGN8,https://feralfile.com/api/contracts/0xfD9FdFAC71Bbc7DD5C7176644De7Fbfd1A6825ee/tokens/77625808836052132697527391303384960596079586883302903876353296255556009151288
reads tokenURI directly,In/Visible,UNTITLED by Arclight,0b221b59-2dfd-415e-9db7-0d580cb0c0da,0xfD9FdFAC71Bbc7DD5C7176644De7Fbfd1A6825ee,untitled-by-arclight,87549561048717905035922099205616963976986697172555076855607354064780017479014,https://ipfs.bitmark.com/ipfs/QmUCfeteFpsdK8eAE92AwQqsTUQCvrYRdsJwhs5ooLysrn,https://feralfile.com/api/contracts/0xfD9FdFAC71Bbc7DD5C7176644De7Fbfd1A6825ee/tokens/87549561048717905035922099205616963976986697172555076855607354064780017479014
reads tokenURI directly,Infinite Entropy,Infinite Entropy by Rafaël Rozendaal,71513905-f7b2-4ac1-b617-0d41123b3639,0x0A5c44da5F71B884c16A195CeC304F47ac0233CF,infinite-entropy-by-rafael-rozendaal,82833902095837532502743339324974578109576942960407542010178306350547470299302,https://ipfs.bitmark.com/ipfs/QmfCP9F9tLY725eG6UhMhwof8eiD7DVRFGgadbRDaWU6cY/metadata.json,https://feralfile.com/api/contracts/0x0A5c44da5F71B884c16A195CeC304F47ac0233CF/tokens/82833902095837532502743339324974578109576942960407542010178306350547470299302
reads tokenURI directly,Infinite Entropy,Infinite Entropy by Rafaël Rozendaal,71513905-f7b2-4ac1-b617-0d41123b3639,0x0A5c44da5F71B884c16A195CeC304F47ac0233CF,infinite-entropy-by-rafael-rozendaal,80873606583012552094828631365804039101764623163508961614117094688229438116765,https://ipfs.bitmark.com/ipfs/QmW6UTTyXFUscyoWtKYGioW4Qq94JvgHqyeoy67TPKo2nA/metadata.json,https://feralfile.com/api/contracts/0x0A5c44da5F71B884c16A195CeC304F47ac0233CF/tokens/80873606583012552094828631365804039101764623163508961614117094688229438116765
reads tokenURI directly,Infinite Entropy,Infinite Entropy by Rafaël Rozendaal,71513905-f7b2-4ac1-b617-0d41123b3639,0x0A5c44da5F71B884c16A195CeC304F47ac0233CF,infinite-entropy-by-rafael-rozendaal,77837256269103713722031479764155817512429123826666795182240064561368205491680,https://ipfs.bitmark.com/ipfs/QmTBaF7uoWSEGjCA4M8cQ2NF3NbpwRdm51uFq7D5uKr4Kg/metadata.json,https://feralfile.com/api/contracts/0x0A5c44da5F71B884c16A195CeC304F47ac0233CF/tokens/77837256269103713722031479764155817512429123826666795182240064561368205491680
reads tokenURI directly,Infinite Entropy,Infinite Entropy by Rafaël Rozendaal,71513905-f7b2-4ac1-b617-0d41123b3639,0x0A5c44da5F71B884c16A195CeC304F47ac0233CF,infinite-entropy-by-rafael-rozendaal,78802201715239772403650903435731202702932143727737886986039066792154804561256,https://ipfs.bitmark.com/ipfs/QmV2QGH1i6QDwhbenqF6qUbC5X3nj38HXuDBBcttK1z6Tp/metadata.json,https://feralfile.com/api/contracts/0x0A5c44da5F71B884c16A195CeC304F47ac0233CF/tokens/78802201715239772403650903435731202702932143727737886986039066792154804561256
reads tokenURI directly,Infinite Entropy,Infinite Entropy by Rafaël Rozendaal,71513905-f7b2-4ac1-b617-0d41123b3639,0x0A5c44da5F71B884c16A195CeC304F47ac0233CF,infinite-entropy-by-rafael-rozendaal,27804310658862194628130446355476079614363841963043044947411206069758096659326,https://ipfs.bitmark.com/ipfs/QmcMALZzJZVw4x8ZwY4TYDxCPT6BMvkdYCxZGGaC4P5qBy/metadata.json,https://feralfile.com/api/contracts/0x0A5c44da5F71B884c16A195CeC304F47ac0233CF/tokens/27804310658862194628130446355476079614363841963043044947411206069758096659326
reads tokenURI directly,Infinite Entropy,Infinite Entropy by Rafaël Rozendaal,71513905-f7b2-4ac1-b617-0d41123b3639,0x0A5c44da5F71B884c16A195CeC304F47ac0233CF,infinite-entropy-by-rafael-rozendaal,26659148232774163787642208418883770997794245462506354088137640072544072163828,https://ipfs.bitmark.com/ipfs/QmU62qGicMU2itpBMopDE1hp94drvJXuZWYpWq8L6gJqhq/metadata.json,https://feralfile.com/api/contracts/0x0A5c44da5F71B884c16A195CeC304F47ac0233CF/tokens/26659148232774163787642208418883770997794245462506354088137640072544072163828
reads tokenURI directly,Infinite Entropy,Infinite Entropy by Rafaël Rozendaal,71513905-f7b2-4ac1-b617-0d41123b3639,0x0A5c44da5F71B884c16A195CeC304F47ac0233CF,infinite-entropy-by-rafael-rozendaal,55861989739187960215136136703619702158229932998201582286228944845009418350282,https://ipfs.bitmark.com/ipfs/QmNcyWdBwj9Gjv9F2qWMfV5ZqDgD1iHQbeJmoaTD19scoc/metadata.json,https://feralfile.com/api/contracts/0x0A5c44da5F71B884c16A195CeC304F47ac0233CF/tokens/55861989739187960215136136703619702158229932998201582286228944845009418350282
reads tokenURI directly,Infinite Entropy,Infinite Entropy by Rafaël Rozendaal,71513905-f7b2-4ac1-b617-0d41123b3639,0x0A5c44da5F71B884c16A195CeC304F47ac0233CF,infinite-entropy-by-rafael-rozendaal,21067873574976294185535690840982352517173866994219361188766956749967822402154,https://ipfs.bitmark.com/ipfs/QmcQj4jKb2d1qANnLfEpBRqMpGMCf4Njb7wD3BNwku1KLq/metadata.json,https://feralfile.com/api/contracts/0x0A5c44da5F71B884c16A195CeC304F47ac0233CF/tokens/21067873574976294185535690840982352517173866994219361188766956749967822402154
reads tokenURI directly,Material Wonderland,Material World Knight by Lu Yang,8bf192b1-5fc9-4bca-8156-a2e4c087df06,0x8f30722dd16BD63cF2665C383c1aEf5e307B0046,material-world-knight-by-lu-yang,30557345746184669595663040401756320711447993718270973898970391747135121472976,https://ipfs.bitmark.com/ipfs/QmQz1Ucyx7rpmb8asYcUEtrU4qjEj7Lgysgio1PTz9JySi,https://feralfile.com/api/contracts/0x8f30722dd16BD63cF2665C383c1aEf5e307B0046/tokens/30557345746184669595663040401756320711447993718270973898970391747135121472976
reads tokenURI directly,Material Wonderland,Material World Knight by Lu Yang,8bf192b1-5fc9-4bca-8156-a2e4c087df06,0x8f30722dd16BD63cF2665C383c1aEf5e307B0046,material-world-knight-by-lu-yang,2492964552115222111455723893464644415786209733158740338236313478633292903956,https://ipfs.bitmark.com/ipfs/QmYUMRvv5kdrPgsc6URSKioQuVuhj74Z6HQNQ4c5r4PpL7,https://feralfile.com/api/contracts/0x8f30722dd16BD63cF2665C383c1aEf5e307B0046/tokens/2492964552115222111455723893464644415786209733158740338236313478633292903956
reads tokenURI directly,Material Wonderland,Material World Knight by Lu Yang,8bf192b1-5fc9-4bca-8156-a2e4c087df06,0x8f30722dd16BD63cF2665C383c1aEf5e307B0046,material-world-knight-by-lu-yang,37405486248744233930716135614171504735129073536868819020061938488135423751467,https://ipfs.bitmark.com/ipfs/QmPQMdp54tqe4Ppq2Xih8r3BmWTULg5dmDm73Gb3omaU8e,https://feralfile.com/api/contracts/0x8f30722dd16BD63cF2665C383c1aEf5e307B0046/tokens/37405486248744233930716135614171504735129073536868819020061938488135423751467
reads tokenURI directly,Material Wonderland,Material World Knight by Lu Yang,8bf192b1-5fc9-4bca-8156-a2e4c087df06,0x8f30722dd16BD63cF2665C383c1aEf5e307B0046,material-world-knight-by-lu-yang,71410372871747443489515838479889316636126954869602511437783803458556682723748,https://ipfs.bitmark.com/ipfs/QmXDvNCDbFeaYy5eNwo8cKMACskbvpEodpu5arJwbnA1aC,https://feralfile.com/api/contracts/0x8f30722dd16BD63cF2665C383c1aEf5e307B0046/tokens/71410372871747443489515838479889316636126954869602511437783803458556682723748
reads tokenURI directly,Material Wonderland,Material World Knight by Lu Yang,8bf192b1-5fc9-4bca-8156-a2e4c087df06,0x8f30722dd16BD63cF2665C383c1aEf5e307B0046,material-world-knight-by-lu-yang,31830990513774020773856075078173769724056013930901601507946534590488789174621,https://ipfs.bitmark.com/ipfs/QmTt3JSkF3MJmHvwYeXXEX7dLwNPmRd5hr1dGpyXWiFEzG,https://feralfile.com/api/contracts/0x8f30722dd16BD63cF2665C383c1aEf5e307B0046/tokens/31830990513774020773856075078173769724056013930901601507946534590488789174621
reads tokenURI directly,Material Wonderland,Material World Knight by Lu Yang,8bf192b1-5fc9-4bca-8156-a2e4c087df06,0x8f30722dd16BD63cF2665C383c1aEf5e307B0046,material-world-knight-by-lu-yang,49331212307299913695431248663336053857151499231527615863517194291341458754529,https://ipfs.bitmark.com/ipfs/QmeZTgxdQDKXzUajVpcFSkjzKsZWdiQCpPVmHzt8ctRpJz,https://feralfile.com/api/contracts/0x8f30722dd16BD63cF2665C383c1aEf5e307B0046/tokens/49331212307299913695431248663336053857151499231527615863517194291341458754529
reads tokenURI directly,Material Wonderland,Material World Knight by Lu Yang,8bf192b1-5fc9-4bca-8156-a2e4c087df06,0x8f30722dd16BD63cF2665C383c1aEf5e307B0046,material-world-knight-by-lu-yang,65218211541065683149590553991882510753504416247622639219453290930292260922908,https://ipfs.bitmark.com/ipfs/QmPRu6gDA99QHTeTP7Uac7XGYDN963BGPcaWcSnMCK7oRx,https://feralfile.com/api/contracts/0x8f30722dd16BD63cF2665C383c1aEf5e307B0046/tokens/65218211541065683149590553991882510753504416247622639219453290930292260922908
reads tokenURI directly,Material Wonderland,Material World Knight Poster by Lu Yang,f2cabb51-5eae-48a7-ba16-fc847c23e0fe,0x8f30722dd16BD63cF2665C383c1aEf5e307B0046,material-world-knight-poster-by-lu-yang-1,64083282194581793942215293811836391478974900789963845024963281200227193839117,https://ipfs.bitmark.com/ipfs/Qmd1mWizhSQBgf4TLckyXoX7GN1CZG4NopcrGZzu2ozzw2,https://feralfile.com/api/contracts/0x8f30722dd16BD63cF2665C383c1aEf5e307B0046/tokens/64083282194581793942215293811836391478974900789963845024963281200227193839117
reads tokenURI directly,Material Wonderland,Material World Knight by Lu Yang,8bf192b1-5fc9-4bca-8156-a2e4c087df06,0x8f30722dd16BD63cF2665C383c1aEf5e307B0046,material-world-knight-by-lu-yang,86092054222848149411274226430384902086016540654465058178380214564830543514781,https://ipfs.bitmark.com/ipfs/QmPNd1nMvYxzWucuizXXHpBB9fuYBbMTYbUP9swbBYd33Y,https://feralfile.com/api/contracts/0x8f30722dd16BD63cF2665C383c1aEf5e307B0046/tokens/86092054222848149411274226430384902086016540654465058178380214564830543514781
reads tokenURI directly,One to Zero,Downtime by Ryan Kuo,45700bea-403a-45ed-8f40-cd21f799142a,0x8a20fB6eb7e1D662b157Fc6eA0694972584C09BB,downtime-by-ryan-kuo,3552795128286736986400307492283059187596773056,https://ipfs.io/ipfs/QmSywhAcjK2ZDChdSU2vrRYz6eR6HQXcpoXRkcz3Z3bJda/3552795128286736986400307492283059187596773056,https://feralfile.com/api/contracts/0x8a20fB6eb7e1D662b157Fc6eA0694972584C09BB/tokens/3552795128286736986400307492283059187596773056
reads tokenURI directly,One to Zero,Human Abecedary: Inter-Letters by Viktor Timofeev,d08770b9-536b-4129-b122-b47269fb0b64,0x8a20fB6eb7e1D662b157Fc6eA0694972584C09BB,human-abecedary-inter-letters-by-viktor-timofeev,3552795128286736986400307492283059187598773056,https://ipfs.io/ipfs/QmSywhAcjK2ZDChdSU2vrRYz6eR6HQXcpoXRkcz3Z3bJda/3552795128286736986400307492283059187598773056,https://feralfile.com/api/contracts/0x8a20fB6eb7e1D662b157Fc6eA0694972584C09BB/tokens/3552795128286736986400307492283059187598773056
reads tokenURI directly,One to Zero,In Tongues by Damon Zucconi,4cf5f23e-b506-44be-97bb-a943d8dee84b,0x8a20fB6eb7e1D662b157Fc6eA0694972584C09BB,in-tongues-by-damon-zucconi,3552795128286736986400307492283059187595773057,https://ipfs.io/ipfs/QmSywhAcjK2ZDChdSU2vrRYz6eR6HQXcpoXRkcz3Z3bJda/3552795128286736986400307492283059187595773057,https://feralfile.com/api/contracts/0x8a20fB6eb7e1D662b157Fc6eA0694972584C09BB/tokens/3552795128286736986400307492283059187595773057
reads tokenURI directly,One to Zero,Memory Intensified by Hand of Manual World by Adriana Ramić,3515cd8c-dabf-4a9c-896c-4d1a8cac69e4,0x8a20fB6eb7e1D662b157Fc6eA0694972584C09BB,memory-intensified-by-hand-of-manual-world-by-adri,3552795128286736986400307492283059187601773056,https://ipfs.io/ipfs/QmSywhAcjK2ZDChdSU2vrRYz6eR6HQXcpoXRkcz3Z3bJda/3552795128286736986400307492283059187601773056,https://feralfile.com/api/contracts/0x8a20fB6eb7e1D662b157Fc6eA0694972584C09BB/tokens/3552795128286736986400307492283059187601773056
reads tokenURI directly,One to Zero,Mon Alphabet en Signes by Laura Brown,c3753955-b019-44ee-9190-d06ebb1ccd37,0x8a20fB6eb7e1D662b157Fc6eA0694972584C09BB,mon-alphabet-en-signes-by-laura-brown,3552795128286736986400307492283059187599773056,https://ipfs.io/ipfs/QmSywhAcjK2ZDChdSU2vrRYz6eR6HQXcpoXRkcz3Z3bJda/3552795128286736986400307492283059187599773056,https://feralfile.com/api/contracts/0x8a20fB6eb7e1D662b157Fc6eA0694972584C09BB/tokens/3552795128286736986400307492283059187599773056
reads tokenURI directly,One to Zero,PURCHASE CANCELLED by Dirk Paesmans,6d1f1dce-5933-4385-af71-5a994e919d4b,0x8a20fB6eb7e1D662b157Fc6eA0694972584C09BB,purchase-cancelled-by-dirk-paesmans,3552795128286736986400307492283059187600773056,https://ipfs.io/ipfs/QmSywhAcjK2ZDChdSU2vrRYz6eR6HQXcpoXRkcz3Z3bJda/3552795128286736986400307492283059187600773056,https://feralfile.com/api/contracts/0x8a20fB6eb7e1D662b157Fc6eA0694972584C09BB/tokens/3552795128286736986400307492283059187600773056
reads tokenURI directly,One to Zero,Perfume Area: The Alphabet by Laurel Schwulst and Sydney Shen,6378ad0a-3aea-44dc-9369-c4f855bd35b6,0x8a20fB6eb7e1D662b157Fc6eA0694972584C09BB,perfume-area-the-alphabet-by-laurel-schwulst-and-s,3552795128286736986400307492283059187597773056,https://ipfs.io/ipfs/QmSywhAcjK2ZDChdSU2vrRYz6eR6HQXcpoXRkcz3Z3bJda/3552795128286736986400307492283059187597773056,https://feralfile.com/api/contracts/0x8a20fB6eb7e1D662b157Fc6eA0694972584C09BB/tokens/3552795128286736986400307492283059187597773056
reads tokenURI directly,One to Zero,reCAPTCHA.otf by Mira Dayal,0bd7bb41-118d-4392-8559-43082957c05d,0x8a20fB6eb7e1D662b157Fc6eA0694972584C09BB,recaptcha-otf-by-mira-dayal,222049695517921061650019218267691199225610816,https://ipfs.io/ipfs/QmSywhAcjK2ZDChdSU2vrRYz6eR6HQXcpoXRkcz3Z3bJda/222049695517921061650019218267691199225610816,https://feralfile.com/api/contracts/0x8a20fB6eb7e1D662b157Fc6eA0694972584C09BB/tokens/222049695517921061650019218267691199225610816
reads tokenURI directly,Opening Celebration — Refik Anadol: Unsupervised,Study for Unsupervised by Refik Anadol,88397634-9974-40fa-ab9b-b9632410229e,0x7E6c132B8cb00899d17750E0fD982EA122C6b0f2,study-for-unsupervised-by-refik-anadol,67769679953894571193796202344826209057109739616313774406661493655584228253299,https://ipfs.bitmark.com/ipfs/QmYdu41QbPwUgGycahJzaYDt74epardPiS4d1Nqe1NXDLA,https://feralfile.com/api/contracts/0x7E6c132B8cb00899d17750E0fD982EA122C6b0f2/tokens/67769679953894571193796202344826209057109739616313774406661493655584228253299
reads tokenURI directly,Peer to Peer,+rave-sing (traversing) by Osinachi,e03b37b6-2d2d-41d1-ac24-673e08600ac8,0x2A86C5466f088caEbf94e071a77669BAe371CD87,rave-sing-traversing-by-osinachi,34585829179764704558776471721101382364497188835544837351424684262481243220355,https://ipfs.bitmark.com/ipfs/QmdYDTiU5mU56ZAiohjUWnUsFEcJkKgsvjA3dF1MXsZAat,https://feralfile.com/api/contracts/0x2A86C5466f088caEbf94e071a77669BAe371CD87/tokens/34585829179764704558776471721101382364497188835544837351424684262481243220355
reads tokenURI directly,Peer to Peer,Bend by Ix Shells,d2bc4191-7730-45d8-9d1f-685d494f3e9e,0x2A86C5466f088caEbf94e071a77669BAe371CD87,bend-by-ix-shells,91641052224213995292130106305607107853658918792519691461793480796244015798257,https://ipfs.bitmark.com/ipfs/QmW6Uacdrbic8GsG3urtV68L8kmcP8Z7gvzZSTuz9FtvfM,https://feralfile.com/api/contracts/0x2A86C5466f088caEbf94e071a77669BAe371CD87/tokens/91641052224213995292130106305607107853658918792519691461793480796244015798257
reads tokenURI directly,Peer to Peer,CLUB ROTHKO - ORANGE AND YELLOW STARTER PACK by LaTurbo Avedon,867218d3-8421-4e45-b6b9-eca2fef44f5d,0x2A86C5466f088caEbf94e071a77669BAe371CD87,club-rothko-orange-and-yellow-starter-pack-by-latu,81822415981171894284716765232211393989809838876971274183632474922438819548892,https://ipfs.bitmark.com/ipfs/QmVqwdRH34bHDVYXgopUWpLPiKQ5YMuJ4YvzYBfikQUy7c,https://feralfile.com/api/contracts/0x2A86C5466f088caEbf94e071a77669BAe371CD87/tokens/81822415981171894284716765232211393989809838876971274183632474922438819548892
reads tokenURI directly,Peer to Peer,Caryatid: Thought by Sarah Zucker,51de9ede-43ee-43a8-8af5-3771d73eacc7,0x2A86C5466f088caEbf94e071a77669BAe371CD87,caryatid-thought-by-sarah-zucker,44336782902772445271281414922165901279839521989210301461051430933994537843287,https://ipfs.bitmark.com/ipfs/QmNtMJFhsGFmR96Vp5YUBTzMNGevzKpd2gachexKubC12L,https://feralfile.com/api/contracts/0x2A86C5466f088caEbf94e071a77669BAe371CD87/tokens/44336782902772445271281414922165901279839521989210301461051430933994537843287
reads tokenURI directly,Peer to Peer,Caryatid: Vision by Sarah Zucker,b8e62a5d-cbe8-46c6-8d5c-fd66e06a0984,0x2A86C5466f088caEbf94e071a77669BAe371CD87,caryatid-vision-by-sarah-zucker,84192194988336887268297181860741868331806134895311371625270671533240495509719,https://ipfs.bitmark.com/ipfs/QmU43SQodNf6niPwCZZt45uHfeWkM7mhxokYZTx9svebTT,https://feralfile.com/api/contracts/0x2A86C5466f088caEbf94e071a77669BAe371CD87/tokens/84192194988336887268297181860741868331806134895311371625270671533240495509719
reads tokenURI directly,Peer to Peer,Caryatid: Wink by Sarah Zucker,c601cac7-6a3b-410f-baa2-a86f4a6be10d,0x2A86C5466f088caEbf94e071a77669BAe371CD87,caryatid-wink-by-sarah-zucker,115153310228114666588851347772754489107974000689653741321876665973855418043401,https://ipfs.bitmark.com/ipfs/QmQQpfZwaZbHXEy3ZVcxsoaRtNDvWKZvuBtuDnNRjpdxaq,https://feralfile.com/api/contracts/0x2A86C5466f088caEbf94e071a77669BAe371CD87/tokens/115153310228114666588851347772754489107974000689653741321876665973855418043401
reads tokenURI directly,Peer to Peer,"Evolutionary Games and Spatial Chaos, Letters to Nature, 1992 by Sarah Friend",f5d3ffb6-99fb-4c50-ac82-d9db3cfd3963,0x2A86C5466f088caEbf94e071a77669BAe371CD87,evolutionary-games-and-spatial-chaos-letters-to-na,58808081037102973047914285344327235059767077645065607051796863932382238600160,https://ipfs.bitmark.com/ipfs/QmdbmsiXYu8xnQh213YYxfVGQcrKDisQ9ALS3A9YeUF73n,https://feralfile.com/api/contracts/0x2A86C5466f088caEbf94e071a77669BAe371CD87/tokens/58808081037102973047914285344327235059767077645065607051796863932382238600160
reads tokenURI directly,Peer to Peer,Swim by Entangled Others,5c46d607-e11d-477d-b38d-a9f5f2b7f6d9,0x2A86C5466f088caEbf94e071a77669BAe371CD87,swim-by-entangled-others,69037219782415170039743351977361926117918379142220489214116017537486336548224,https://ipfs.bitmark.com/ipfs/QmbDyqZt6vbNBsZ3biVsBgonakqG4WE2yWnvu261YbANe8,https://feralfile.com/api/contracts/0x2A86C5466f088caEbf94e071a77669BAe371CD87/tokens/69037219782415170039743351977361926117918379142220489214116017537486336548224
reads tokenURI directly,Peer to Peer,The Bell Machine by Anne Spalter,4d3d60e8-0f7b-4578-b5a7-efae617c3ce2,0x2A86C5466f088caEbf94e071a77669BAe371CD87,the-bell-machine-by-anne-spalter,102483456495595525347856182687662158730242810709523643804999349043957638016883,https://ipfs.bitmark.com/ipfs/QmZw7Gz6AJva6YC1bdKCy2rJUMWFjUJpKUMW9U3cXoRn8m,https://feralfile.com/api/contracts/0x2A86C5466f088caEbf94e071a77669BAe371CD87/tokens/102483456495595525347856182687662158730242810709523643804999349043957638016883
reads tokenURI directly,Peer to Peer,Titled (Information as Property as Art) [Ethereum Null Address] by Rhea Myers,8dfe5559-b967-42f7-9f4a-f7cb1dae9008,0x2A86C5466f088caEbf94e071a77669BAe371CD87,titled-information-as-property-as-art-ethereum-nul,45127790317892297463290330756789683137919514630173258349099212122291675493582,https://ipfs.bitmark.com/ipfs/QmRZKLCfugtAgQTRzJbBVW6wNV6WQXkvzECcRsWFy8QxAJ,https://feralfile.com/api/contracts/0x2A86C5466f088caEbf94e071a77669BAe371CD87/tokens/45127790317892297463290330756789683137919514630173258349099212122291675493582
reads tokenURI directly,Peer to Peer,Wheel of Life by Amir H. Fallah,82115197-d516-4bd8-8498-227aaf30eb12,0x2A86C5466f088caEbf94e071a77669BAe371CD87,wheel-of-life-by-amir-h-fallah,114509197042641126982266828896949519237122822493274123627313583916128762606677,https://ipfs.bitmark.com/ipfs/QmYeouoC8uHxSQkPxSMbdNhWhdKAPJNhRU5CfGaAyF2rse,https://feralfile.com/api/contracts/0x2A86C5466f088caEbf94e071a77669BAe371CD87/tokens/114509197042641126982266828896949519237122822493274123627313583916128762606677
reads tokenURI directly,Peer to Peer,Winslow Homer’s Croquet Challenge by Mitchell F. Chan,91765bc5-8815-4620-8268-80516d531dc0,0x2A86C5466f088caEbf94e071a77669BAe371CD87,winslow-homers-croquet-challenge-by-mitchell-f-cha,25811853076941608055270457512038717433705462539422789705262203111341130501195,https://ipfs.bitmark.com/ipfs/QmdJsH8rQY8TMAX4aiZj74m4cebnbE33HaQRDK1G9ZXNG9,https://feralfile.com/api/contracts/0x2A86C5466f088caEbf94e071a77669BAe371CD87/tokens/25811853076941608055270457512038717433705462539422789705262203111341130501195
reads tokenURI directly,Peer to Peer Launch Party Exclusive,Peer to Peer Launch Party Exclusive by Feral File Publisher,053acd9a-2871-409b-a6e0-75a5c7ee2d06,0xB14b42814895FC1B0A528a475f8A5b070eB4c671,peer-to-peer-launch-party-exclusive-by-feral-file,78699651928734682435405714059803743525679482604631175298021532748554302218579,https://ipfs.bitmark.com/ipfs/QmTsNtW5ReGqDv4aDBvnQoGz4qwxcJ6iXH93LsAXcL6fEW,https://feralfile.com/api/contracts/0xB14b42814895FC1B0A528a475f8A5b070eB4c671/tokens/78699651928734682435405714059803743525679482604631175298021532748554302218579
reads tokenURI directly,Primordium,Tapestry by Sage Jenson,a3d23452-f377-4d0e-9a67-ecce7a182927,0x513AC47320798fB6D74543242a9c0F686682998D,tapestry-by-sage-jenson,101362471285429083780124202340658617171206831615691583616293320663748173329692,https://ipfs.bitmark.com/ipfs/QmSz7Hg6iUZ69LtGeixXQxNLh36sFbpG6matkWtoXmecA4/metadata.json,https://feralfile.com/api/contracts/0x513AC47320798fB6D74543242a9c0F686682998D/tokens/101362471285429083780124202340658617171206831615691583616293320663748173329692
reads tokenURI directly,SOUND MACHINES,CANCEL YOURSELF by Danielle Brathwaite-Shirley,ccb212b8-76cd-4c54-824a-266f33fe057d,0x1D9787369B1DCf709f92Da1d8743c2A4b6028a83,cancel-yourself-by-danielle-brathwaite-shirley,5429577522081131997036023001590580143443575936,https://ipfs.io/ipfs/QmeBaULREjD8uYFeStBzfTSAvRkzyQ1f3wrvoeGkFVTxLT/5429577522081131997036023001590580143443575936,https://feralfile.com/api/contracts/0x1D9787369B1DCf709f92Da1d8743c2A4b6028a83/tokens/5429577522081131997036023001590580143443575936
reads tokenURI directly,SOUND MACHINES,Integrity Protocol / Lower Limb Lecture by American Artist and Tommy Martinez,471b892b-9373-4245-9b80-c6e5c706ae43,0x1D9787369B1DCf709f92Da1d8743c2A4b6028a83,integrity-protocol-lower-limb-lecture-by-american,5429577522081131997036023001590580143444575936,https://ipfs.io/ipfs/QmeBaULREjD8uYFeStBzfTSAvRkzyQ1f3wrvoeGkFVTxLT/5429577522081131997036023001590580143444575936,https://feralfile.com/api/contracts/0x1D9787369B1DCf709f92Da1d8743c2A4b6028a83/tokens/5429577522081131997036023001590580143444575936
reads tokenURI directly,SOUND MACHINES,Integrity Protocol Lyrics Video by American Artist and Tommy Martinez,a15bd8e4-2e6e-4839-9c2b-c2fd98bd7b47,0x1D9787369B1DCf709f92Da1d8743c2A4b6028a83,integrity-protocol-lyrics-video-by-american-artist,5429577522081131997036023001590580143447575936,https://ipfs.io/ipfs/QmeBaULREjD8uYFeStBzfTSAvRkzyQ1f3wrvoeGkFVTxLT/5429577522081131997036023001590580143447575936,https://feralfile.com/api/contracts/0x1D9787369B1DCf709f92Da1d8743c2A4b6028a83/tokens/5429577522081131997036023001590580143447575936
reads tokenURI directly,SOUND MACHINES,PAYPHONE by 0xDEAFBEEF,cccecf88-6d8f-485f-9358-0def21bc4ad7,0x1D9787369B1DCf709f92Da1d8743c2A4b6028a83,payphone-by-0xdeafbeef,339348595130070749814751437599411258966098496,https://ipfs.io/ipfs/QmeBaULREjD8uYFeStBzfTSAvRkzyQ1f3wrvoeGkFVTxLT/339348595130070749814751437599411258966098496,https://feralfile.com/api/contracts/0x1D9787369B1DCf709f92Da1d8743c2A4b6028a83/tokens/339348595130070749814751437599411258966098496
reads tokenURI directly,SOUND MACHINES,Play from Memory by Holly Herndon and Mat Dryhurst,8d8e8feb-da80-4dc4-b2f0-b7c7a3472f29,0x1D9787369B1DCf709f92Da1d8743c2A4b6028a83,play-from-memory-by-holly-herndon-and-mat-dryhurst,5429577522081131997036023001590580143445575940,https://ipfs.io/ipfs/QmeBaULREjD8uYFeStBzfTSAvRkzyQ1f3wrvoeGkFVTxLT/5429577522081131997036023001590580143445575940,https://feralfile.com/api/contracts/0x1D9787369B1DCf709f92Da1d8743c2A4b6028a83/tokens/5429577522081131997036023001590580143445575940
reads tokenURI directly,SOUND MACHINES,SOUND PIECE V by Yoko Ono,a8cefd59-fd74-4ac1-9cdc-c91d1ef56e7e,0x1D9787369B1DCf709f92Da1d8743c2A4b6028a83,sound-piece-v-by-yoko-ono,5429577522081131997036023001590580143446575936,https://ipfs.io/ipfs/QmeBaULREjD8uYFeStBzfTSAvRkzyQ1f3wrvoeGkFVTxLT/5429577522081131997036023001590580143446575936,https://feralfile.com/api/contracts/0x1D9787369B1DCf709f92Da1d8743c2A4b6028a83/tokens/5429577522081131997036023001590580143446575936
reads tokenURI directly,SOUND MACHINES,SOUND PIECE V by Yoko Ono,a8cefd59-fd74-4ac1-9cdc-c91d1ef56e7e,0x1D9787369B1DCf709f92Da1d8743c2A4b6028a83,sound-piece-v-by-yoko-ono,5429577522081131997036023001590580143450575936,https://ipfs.io/ipfs/QmeBaULREjD8uYFeStBzfTSAvRkzyQ1f3wrvoeGkFVTxLT/5429577522081131997036023001590580143450575936,https://feralfile.com/api/contracts/0x1D9787369B1DCf709f92Da1d8743c2A4b6028a83/tokens/5429577522081131997036023001590580143450575936
reads tokenURI directly,SOUND MACHINES,Vox Anima by 0xDEAFBEEF,67ab07f9-3dc5-4758-a560-c3d2347523b8,0x1D9787369B1DCf709f92Da1d8743c2A4b6028a83,vox-anima-by-0xdeafbeef,5429577522081131997036023001590580143449575936,https://ipfs.io/ipfs/QmeBaULREjD8uYFeStBzfTSAvRkzyQ1f3wrvoeGkFVTxLT/5429577522081131997036023001590580143449575936,https://feralfile.com/api/contracts/0x1D9787369B1DCf709f92Da1d8743c2A4b6028a83/tokens/5429577522081131997036023001590580143449575936
reads tokenURI directly,SuperBridge Summit Dubai,Inaugural SuperBridge Summit by Superbridge Council,d80846db-92be-4351-b66d-b8956c67e76b,0x772A3C476461C041FeAC146A86113d7b14712653,inaugural-superbridge-summit-by-superbridge-counci,97803709783000359978775308090368854543289226140119048904522141974966693434614,https://ipfs.bitmark.com/ipfs/QmXmXTAuKy2BbMi7QQYtmRCbp8WLMWL7TUQwQaNfDbKcik,https://feralfile.com/api/contracts/0x772A3C476461C041FeAC146A86113d7b14712653/tokens/97803709783000359978775308090368854543289226140119048904522141974966693434614
reads tokenURI directly,Truth,A broken symmetry — the cat's parabola by HAL09999,e97db658-5ee9-4ddb-91ac-cdaa1e5b1363,0xBb12686c360e9057be3CD031140035A705e19ceC,a-broken-symmetry-the-cat-s-parabola-by-hal09999,2439046679443273982118864381573244666659869184,https://ipfs.io/ipfs/QmQjzvrvZjzNGiqQhTGsiHeTpb9FmEcjCVWxVySf5FANC1/2439046679443273982118864381573244666659869184,https://feralfile.com/api/contracts/0xBb12686c360e9057be3CD031140035A705e19ceC/tokens/2439046679443273982118864381573244666659869184
reads tokenURI directly,Truth,inter/sections by Lisa Orth,1d39c523-9da9-406d-8feb-31e1d2704310,0xBb12686c360e9057be3CD031140035A705e19ceC,inter-sections-by-lisa-orth,2439046679443273982118864381573244666654869184,https://ipfs.io/ipfs/QmQjzvrvZjzNGiqQhTGsiHeTpb9FmEcjCVWxVySf5FANC1/2439046679443273982118864381573244666654869184,https://feralfile.com/api/contracts/0xBb12686c360e9057be3CD031140035A705e19ceC/tokens/2439046679443273982118864381573244666654869184
reads tokenURI directly,Unsupervised — Burned — Data Universe — MoMA — 2D,Unsupervised - Burned - Data Universe - MoMA - 2D by Refik Anadol,f8d29291-cac7-480b-aacd-05de41d1a1ae,0x559fE9Fe5E2DAE7A7ae5766457096E6d7C647A46,unsupervised-burned-data-universe-moma-2d,89970703136813096194386978740263577426008641841447607440390967327466404095975,https://ipfs.io/ipfs/QmRmue3AU7bEXnsEpWCv414EnLMopXCsJCNDXADDTHPvNY/89970703136813096194386978740263577426008641841447607440390967327466404095975,https://feralfile.com/api/contracts/0x559fE9Fe5E2DAE7A7ae5766457096E6d7C647A46/tokens/89970703136813096194386978740263577426008641841447607440390967327466404095975
reads tokenURI directly,Unsupervised — Burned — Data Universe — MoMA — 3D,Unsupervised - Burned - Data Universe - MoMA - 3D by Refik Anadol,aac17bb5-3377-4e4d-92bd-3767881bfba7,0xc490888997d65df70FE69f33BA3bf7C8D12989CF,unsupervised-burned-data-universe-moma-3d,44698415037170023611077639980855462881371582800501602828429077410131151838137,https://ipfs.io/ipfs/QmemVkVRDYVAsjNa2eNa96eHW1R71b7WBXwywAikuPaDRR/44698415037170023611077639980855462881371582800501602828429077410131151838137,https://feralfile.com/api/contracts/0xc490888997d65df70FE69f33BA3bf7C8D12989CF/tokens/44698415037170023611077639980855462881371582800501602828429077410131151838137
reads tokenURI directly,Unsupervised — Burned — Machine Hallucinations — MoMA Dreams,Unsupervised - Burned - Machine Hallucinations - MoMA Dreams By Refik Anadol,72b1a11a-16da-4550-aa2c-7f197a219ae8,0x9D6c8e4B348999A69eE24285cd81226f4628e8F8,unsupervised-burned-machine-hallucinations-moma,72683907607289245948376378937398657013536021870223758380494556672121413187268,https://ipfs.io/ipfs/QmSqPGMiDGYQNy7PS2sbaGsMrgjwjtcB9D5g5nGiL8sNrP/72683907607289245948376378937398657013536021870223758380494556672121413187268,https://feralfile.com/api/contracts/0x9D6c8e4B348999A69eE24285cd81226f4628e8F8/tokens/72683907607289245948376378937398657013536021870223758380494556672121413187268
reads tokenURI directly,WETWARE,A la recherche de l'information perdue by Cornelia Sollfrank,f8d24d67-7cd9-4465-9665-2c063ae4e073,0x7A9Ea7C036F6aaB113E2563096ef1e0E56375A39,a-la-recherche-de-l-information-perdue-by-cornelia,47742042159972615919654913254321143108232836533637468880835011843821926494516,https://ipfs.bitmark.com/ipfs/QmTqrFfa2rZiiZbR36qdH5U3htQWxbSNy6ZtwhAGfvjoKQ/metadata.json,https://feralfile.com/api/contracts/0x7A9Ea7C036F6aaB113E2563096ef1e0E56375A39/tokens/47742042159972615919654913254321143108232836533637468880835011843821926494516
reads tokenURI directly,WETWARE,Contested Zone by VNS Matrix,434b4eab-f8ed-4e75-b80f-5377e08ca430,0x7A9Ea7C036F6aaB113E2563096ef1e0E56375A39,contested-zone-by-vns-matrix,106716394448289501808231250623241250638766369976839271699615970638945408404521,https://ipfs.bitmark.com/ipfs/QmNfJ7k5uuhtCr6WnLmGfbMXKHM5yXuogZv421U44xoHRa/metadata.json,https://feralfile.com/api/contracts/0x7A9Ea7C036F6aaB113E2563096ef1e0E56375A39/tokens/106716394448289501808231250623241250638766369976839271699615970638945408404521
reads tokenURI directly,WETWARE,MAJLIS AL-JINN: Huma + The Archive by Morehshin Allahyari,2ee448fc-b02a-4f74-a8c0-0e4da84f7ab1,0x7A9Ea7C036F6aaB113E2563096ef1e0E56375A39,majlis-al-jinn-huma-the-archive-by-morehshin-allah,55101717102472383165900431158850540805090957492666401575443795825019132509480,https://ipfs.bitmark.com/ipfs/QmaP5dzpGyPc2ft1WHUutYMiZ1xWdfVgtnm4nzZKXL6JKE/metadata.json,https://feralfile.com/api/contracts/0x7A9Ea7C036F6aaB113E2563096ef1e0E56375A39/tokens/55101717102472383165900431158850540805090957492666401575443795825019132509480
reads tokenURI directly,crystalline work,crystalline work (arctic) by john gerrard,4e7c1eba-7c17-4c38-9454-36c72ae98249,0xBE0A4E26a156B2a60cF515E86b3Df9756DEE1952,crystalline-work-arctic-by-john-gerrard,31946296525744824328753280828797417080692251952513183340713878305007073183110,https://ipfs.io/ipfs/QmY67Gq1514Zj1yWtHxoHeoVj8FpFLM5ZNSNQejjirxKTo/31946296525744824328753280828797417080692251952513183340713878305007073183110,https://feralfile.com/api/contracts/0xBE0A4E26a156B2a60cF515E86b3Df9756DEE1952/tokens/31946296525744824328753280828797417080692251952513183340713878305007073183110
reads tokenURI directly,流れのパターン / Patterns of Flow,響く残響 / Resonant Echo by Okazz,a62734e6-bce4-49a6-ab10-1b9698085efa,0x5D303A17883C442603B8afb54921d1b7DCc0C831,xiang-kucan-xiang-resonant-echo-by-okazz,27351590983062365677486503722577408930064250723080863920865112148460961306240,https://ipfs.io/ipfs/QmbDWAbLP4DugNtnqT4EDDZZkh34YLe7EXphGc6aDi5ENo/27351590983062365677486503722577408930064250723080863920865112148460961306240,https://feralfile.com/api/contracts/0x5D303A17883C442603B8afb54921d1b7DCc0C831/tokens/27351590983062365677486503722577408930064250723080863920865112148460961306240
delisted (no data),Infinite Entropy,Infinite Entropy by Rafaël Rozendaal,71513905-f7b2-4ac1-b617-0d41123b3639,0x0A5c44da5F71B884c16A195CeC304F47ac0233CF,,86169228976179627066030249859924298435682583862228694534446344658158027085387,,https://feralfile.com/api/contracts/0x0A5c44da5F71B884c16A195CeC304F47ac0233CF/tokens/86169228976179627066030249859924298435682583862228694534446344658158027085387
delisted (no data),Infinite Entropy,Infinite Entropy by Rafaël Rozendaal,71513905-f7b2-4ac1-b617-0d41123b3639,0x0A5c44da5F71B884c16A195CeC304F47ac0233CF,,11853453751090959671312000797032361782895431600033878255608787696727826569744,,https://feralfile.com/api/contracts/0x0A5c44da5F71B884c16A195CeC304F47ac0233CF/tokens/11853453751090959671312000797032361782895431600033878255608787696727826569744
delisted (no data),Infinite Entropy,Infinite Entropy by Rafaël Rozendaal,71513905-f7b2-4ac1-b617-0d41123b3639,0x0A5c44da5F71B884c16A195CeC304F47ac0233CF,,26777294115911794943872678479575265637406102913803209848320883791959191358224,,https://feralfile.com/api/contracts/0x0A5c44da5F71B884c16A195CeC304F47ac0233CF/tokens/26777294115911794943872678479575265637406102913803209848320883791959191358224
delisted (no data),Infinite Entropy,Infinite Entropy by Rafaël Rozendaal,71513905-f7b2-4ac1-b617-0d41123b3639,0x0A5c44da5F71B884c16A195CeC304F47ac0233CF,,826926332651362942322512888064699544900818606713106726950616943073530830193,,https://feralfile.com/api/contracts/0x0A5c44da5F71B884c16A195CeC304F47ac0233CF/tokens/826926332651362942322512888064699544900818606713106726950616943073530830193
delisted (no data),Infinite Entropy,Infinite Entropy by Rafaël Rozendaal,71513905-f7b2-4ac1-b617-0d41123b3639,0x0A5c44da5F71B884c16A195CeC304F47ac0233CF,,100259033651638840688415246311962179533043394327511689573082289244072844454040,,https://feralfile.com/api/contracts/0x0A5c44da5F71B884c16A195CeC304F47ac0233CF/tokens/100259033651638840688415246311962179533043394327511689573082289244072844454040
delisted (no data),Infinite Entropy,Infinite Entropy by Rafaël Rozendaal,71513905-f7b2-4ac1-b617-0d41123b3639,0x0A5c44da5F71B884c16A195CeC304F47ac0233CF,,21827525339015493852879098446115618810266725129353170517195385021115583630648,,https://feralfile.com/api/contracts/0x0A5c44da5F71B884c16A195CeC304F47ac0233CF/tokens/21827525339015493852879098446115618810266725129353170517195385021115583630648
delisted (no data),Infinite Entropy,Infinite Entropy by Rafaël Rozendaal,71513905-f7b2-4ac1-b617-0d41123b3639,0x0A5c44da5F71B884c16A195CeC304F47ac0233CF,,22771107291080455747174181672465688559893222727372222944131169711608991463754,,https://feralfile.com/api/contracts/0x0A5c44da5F71B884c16A195CeC304F47ac0233CF/tokens/22771107291080455747174181672465688559893222727372222944131169711608991463754
delisted (no data),Infinite Entropy,Infinite Entropy by Rafaël Rozendaal,71513905-f7b2-4ac1-b617-0d41123b3639,0x0A5c44da5F71B884c16A195CeC304F47ac0233CF,,103477453257555427386413623329468338494139360419570205787103098657772417578369,,https://feralfile.com/api/contracts/0x0A5c44da5F71B884c16A195CeC304F47ac0233CF/tokens/103477453257555427386413623329468338494139360419570205787103098657772417578369
delisted (no data),Infinite Entropy,Infinite Entropy by Rafaël Rozendaal,71513905-f7b2-4ac1-b617-0d41123b3639,0x0A5c44da5F71B884c16A195CeC304F47ac0233CF,,51517200951363190976476841985696264911236621803303093126297032304284847774058,,https://feralfile.com/api/contracts/0x0A5c44da5F71B884c16A195CeC304F47ac0233CF/tokens/51517200951363190976476841985696264911236621803303093126297032304284847774058
delisted (no data),Infinite Entropy,Infinite Entropy by Rafaël Rozendaal,71513905-f7b2-4ac1-b617-0d41123b3639,0x0A5c44da5F71B884c16A195CeC304F47ac0233CF,,17873001452543386695883496786953153816036152459857767890440812893061390884781,,https://feralfile.com/api/contracts/0x0A5c44da5F71B884c16A195CeC304F47ac0233CF/tokens/17873001452543386695883496786953153816036152459857767890440812893061390884781
delisted (no data),Infinite Entropy,Infinite Entropy by Rafaël Rozendaal,71513905-f7b2-4ac1-b617-0d41123b3639,0x0A5c44da5F71B884c16A195CeC304F47ac0233CF,,61626451917981075964144752202971575062412728116712793624101268021305155848410,,https://feralfile.com/api/contracts/0x0A5c44da5F71B884c16A195CeC304F47ac0233CF/tokens/61626451917981075964144752202971575062412728116712793624101268021305155848410
delisted (no data),Infinite Entropy,Infinite Entropy by Rafaël Rozendaal,71513905-f7b2-4ac1-b617-0d41123b3639,0x0A5c44da5F71B884c16A195CeC304F47ac0233CF,,3600379894897785441890175511807893754450730869030016812905817072879542671856,,https://feralfile.com/api/contracts/0x0A5c44da5F71B884c16A195CeC304F47ac0233CF/tokens/3600379894897785441890175511807893754450730869030016812905817072879542671856
delisted (no data),Infinite Entropy,Infinite Entropy by Rafaël Rozendaal,71513905-f7b2-4ac1-b617-0d41123b3639,0x0A5c44da5F71B884c16A195CeC304F47ac0233CF,,42548676928814898295310508924935752434654792129753083415050785322793230237933,,https://feralfile.com/api/contracts/0x0A5c44da5F71B884c16A195CeC304F47ac0233CF/tokens/42548676928814898295310508924935752434654792129753083415050785322793230237933
delisted (no data),Infinite Entropy,Infinite Entropy by Rafaël Rozendaal,71513905-f7b2-4ac1-b617-0d41123b3639,0x0A5c44da5F71B884c16A195CeC304F47ac0233CF,,35734477414191267536182241740263814124031024446329880450548076200218345681267,,https://feralfile.com/api/contracts/0x0A5c44da5F71B884c16A195CeC304F47ac0233CF/tokens/35734477414191267536182241740263814124031024446329880450548076200218345681267
delisted (no data),Infinite Entropy,Infinite Entropy by Rafaël Rozendaal,71513905-f7b2-4ac1-b617-0d41123b3639,0x0A5c44da5F71B884c16A195CeC304F47ac0233CF,,1763616891931023837042453769144482006254932093168986980699649370227086293946,,https://feralfile.com/api/contracts/0x0A5c44da5F71B884c16A195CeC304F47ac0233CF/tokens/1763616891931023837042453769144482006254932093168986980699649370227086293946
delisted (no data),Infinite Entropy,Infinite Entropy by Rafaël Rozendaal,71513905-f7b2-4ac1-b617-0d41123b3639,0x0A5c44da5F71B884c16A195CeC304F47ac0233CF,,51405502197975593020006428012979698169421745577070862472572939978086684899049,,https://feralfile.com/api/contracts/0x0A5c44da5F71B884c16A195CeC304F47ac0233CF/tokens/51405502197975593020006428012979698169421745577070862472572939978086684899049
delisted (no data),Primordium,36 Points by Sage Jenson,6fc37daa-bb2b-4cb4-993e-5414e6bd672d,0x513AC47320798fB6D74543242a9c0F686682998D,,43593768040483625743468770500373785749685714786564201072059172213178285065644,,https://feralfile.com/api/contracts/0x513AC47320798fB6D74543242a9c0F686682998D/tokens/43593768040483625743468770500373785749685714786564201072059172213178285065644
delisted (no data),Primordium,36 Points by Sage Jenson,6fc37daa-bb2b-4cb4-993e-5414e6bd672d,0x513AC47320798fB6D74543242a9c0F686682998D,,35521017362997486661227184386262019050944532469219603439542027056911404432989,,https://feralfile.com/api/contracts/0x513AC47320798fB6D74543242a9c0F686682998D/tokens/35521017362997486661227184386262019050944532469219603439542027056911404432989
delisted (no data),Primordium,36 Points by Sage Jenson,6fc37daa-bb2b-4cb4-993e-5414e6bd672d,0x513AC47320798fB6D74543242a9c0F686682998D,,78185066854195316843381508527357809817094314029485180988986462325720436744133,,https://feralfile.com/api/contracts/0x513AC47320798fB6D74543242a9c0F686682998D/tokens/78185066854195316843381508527357809817094314029485180988986462325720436744133
delisted (no data),Reflections in the Water,Venuses (quantum bodies watched by Open Pose algorithm) by Libby Heaney,4a58d6e4-d014-4ea3-9837-f7892fd48157,0x29C9E04E05c5d261836e458BC5B779a7dE3C58D6,,75747731665689965407902221511726863463013349916962479906701106709260396584971,,https://feralfile.com/api/contracts/0x29C9E04E05c5d261836e458BC5B779a7dE3C58D6/tokens/75747731665689965407902221511726863463013349916962479906701106709260396584971
