edition,class,token_id,old_metadata_cid,old_animation_url,old_image,dir
1,HLS,97339798142417990651546655250958447204136795354879494670137097919969032689460,QmaDJg7mz6JsaSzEa7UYmY9zyfejF2CgZDTC6jvedXzPBL,ipfs://QmQJAa9uC5Fc3gFzNnb8CHNMgJq7NgtNF1SHs9x7YvbjM4,ipfs://QmUPxh15j9tss7FpUUT5WhLmadA24yVf4qrMe1FbinnW76,dirs/001
2,HLS,97339798142417990651546655250958447204136795354879494670137097919969032689461,QmWyTWWYNwwhZDjihEhSwvUM8TXE4EU8sceBRiwPyL7JTT,ipfs://QmQJAa9uC5Fc3gFzNnb8CHNMgJq7NgtNF1SHs9x7YvbjM4,ipfs://QmUPxh15j9tss7FpUUT5WhLmadA24yVf4qrMe1FbinnW76,dirs/002
3,HLS,97339798142417990651546655250958447204136795354879494670137097919969032689462,QmZNWDp8PtdMtVrYwZzKafxCWwL36QnGquJrGNGENxnMXG,ipfs://QmQJAa9uC5Fc3gFzNnb8CHNMgJq7NgtNF1SHs9x7YvbjM4,ipfs://QmUPxh15j9tss7FpUUT5WhLmadA24yVf4qrMe1FbinnW76,dirs/003
4,HLS,97339798142417990651546655250958447204136795354879494670137097919969032689463,QmesfxVu931a6DakrKWLLM34oAvXU6tCHewpC2coD99nZh,ipfs://QmQJAa9uC5Fc3gFzNnb8CHNMgJq7NgtNF1SHs9x7YvbjM4,ipfs://QmUPxh15j9tss7FpUUT5WhLmadA24yVf4qrMe1FbinnW76,dirs/004
6,HLS,97339798142417990651546655250958447204136795354879494670137097919969032689465,QmPZQUeWhDNp6ynyWXgDFQSGBjz6pwNhyJGr5eL3q4PKWg,ipfs://QmQJAa9uC5Fc3gFzNnb8CHNMgJq7NgtNF1SHs9x7YvbjM4,ipfs://QmUPxh15j9tss7FpUUT5WhLmadA24yVf4qrMe1FbinnW76,dirs/006
7,HLS,97339798142417990651546655250958447204136795354879494670137097919969032689466,QmbiPRkfC3GSub6xrnFq3mieb2EzPvYS6vTiMFtKcLfEfz,ipfs://QmQJAa9uC5Fc3gFzNnb8CHNMgJq7NgtNF1SHs9x7YvbjM4,ipfs://QmUPxh15j9tss7FpUUT5WhLmadA24yVf4qrMe1FbinnW76,dirs/007
8,HLS,97339798142417990651546655250958447204136795354879494670137097919969032689467,QmNRXXGckaVffkHuyfMrsu9Lu5w6oDFc8gxCenjhZuq5hp,ipfs://QmQJAa9uC5Fc3gFzNnb8CHNMgJq7NgtNF1SHs9x7YvbjM4,ipfs://QmUPxh15j9tss7FpUUT5WhLmadA24yVf4qrMe1FbinnW76,dirs/008
9,HLS,97339798142417990651546655250958447204136795354879494670137097919969032689468,QmapQirBGZbbEbwUzhVB7pWQyzLX2qNCvPNyZQKBd9nfPV,ipfs://QmQJAa9uC5Fc3gFzNnb8CHNMgJq7NgtNF1SHs9x7YvbjM4,ipfs://QmUPxh15j9tss7FpUUT5WhLmadA24yVf4qrMe1FbinnW76,dirs/009
10,HLS,97339798142417990651546655250958447204136795354879494670137097919969032689469,QmZ4Y6j6QV2jkWRMsqMFTj1ozr7KLfPTqbEqdNztLrSRXM,ipfs://QmQJAa9uC5Fc3gFzNnb8CHNMgJq7NgtNF1SHs9x7YvbjM4,ipfs://QmUPxh15j9tss7FpUUT5WhLmadA24yVf4qrMe1FbinnW76,dirs/010
12,HLS,97339798142417990651546655250958447204136795354879494670137097919969032689471,QmYcKFu7k4PMbDEeHEaX7XDNfJCaQWUG9iYgKsRLYXvwe2,ipfs://QmQJAa9uC5Fc3gFzNnb8CHNMgJq7NgtNF1SHs9x7YvbjM4,ipfs://QmUPxh15j9tss7FpUUT5WhLmadA24yVf4qrMe1FbinnW76,dirs/012
14,CDN,97339798142417990651546655250958447204136795354879494670137097919969032689473,Qmem7HqsxasYqbXX1tAzBbykwwU4FMUkCFavD5SrAxzBtf,https://cdn.feralfileassets.com/previews/7b77f5d5-fefc-4a77-a40c-e9e8e5f8f9cb/1651845829/preview.mp4,https://cdn.feralfileassets.com/thumbnails/7b77f5d5-fefc-4a77-a40c-e9e8e5f8f9cb/1653452315,dirs/014
15,HLS,97339798142417990651546655250958447204136795354879494670137097919969032689474,QmWdfbXMVEdrgrqaRNMuh6F3ce8PpoJWiTgJigu64XJwsZ,ipfs://QmQJAa9uC5Fc3gFzNnb8CHNMgJq7NgtNF1SHs9x7YvbjM4,ipfs://QmUPxh15j9tss7FpUUT5WhLmadA24yVf4qrMe1FbinnW76,dirs/015
17,HLS,97339798142417990651546655250958447204136795354879494670137097919969032689476,QmanmMWNh15a3FyBjmJ9aomrGTeyovBjyobQnFPFLMUeAR,ipfs://QmQJAa9uC5Fc3gFzNnb8CHNMgJq7NgtNF1SHs9x7YvbjM4,ipfs://QmUPxh15j9tss7FpUUT5WhLmadA24yVf4qrMe1FbinnW76,dirs/017
19,HLS,97339798142417990651546655250958447204136795354879494670137097919969032689478,QmRjdeRCYeNz3YXBUhKEzCVzDoA7FT6JJ1PnxUHzscch6j,ipfs://QmQJAa9uC5Fc3gFzNnb8CHNMgJq7NgtNF1SHs9x7YvbjM4,ipfs://QmUPxh15j9tss7FpUUT5WhLmadA24yVf4qrMe1FbinnW76,dirs/019
20,CDN,97339798142417990651546655250958447204136795354879494670137097919969032689479,QmSU7hwSrM8ZNDZo9boDn1WvC4eqoNGgPt87K6LxZ19Cgw,https://cdn.feralfileassets.com/previews/7b77f5d5-fefc-4a77-a40c-e9e8e5f8f9cb/1651845829/preview.mp4,https://cdn.feralfileassets.com/thumbnails/7b77f5d5-fefc-4a77-a40c-e9e8e5f8f9cb/1653452315,dirs/020
23,HLS,97339798142417990651546655250958447204136795354879494670137097919969032689482,QmW9LNcdwYY4NvDoEbGTXdEYKa6UTzBt1eGCgEraPRzt3n,ipfs://QmQJAa9uC5Fc3gFzNnb8CHNMgJq7NgtNF1SHs9x7YvbjM4,ipfs://QmUPxh15j9tss7FpUUT5WhLmadA24yVf4qrMe1FbinnW76,dirs/023
25,HLS,97339798142417990651546655250958447204136795354879494670137097919969032689484,QmYYjvEi3TMJ6QA4Aq9X5Z9sKoZ4c9Rav3ZoyCwiJZuwrj,ipfs://QmQJAa9uC5Fc3gFzNnb8CHNMgJq7NgtNF1SHs9x7YvbjM4,ipfs://QmUPxh15j9tss7FpUUT5WhLmadA24yVf4qrMe1FbinnW76,dirs/025
26,HLS,97339798142417990651546655250958447204136795354879494670137097919969032689485,QmWii6Vdsp3Db5Ds8rwUCqDFyHyxJwY74jWsgLMxuux5gs,ipfs://QmQJAa9uC5Fc3gFzNnb8CHNMgJq7NgtNF1SHs9x7YvbjM4,ipfs://QmUPxh15j9tss7FpUUT5WhLmadA24yVf4qrMe1FbinnW76,dirs/026
27,CDN,97339798142417990651546655250958447204136795354879494670137097919969032689486,QmeDhVxVCd7iBv4GEpWMQJFkui5scDHfRban2KSdxW35Rd,https://cdn.feralfileassets.com/previews/7b77f5d5-fefc-4a77-a40c-e9e8e5f8f9cb/1651845829/preview.mp4,https://imagedelivery.net/5BJzhBHeVhlhbn58hvcXAQ/1387fb4f-59a3-4fa6-7adc-fea2528d6400/thumbnailLarge,dirs/027
28,CDN,97339798142417990651546655250958447204136795354879494670137097919969032689487,QmQSQFn4MC3wg6dZ72vFBDWzqg4UfYXtjrfwADG7VvKJGi,https://cdn.feralfileassets.com/previews/7b77f5d5-fefc-4a77-a40c-e9e8e5f8f9cb/1651845829/preview.mp4,https://imagedelivery.net/5BJzhBHeVhlhbn58hvcXAQ/1387fb4f-59a3-4fa6-7adc-fea2528d6400/thumbnailLarge,dirs/028
30,HLS,97339798142417990651546655250958447204136795354879494670137097919969032689489,QmXG8H5Wo99AtUSjuPfZgCnEhrUJpM5JA5iscJEGR7CRD8,ipfs://QmQJAa9uC5Fc3gFzNnb8CHNMgJq7NgtNF1SHs9x7YvbjM4,ipfs://QmUPxh15j9tss7FpUUT5WhLmadA24yVf4qrMe1FbinnW76,dirs/030
32,HLS,97339798142417990651546655250958447204136795354879494670137097919969032689491,QmRx1noVURoGA9urPdyfM21W12CgevMizQqNYFDHkmVKcc,ipfs://QmQJAa9uC5Fc3gFzNnb8CHNMgJq7NgtNF1SHs9x7YvbjM4,ipfs://QmUPxh15j9tss7FpUUT5WhLmadA24yVf4qrMe1FbinnW76,dirs/032
33,HLS,97339798142417990651546655250958447204136795354879494670137097919969032689492,QmYPjyuBM7KC3fMxTrvuSTNkPpTMmjGmcd19R2P27DAKrj,ipfs://QmQJAa9uC5Fc3gFzNnb8CHNMgJq7NgtNF1SHs9x7YvbjM4,ipfs://QmUPxh15j9tss7FpUUT5WhLmadA24yVf4qrMe1FbinnW76,dirs/033
35,HLS,97339798142417990651546655250958447204136795354879494670137097919969032689494,QmWKRmAgYGnm74XhriQ79eoztmFFkpPfzFGZ8MbLEAvjDn,ipfs://QmQJAa9uC5Fc3gFzNnb8CHNMgJq7NgtNF1SHs9x7YvbjM4,ipfs://QmUPxh15j9tss7FpUUT5WhLmadA24yVf4qrMe1FbinnW76,dirs/035
36,HLS,97339798142417990651546655250958447204136795354879494670137097919969032689495,QmTFdjpLWTig2KPgMWfndjotU57ZVozKVsaYEUfAHAMMxj,ipfs://QmQJAa9uC5Fc3gFzNnb8CHNMgJq7NgtNF1SHs9x7YvbjM4,ipfs://QmUPxh15j9tss7FpUUT5WhLmadA24yVf4qrMe1FbinnW76,dirs/036
37,HLS,97339798142417990651546655250958447204136795354879494670137097919969032689496,QmaiCGLtosVokEjcFLpnHK6N2Kcr32GUGQh4V156ioMFqM,ipfs://QmQJAa9uC5Fc3gFzNnb8CHNMgJq7NgtNF1SHs9x7YvbjM4,ipfs://QmUPxh15j9tss7FpUUT5WhLmadA24yVf4qrMe1FbinnW76,dirs/037
39,HLS,97339798142417990651546655250958447204136795354879494670137097919969032689498,QmPNgAh3Fjofhty4Lk5RyXc4uZ6RmKTqdCwet6wBjWs8QQ,ipfs://QmQJAa9uC5Fc3gFzNnb8CHNMgJq7NgtNF1SHs9x7YvbjM4,ipfs://QmUPxh15j9tss7FpUUT5WhLmadA24yVf4qrMe1FbinnW76,dirs/039
40,HLS,97339798142417990651546655250958447204136795354879494670137097919969032689499,QmdPKrmkk3ck8GhkvsnWiKCbKFZnFK8qMJ5KqwVCDMyPJN,ipfs://QmQJAa9uC5Fc3gFzNnb8CHNMgJq7NgtNF1SHs9x7YvbjM4,ipfs://QmUPxh15j9tss7FpUUT5WhLmadA24yVf4qrMe1FbinnW76,dirs/040
41,CDN,97339798142417990651546655250958447204136795354879494670137097919969032689500,QmTGnqjHHedunSqkMvN6rMpjfKZNow5JUbj52cChw6SbJB,https://cdn.feralfileassets.com/previews/7b77f5d5-fefc-4a77-a40c-e9e8e5f8f9cb/1651845829/preview.mp4,https://cdn.feralfileassets.com/thumbnails/7b77f5d5-fefc-4a77-a40c-e9e8e5f8f9cb/1653452315,dirs/041
42,HLS,97339798142417990651546655250958447204136795354879494670137097919969032689501,QmZcevkbYvFsmr3Z8ADSfhsszwNgoRGmUfSye4ichAQnym,ipfs://QmQJAa9uC5Fc3gFzNnb8CHNMgJq7NgtNF1SHs9x7YvbjM4,ipfs://QmUPxh15j9tss7FpUUT5WhLmadA24yVf4qrMe1FbinnW76,dirs/042
46,HLS,97339798142417990651546655250958447204136795354879494670137097919969032689505,QmWdLb7JJgGLrXb5ZYvdgJHvAquSrcHMvazBh9BcA7oP3p,ipfs://QmQJAa9uC5Fc3gFzNnb8CHNMgJq7NgtNF1SHs9x7YvbjM4,ipfs://QmUPxh15j9tss7FpUUT5WhLmadA24yVf4qrMe1FbinnW76,dirs/046
47,HLS,97339798142417990651546655250958447204136795354879494670137097919969032689506,QmZb9S7E8CwqwfTqEVEmP9QkQ9eT4GwDbSraWwdRZRnmfT,ipfs://QmQJAa9uC5Fc3gFzNnb8CHNMgJq7NgtNF1SHs9x7YvbjM4,ipfs://QmUPxh15j9tss7FpUUT5WhLmadA24yVf4qrMe1FbinnW76,dirs/047
48,HLS,97339798142417990651546655250958447204136795354879494670137097919969032689507,QmWeK8ryw2qP4ehLcRtPUt48mnmrzcbVvnH7yY3B2QR2Jd,ipfs://QmQJAa9uC5Fc3gFzNnb8CHNMgJq7NgtNF1SHs9x7YvbjM4,ipfs://QmUPxh15j9tss7FpUUT5WhLmadA24yVf4qrMe1FbinnW76,dirs/048
50,HLS,97339798142417990651546655250958447204136795354879494670137097919969032689509,QmfLFrKCKrSgB5QPR1GyHDr5ZaqdUT9FFasYoAbQedAtcd,ipfs://QmQJAa9uC5Fc3gFzNnb8CHNMgJq7NgtNF1SHs9x7YvbjM4,ipfs://QmUPxh15j9tss7FpUUT5WhLmadA24yVf4qrMe1FbinnW76,dirs/050
51,HLS,97339798142417990651546655250958447204136795354879494670137097919969032689510,Qma359rb4n5reKZypKvf681cK7fyQgQFDS8nfp79B9mmtY,ipfs://QmQJAa9uC5Fc3gFzNnb8CHNMgJq7NgtNF1SHs9x7YvbjM4,ipfs://QmUPxh15j9tss7FpUUT5WhLmadA24yVf4qrMe1FbinnW76,dirs/051
52,HLS,97339798142417990651546655250958447204136795354879494670137097919969032689511,QmTnv9rbvBxy9LFcK4uEnyvXLw1tB86HqooC2C5X7wirKq,ipfs://QmQJAa9uC5Fc3gFzNnb8CHNMgJq7NgtNF1SHs9x7YvbjM4,ipfs://QmUPxh15j9tss7FpUUT5WhLmadA24yVf4qrMe1FbinnW76,dirs/052
54,HLS,97339798142417990651546655250958447204136795354879494670137097919969032689513,QmYsBf6YhG6Gg32sSVXHNRASBDMnymGWffvnnH4axPP8dR,ipfs://QmQJAa9uC5Fc3gFzNnb8CHNMgJq7NgtNF1SHs9x7YvbjM4,ipfs://QmUPxh15j9tss7FpUUT5WhLmadA24yVf4qrMe1FbinnW76,dirs/054
55,CDN,97339798142417990651546655250958447204136795354879494670137097919969032689514,QmV34TWuVrQPPGh2WArP52xchkYQnNtag3wdouWgoY7Jfb,https://cdn.feralfileassets.com/previews/7b77f5d5-fefc-4a77-a40c-e9e8e5f8f9cb/1651845829/preview.mp4,https://imagedelivery.net/5BJzhBHeVhlhbn58hvcXAQ/1387fb4f-59a3-4fa6-7adc-fea2528d6400/thumbnailLarge,dirs/055
56,HLS,97339798142417990651546655250958447204136795354879494670137097919969032689515,QmbT91JDmCycNkNLNPgRQNeuikaaqghz7agnodBrsYhkDC,ipfs://QmQJAa9uC5Fc3gFzNnb8CHNMgJq7NgtNF1SHs9x7YvbjM4,ipfs://QmUPxh15j9tss7FpUUT5WhLmadA24yVf4qrMe1FbinnW76,dirs/056
57,HLS,97339798142417990651546655250958447204136795354879494670137097919969032689516,QmUtcs7v9rUxvncnt7LSz2jTyjWmqCs4PBoHpVut7b1Fux,ipfs://QmQJAa9uC5Fc3gFzNnb8CHNMgJq7NgtNF1SHs9x7YvbjM4,ipfs://QmUPxh15j9tss7FpUUT5WhLmadA24yVf4qrMe1FbinnW76,dirs/057
58,HLS,97339798142417990651546655250958447204136795354879494670137097919969032689517,QmbYPsbsomU3YTX3orwxs4nFs4iFMwrQvGZg5967tW8fop,ipfs://QmQJAa9uC5Fc3gFzNnb8CHNMgJq7NgtNF1SHs9x7YvbjM4,ipfs://QmUPxh15j9tss7FpUUT5WhLmadA24yVf4qrMe1FbinnW76,dirs/058
72,CDN,97339798142417990651546655250958447204136795354879494670137097919969032689531,QmcC91DEeD13P6LN9Heq8e4Z6W25nJ3VPRjg7KRRikUrgL,https://cdn.feralfileassets.com/previews/7b77f5d5-fefc-4a77-a40c-e9e8e5f8f9cb/1651845829/preview.mp4,https://cdn.feralfileassets.com/thumbnails/7b77f5d5-fefc-4a77-a40c-e9e8e5f8f9cb/1653452315,dirs/072
73,HLS,97339798142417990651546655250958447204136795354879494670137097919969032689532,QmeWvSEpRH9BdQAzNqRs82RYxDE8Z6VDrgxLWjLmReB5FL,ipfs://QmQJAa9uC5Fc3gFzNnb8CHNMgJq7NgtNF1SHs9x7YvbjM4,ipfs://QmUPxh15j9tss7FpUUT5WhLmadA24yVf4qrMe1FbinnW76,dirs/073
77,HLS,97339798142417990651546655250958447204136795354879494670137097919969032689536,QmV2M4x3eMdZjEGNgafPho9ZGoC5bubTb9vx9NAqkpUwkL,ipfs://QmQJAa9uC5Fc3gFzNnb8CHNMgJq7NgtNF1SHs9x7YvbjM4,ipfs://QmUPxh15j9tss7FpUUT5WhLmadA24yVf4qrMe1FbinnW76,dirs/077
78,HLS,97339798142417990651546655250958447204136795354879494670137097919969032689537,QmVm4GXAbpkUJuctX2jgHYKFrqt2LQjk466yDQCtU1LqSc,ipfs://QmQJAa9uC5Fc3gFzNnb8CHNMgJq7NgtNF1SHs9x7YvbjM4,ipfs://QmUPxh15j9tss7FpUUT5WhLmadA24yVf4qrMe1FbinnW76,dirs/078
79,CDN,97339798142417990651546655250958447204136795354879494670137097919969032689538,QmX7M7tZVFgvAvaYZQ3Nv8cQUFd3ujusf6RxY9fCY6eUMr,https://cdn.feralfileassets.com/previews/7b77f5d5-fefc-4a77-a40c-e9e8e5f8f9cb/1651845829/preview.mp4,https://imagedelivery.net/5BJzhBHeVhlhbn58hvcXAQ/1387fb4f-59a3-4fa6-7adc-fea2528d6400/thumbnailLarge,dirs/079
81,HLS,97339798142417990651546655250958447204136795354879494670137097919969032689540,QmecZoQuSMH2QN74xWicnhyszLNNtaTJsUpWY2vkEkJQpq,ipfs://QmQJAa9uC5Fc3gFzNnb8CHNMgJq7NgtNF1SHs9x7YvbjM4,ipfs://QmUPxh15j9tss7FpUUT5WhLmadA24yVf4qrMe1FbinnW76,dirs/081
82,HLS,97339798142417990651546655250958447204136795354879494670137097919969032689541,QmSopT7FnWv3czoRaDhR5Ee3wj5EN7FeXK8gHAN4Ripee4,ipfs://QmQJAa9uC5Fc3gFzNnb8CHNMgJq7NgtNF1SHs9x7YvbjM4,ipfs://QmUPxh15j9tss7FpUUT5WhLmadA24yVf4qrMe1FbinnW76,dirs/082
91,HLS,97339798142417990651546655250958447204136795354879494670137097919969032689550,QmbrFXYs4YAkHW39hiVzP3YAHdjEhyoRL2FbWBHAV7BUWs,ipfs://QmQJAa9uC5Fc3gFzNnb8CHNMgJq7NgtNF1SHs9x7YvbjM4,ipfs://QmUPxh15j9tss7FpUUT5WhLmadA24yVf4qrMe1FbinnW76,dirs/091
96,HLS,97339798142417990651546655250958447204136795354879494670137097919969032689555,QmXLFyVCzixHzG3HFzTAAiW2bfuJksUmMEtfx6wtuvXX9L,ipfs://QmQJAa9uC5Fc3gFzNnb8CHNMgJq7NgtNF1SHs9x7YvbjM4,ipfs://QmUPxh15j9tss7FpUUT5WhLmadA24yVf4qrMe1FbinnW76,dirs/096
