edition,token_id,old_metadata_cid,new_metadata_cid
0,19926596094255126125166421402975005060328841433878809074115704782911025446719,QmZrnYsAQVbQuMWSmhSAPWn4PQ4TZq9sNJcXwUVXbj4BkQ,QmTxiMkRajBrfSduMo3rxA5EibMQEpHB84XeZwa3S19tdx
0,31407201287127526542816856047451791715680458487654720084356565537967265406231,QmcavQEMd5rG6Xch4ymTtDRCjZU658Vc2NUzxsgBgB4CYk,QmZXM7Eh47RxqkNCJcgmUpPgUEVwJ3rsey8h5ySMMv2jTe
0,43812773355323655352919296225043877433270052855456306374873853632824884117360,QmQGB5CAiFbgCFsvFzY1xJwrejLBc64kYyqCR1sxfEMUNp,Qmdw4sdmyPDNcKRw9rKe281UWBeM61NKGkLpu5h5P4R4jv
1,43812773355323655352919296225043877433270052855456306374873853632824884117361,QmUdLCbk6To5ixbfAjYBDKZ3y4onRVT6NrymD5JumuvfFx,QmcpynJwg4aodQzqD5W3JYkcXbccmHAGGannGJ3CXdZZo9
2,43812773355323655352919296225043877433270052855456306374873853632824884117362,QmXxJMrgKLLzc5n2MDcqv5KccjPek7sfVoP2PaDdm6Hb11,QmdGL2ENRhwGutuyYsz1WxYYFxsaEwbECB9zTaPkALp1JD
0,57129125216325247059066131395135709425197979245094347477997960213448800830459,QmNhBSPbjQMzXjS6WHxm1Bfh9UK8r1Kmshq6N8YJmsnaW5,QmeT154x4ELuvzYTBAJX34E3qtxC6wRQTmQ2zUaNi4icS3
1,57129125216325247059066131395135709425197979245094347477997960213448800830460,QmWSU8QUZhvuwdPTVFkpZqGSrMJfdA9Ln4KV2HHMaBPJnR,QmdG77TNGaGNLCYi6qpVwzKF7P5Fx8zUTQLaWiRVoxYJjV
2,57129125216325247059066131395135709425197979245094347477997960213448800830461,QmS4bxACnnRf4PYUEtvAsqXxuM9bGptHUKJUWd74VPBfkF,Qmche9Ndat5HGNULXucqZHFgPaLiof5QHzpr5gxLK2JawG
3,57129125216325247059066131395135709425197979245094347477997960213448800830462,QmbDTsa6szNQSzRFk9kfcpaHxjKh7fJY3Ng58owSph5gF6,QmZbU3vgWH1T7GFi8BcMpWhtkSp4xdy2ePJNYgbwK8c3Y8
4,57129125216325247059066131395135709425197979245094347477997960213448800830463,QmeMRhkN7th9qArxM2xYGQGWPA1j8HGo4q84vvaCwPmwpf,QmYqW5ZbWWEQS5D2ixWEW2joW9WrnPC6Q6EG6L1MXYM9gS
5,57129125216325247059066131395135709425197979245094347477997960213448800830464,QmdXFvZjzZ7TeEScaHtwDGoLzUg5R2EpRW6VHdYnZUX3bi,QmX6fE8xZE2yUooTV8hEeNrXTJPRo8Ug9fsSHZWZPQjD6N
6,57129125216325247059066131395135709425197979245094347477997960213448800830465,QmQN4gZpCLVNrwn8377ss8K3nLueHL3Tbe2ypJq94DhrZA,QmXNm2tE6NXtyB3t4U9Ym7mVsb9FhU8oMzKriX3QhY5AA3
7,57129125216325247059066131395135709425197979245094347477997960213448800830466,QmYp68AjuzkqsgrLCYvkp58WmtoPip3Y4f26Ta3gUe2d8u,QmTK5ypDknannwbcuaaTgsW4YzXo32T4n3ka3MvnRED9Ja
8,57129125216325247059066131395135709425197979245094347477997960213448800830467,QmauJHNT42gzX4SwWog6NHJZi5MyfNt3nCAXkEUxM5UowZ,QmWJnK46sUVRnwBEvvtoMiu1m423KkFUZpkonTsWh4Uafi
9,57129125216325247059066131395135709425197979245094347477997960213448800830468,QmRFaB6RysFUR3DK954pytn8KkuwzgQTpua6tmSgCbLUw9,QmUZugrnK8bKtKjczvXv6fk3py4Vn75KnPceS4JtvRFQrZ
10,57129125216325247059066131395135709425197979245094347477997960213448800830469,QmWWdSbQQRpQkjzP12cpXR3Z6gNjHvoPNkh4MzqwdTdWvP,QmTzJePb9Xd7RE9dHp49sc8Kuco48MexQz4y9cnYcdQmkS
11,57129125216325247059066131395135709425197979245094347477997960213448800830470,Qmc1ZXC8UzyMzfP8c7djxJg1bZvGuuxS6GYJ6tZCR2psqh,QmWyX7fGTWaM5bmkVZjpGtWf9MwAXrpRMaG5NtJE9466F6
12,57129125216325247059066131395135709425197979245094347477997960213448800830471,QmcjUiHQuHKGE8Q9TgEQKdVf1pBbUmAZBu4fv62anvX5uJ,QmSmR5By2WUniRpDaxboHesiTrBf6TEJNHnUZ2DbWJVzje
13,57129125216325247059066131395135709425197979245094347477997960213448800830472,QmcYGUNC8QXSkLDiuWiMd8XydCGUEP2VjHw85kpwiSidpy,QmNYgZLzBt1rRjJownSKdDNP8GaCLXF21HZGKwxpPZA1oS
14,57129125216325247059066131395135709425197979245094347477997960213448800830473,Qmc2oN3XCLByqmbGqvxusc5mUtjwmE31Dx3APfT7W6rB6y,QmSWAqnS8ExDEKxzQzaGUBiWZ7MorxvnQEjsjvzemihLZu
15,57129125216325247059066131395135709425197979245094347477997960213448800830474,QmWGoU2vcKzjPpW7cqhTPKUA9DmQEsWJp7GfyQg2TkKXEc,QmZ5keMqyzRxyywBVsAWRPgDY8aiuorbE4PRyB3g9i56Ep
16,57129125216325247059066131395135709425197979245094347477997960213448800830475,QmWSrLEq2Mdj4jCUqLkkdpptyHPU1VuSz8UmYpVijH1Sfr,QmdidGbtpFJjUz1Qoj27LCCHmtvXmafMkDK76CBzkZq4s4
17,57129125216325247059066131395135709425197979245094347477997960213448800830476,QmR3159x1snuwvNxJyjJP13fmdTufFS1fHQmzSZhZm6YBy,QmfHZedmeT8r1EVvDDpyKfp5otDJVcH9e34gqxFPTHDvLK
18,57129125216325247059066131395135709425197979245094347477997960213448800830477,QmaUknSkS2EJqEJzGhMfDZwWiuEBYYs4YP24HcmQL7R2ST,QmTtrHSYjDEEtUBjbDuZCwVPQT82HkiVSW7sJnrjXsQcq6
19,57129125216325247059066131395135709425197979245094347477997960213448800830478,QmSBU3KXgwGQhbw5AjyRk1z93iqzjLRzLKHbLwtoicFkMN,QmPmfu6MyQNSr1LJ2tAJtHo6BchBfQMJ5fQcWBx99YAigM
20,57129125216325247059066131395135709425197979245094347477997960213448800830479,QmcFe9hqP6mxFkQAVS6fV5Ae96uSXtKa5Ju1tVLx2bdFEw,QmUDYjKeetf9Wkt5oK7VYMBrQ4mDuU4uNewpqPn3aCygnH
21,57129125216325247059066131395135709425197979245094347477997960213448800830480,QmYefFjRuk9TD8x6JRGqB9jBHsubPYKnBusxvRjTcYuVPd,QmcPp5fSGF9hmNGSNikoQ7tM5dkwoR97T5QuhnZdDC4iWA
22,57129125216325247059066131395135709425197979245094347477997960213448800830481,QmRBKUGwgnA6cudV2qYTM2n4sFrSAaQgTYiQp46m6HPgL9,QmctmvQxEKVQoozDDkvNLW5puTWWsX8yPNTLGbDyUAjMhZ
23,57129125216325247059066131395135709425197979245094347477997960213448800830482,QmTvehNUWnY2i6MAy84jQgdTyuevoWtS3ZbBz95DakAxb1,QmYaSLTBKmNhLjaA4tfCRXRTvpzYzbTbEWA72osx9Qe7tE
24,57129125216325247059066131395135709425197979245094347477997960213448800830483,Qmc9zM2hp5xz6jAan4x4qpjXAwELAHtxoB8XJE8vkNo5fn,QmSKrUMDNBJ3QgocifwYV3GdxKzaLdyHY4Ew12a6tnB2ed
25,57129125216325247059066131395135709425197979245094347477997960213448800830484,QmcY6mM9TdtRWyY7449zsKKxWszRhGzuE8dBKC4dhGkyJh,QmYPjb1UtWoNx9AoomXewXc8QrScDXshr4cBwb24Pk1Pt4
26,57129125216325247059066131395135709425197979245094347477997960213448800830485,QmdEjuuhnCTT4DkmX7Gw2ZQhVUZTKkZWYbHE8PKs95raUV,QmWUqHhknb4RggfUuxUkz2JNehATty8GnkY2h2o1hsPr9p
27,57129125216325247059066131395135709425197979245094347477997960213448800830486,QmS34jhz385ef2FdYiETGR9g3ZmaBzSuHzsuDdwcow5GTP,Qma9Zg8eVm5VixZ1rAC6Y3ezQSRff4XjXpRgDEZkG5amHK
28,57129125216325247059066131395135709425197979245094347477997960213448800830487,QmR7WSzBdBjXm9EC7npLCT2aPqBRfEyJh4LSUeu3grqKDU,QmduzZmiVG5HqwLq299wQyCvJftHvu4CQ5QEWGfZc5gvgn
29,57129125216325247059066131395135709425197979245094347477997960213448800830488,QmRbdgKhQLQmBGMVSDQZpnJASBj2fWvdpHkkcH4kcUSPn4,QmavbgFCz7zNQHzLoeBSnWC1jCbT9vkFETz9a3adjkn8xd
30,57129125216325247059066131395135709425197979245094347477997960213448800830489,QmaLYPFqu3nkTMKd3N4kfzLG9VyhyJq9topZzuCvU7Xu6T,QmUD9HvG9PrYcis7u8ZK3JCtbbHGZ9hXLWNy37w9nQB2yE
31,57129125216325247059066131395135709425197979245094347477997960213448800830490,QmUpMC52nqAiQb1wHuXMEvnw28cbhUT6fgCwJSAJYgEHq4,QmXsjGXijQAWPtp8N6R3QHCJLNryM94oBGsEadGR5m7bTT
32,57129125216325247059066131395135709425197979245094347477997960213448800830491,QmUXh8P6xSVUkGXSoETdiMF36fgZVhYKL2B4Zisk6Y6bYY,QmTndLwfnijeGwY9nQKZ5heJ3jUaf6AAwRrEiBV7d5Xyni
33,57129125216325247059066131395135709425197979245094347477997960213448800830492,Qmf2H4nieZYxo49eaB5Noyecbx7AYsDQMHXoqD1kMPQgXJ,QmUChXkSCRBN3Zu9RMbCKEaJW2jN7bjhUy6tnThmHcEmx2
34,57129125216325247059066131395135709425197979245094347477997960213448800830493,Qmez9t681VetAfSduWCfLBeEtWuqXQTRdCF6kFWRuivqXe,QmbsXRNmoU1fizhaXGdpPCuqEjR8PicXZhxR8rcD6tZc78
35,57129125216325247059066131395135709425197979245094347477997960213448800830494,QmV7a4jEeHPgCgQb4E47CAFpg648aLtJn8mdPmYwsWPu7C,QmWvP5tWFvP3u48Cr4FqyZ4Cnqfg4HXxH7YBMYar8oyz4p
36,57129125216325247059066131395135709425197979245094347477997960213448800830495,QmfUnSZfapdNpD5Ks7PSQSGdJ6oSCPRvWEuErMhtLAib3R,QmW6knE7jhsR1CWL9juUqYxcZrgcURuJgsPtcGdG2irwAW
37,57129125216325247059066131395135709425197979245094347477997960213448800830496,QmWCtar4zh7DQHTukPbmf7e9R24iQu8cBXjuUT1b9NYSUp,QmScKnQ25xkV74evMuTbuwaAKSWAzxbTdrBSy86oF7A68o
38,57129125216325247059066131395135709425197979245094347477997960213448800830497,QmVMkvUZ9HZkaDhchXkF6Z61bUGiTU8yxguEXoo25wAKwJ,QmdnLoxfA1RTszZ2TX2hLA2BicaqjT5DJTyfRLAdc3nYRW
39,57129125216325247059066131395135709425197979245094347477997960213448800830498,Qmb6E9WrdTSLa7g8j3uGyV5Vy8qFkhiZwEwCnRWFCZAkSE,QmWr2sDopJif8JJwWBRDPQJ7s7d1MYPtP58zBEJnckvKg4
40,57129125216325247059066131395135709425197979245094347477997960213448800830499,QmXPosUTQPxox2hW5TQiiyzV1A83z7C4QCkfVbBXZaU5Kb,QmX8svRSmgQ4LVzH9U9pMZZeN6pggiwrGGWpSFd96xNZbP
41,57129125216325247059066131395135709425197979245094347477997960213448800830500,QmR7YQNGeEMY3RsRiQnRdqKwXKfSAvpxFxkmtCY3Ez5rUv,Qma8UmTZr42iBFzAiNnmX4UY5JZL387NUtktvDa8hJrFMH
42,57129125216325247059066131395135709425197979245094347477997960213448800830501,QmcyWaegPJaGYEsUWotN1NP2oX2NV8cThobFv99W1HCkzP,QmXFwg2k4tSgbi1H7qYLfCwXBhtc3JvTRxubnfYwzxm78w
43,57129125216325247059066131395135709425197979245094347477997960213448800830502,QmVbY3ayLAwXfGNL5TY8jhNeMSP8TQBnvbt8FqXHYg6FPJ,QmSgUK9qG9Zu41VMFeBWvC1r7FfAEerbqNWB8GYAPX9EFq
44,57129125216325247059066131395135709425197979245094347477997960213448800830503,Qma3gGm8GMCPE6Erdsyb2nokCJBXV5PNZRWoYDpqzCfoNJ,Qmb7xuhbhmt55oAHErGtb6F5uQyvTc2jQKivUshff4Ko54
45,57129125216325247059066131395135709425197979245094347477997960213448800830504,Qmcz6CfuLHBAdEusAax16M7FJJREn5RyT4m4PyHBhZu48D,QmbYQBvvGPddBjAVd8qQQ3mJARwgFzffWwVSNSyJmKtMyX
46,57129125216325247059066131395135709425197979245094347477997960213448800830505,QmbNFafMsdxM3p6Pg9KTvyUPgZ59NFZpoA5f8YpjFpGtEj,QmWhpvEXjSNuhhorQbWetDTQBpBcH53TYhyW2LoexWS7p1
47,57129125216325247059066131395135709425197979245094347477997960213448800830506,QmYMvgbK3PzzkVnnSbD7aq1YeD1Whv2fBjADyqG3TERSsx,QmZ6xPrNc6RDUBinyVuyLmQTKnKPRmSiw1zcjKtrFBrXWa
48,57129125216325247059066131395135709425197979245094347477997960213448800830507,QmNjU7gGY5HXfQQgdhvPuEcqS2k4iFsbJgNvqP71XLTLRa,QmVfUj8sWsSmn44RKvhuwHjmtLpJNYVn4zy1twPLy4RhnE
49,57129125216325247059066131395135709425197979245094347477997960213448800830508,QmeiJEn4KG6cDNidTrBzmmVetMp6u2aSny3MZ9pB1f2KBR,QmfR4ZFjNNv7wXQ9z1LJ2kdWFyKrG1t8UJuaNyyU1FQzvV
50,57129125216325247059066131395135709425197979245094347477997960213448800830509,Qmcs6u9sT4qkYTqr7fLNkVh2CctNEWGh1cXp5c1mxPJsgw,QmdKkrbCgL3wxiBQhSCqU8NuzdihHbJGYPhnVjCJ5byiQC
51,57129125216325247059066131395135709425197979245094347477997960213448800830510,QmZ54Feic4PYnQXsCyDVz2vgaJTBTHvz6piknF69Vyf1Bi,QmRSZPeyYW9oRZwbEkLcM8CZtQuaXjqxjPQAHHZ7gKqzwP
52,57129125216325247059066131395135709425197979245094347477997960213448800830511,QmYzaHjmTPjaoTLtJuRhG753hcMfdZx456RaBvMAXC6Ja1,QmeLh26UZCQhDrN3iaC7efbrCxCBM9FHVUVnGSejnZ3CsY
53,57129125216325247059066131395135709425197979245094347477997960213448800830512,QmVREJFgdP3oFCJbgrkuP2UAnsW8RayQuxVqifbEGUHZU7,QmRCamft7z1gc5xDTx3exu7ZgKhCC7TZQSHQuymYAYdsWS
54,57129125216325247059066131395135709425197979245094347477997960213448800830513,QmcmDkn1BFEUr8cjLHZrmS9sLHVvY6snE9GEtGD2F19P2i,QmZbaF5kwB5CatsyMueBxNhKcQiR3uWS7W887d3kkHhHkp
55,57129125216325247059066131395135709425197979245094347477997960213448800830514,QmQz2kfBiynhLHpuB7KvA6u2QdVbx2SZ7by9gVhi1DxYPj,QmcjhkK7rpkwzHDuxjg4yZCS1WnSTwGuf2iez2w54fCrfg
56,57129125216325247059066131395135709425197979245094347477997960213448800830515,Qma5UyjDucvA9CP15mafSLhfKnN8MTRfjYs1ChxucNLT25,QmdN6jtK2fGswhLHdvG15NZBnBxxyCGcn1yEX7NRaSD5Dm
57,57129125216325247059066131395135709425197979245094347477997960213448800830516,QmVd28TuQP2MCRTHKhBvp1WAju4bmHJRX4zUzhjTHvB3NF,QmQ9zALsHZS9o35fLsTQ7wg8TS89gyci6j4BiiFW98gQ67
58,57129125216325247059066131395135709425197979245094347477997960213448800830517,QmYC8xBzL1HuUaoLG82qWjT36f36SeFhAqcFahhP36X2kW,QmY8CsJ5gQ4kqXhwD4N8Nvgzu3Z2cuLZDUeiaQAsJcqGFf
59,57129125216325247059066131395135709425197979245094347477997960213448800830518,QmXy29PfWzNiF55Vas51jqSgumHFagvw6gkW2p3k15mYuW,QmSpuvBK6LQnKRaHUQbAgLe6gyM6fWvugPALVXcpxWnGrW
60,57129125216325247059066131395135709425197979245094347477997960213448800830519,QmRYt7pLKY85gC16dMk192iS9wCNUfrYXT9nbiWLw2iGsX,QmXjL4iBXz1DVQQ92N39uGPEcv78etwFCiiU3KFVbJGeXH
61,57129125216325247059066131395135709425197979245094347477997960213448800830520,QmQ2i79H33fFnyQVGHXuohS5RRkqnAjtMN4dLhpThQT7q5,QmNUv56BEjeE3rgeSGBjbMERN23ZvmBWzA5TEh3mGProgz
62,57129125216325247059066131395135709425197979245094347477997960213448800830521,QmPkWspbSJ7P8vqjP7EFVkLmjtNf7b5hJNn234Q5M5tsvR,QmXUScdWDHo9zHhHTpyCx2auqFPeD2ZwybqBQTt1dZRE32
63,57129125216325247059066131395135709425197979245094347477997960213448800830522,Qmcj1cp3pnG4ju2adVxzYwz4iJZhsLJBW25MRVszhZfgfG,QmQjDXRTvpuPE74r3vbABSY3Khg3Mg73XSZSxnXkaJqqhg
64,57129125216325247059066131395135709425197979245094347477997960213448800830523,QmUzoFoKqZVGiF3GpC2ZvPHq2zW5zk4sBsoxKcPcuFihWy,QmenuLNZB8o7wbABcR3hvndC92rT5ktVqypUAWdxAfMRjE
65,57129125216325247059066131395135709425197979245094347477997960213448800830524,QmPeE4dK7hNfHzVCXd3Z1UwVokacEAzZjUjrNzXHsSTkA6,QmSXoGtD2QptS1ufABF8mBjUNm4xzwwkEdNFoqA9E8Trke
66,57129125216325247059066131395135709425197979245094347477997960213448800830525,QmQdniHxWQnGpWbsSvPGm4Ds3a3Xc6imaFNCURTQqzWevj,QmUGYtbQViWtd3aGw6qmCxachC3vhFtNtuxy35uJZ8BcHh
67,57129125216325247059066131395135709425197979245094347477997960213448800830526,QmZdpjBsLE85kgjNwjdC9ZBtnbSb82TvmAxFd5gworyZ9m,QmZ2MKFmt2P5r2B6wyaTJk8ULqkmVM5v6wY9meQ5kYDkju
68,57129125216325247059066131395135709425197979245094347477997960213448800830527,QmbbkMBvaB9AkqH8U8zHRqAyPZxJLya4ahY64A32mdg8hu,QmcS4arJtL5MdYHCZb3zNs4wZzHdipAmenzTGXANLGHC2N
69,57129125216325247059066131395135709425197979245094347477997960213448800830528,QmRvh2TJTmxVdhK96Dq3NM5awanje28JdYfQoXUShUyASL,QmPiSLJhPEWeicNj2REJzm79QaYm8ARdSEvJAimMgmP8wq
70,57129125216325247059066131395135709425197979245094347477997960213448800830529,QmPz7eqX8woAx2T45bRd233Nf7XAFVq2oy2TQbKLhbTHFe,QmSnUrjsKQUUjkiDj7vDtysE4eh8thbZPZEABeLFo6WG7T
71,57129125216325247059066131395135709425197979245094347477997960213448800830530,QmXuZQUb1eN7muAwVC2SdRLaK5eYbwacQ8ym7XXkWLqZjz,QmQwCG8DAh49ynPNc9NfF7nhz5PzwTwkLfS2nQewYaBZTc
72,57129125216325247059066131395135709425197979245094347477997960213448800830531,QmTQSnBMfDBBSb66t36P2GZywBJvaGnrp9JE5UjJM4Aj26,QmXZm2cz7cZFZH42dFzyxtWCna5rj2EZq5KYuJEFDgoHHJ
73,57129125216325247059066131395135709425197979245094347477997960213448800830532,QmRyewHoFXUrkpsrKszgK9sUjQHxZg7o75W7UWogTeLLL1,QmR8JyWCmHLT86uhUDafwgdWuA7tjniNAnZqna1ULPZ8qd
74,57129125216325247059066131395135709425197979245094347477997960213448800830533,QmRoZG1bSGfLC8s6Tv1B7kWbo2ZiJnqMrKoDg95qAz2Vad,QmNVE7vsCrLSX5eBkz8DeW38S2kbe5wQrcBZW6AHcyBNRq
75,57129125216325247059066131395135709425197979245094347477997960213448800830534,QmZ2tHTFL7RGwx8ZQcRfHaAUJ7UcurT5bdQYDJiQ7bv5p3,QmPD4ydw5p6w9PhQWuXxQXqvr5nnYjauB2Kp2ZfZypcvWR
76,57129125216325247059066131395135709425197979245094347477997960213448800830535,QmaBkvNeU9hbvTf5CRXGKDqRB2PVpPqUmGrzt3Jmf8F3Ji,QmZi8wruHDLUCXUQvhuLsS6L9NAnC52Yv1iGZWcYS14ogF
77,57129125216325247059066131395135709425197979245094347477997960213448800830536,QmQdxBKBH5iyhht4EJ95piqMtEswRJmzCUB4bdPeLgpsyR,QmbrJc3G1daBtjRbaeLEYTryQMocw1JrzLgP1znZHquMuf
78,57129125216325247059066131395135709425197979245094347477997960213448800830537,QmNP6bRNw41wRAPYRcHN9EB6nyFsar3dK9BdEPKSLgndyx,QmY3zEhQ2akj597UAzCoov45wWd6cEjifqigZiVnmBLPmT
79,57129125216325247059066131395135709425197979245094347477997960213448800830538,QmcD9tvMhyU2ieSBLhLWuEY5iyCT5gcPt9Wqyhv9ykSCNX,QmZLHatfqPfbgURs6jQbpqybFgMdr4HZQtZmZgvyyC7FZd
80,57129125216325247059066131395135709425197979245094347477997960213448800830539,QmejgqJ3mG7zH8iK4grKY4cUHicGes5RNjs4u2hMoTJBAB,QmNoUxhsehWEukCqLtqWSWvruwpJidpoiYFeGPRKLeLVDF
81,57129125216325247059066131395135709425197979245094347477997960213448800830540,QmbHfFePhhnG2HvxkqLMciQr4dY8D6wuHB8NqP4Jt6g28C,QmaBf5xqHA86eCxE41mHQ9h1scZBz5piB1nt7V6jGFuzR5
82,57129125216325247059066131395135709425197979245094347477997960213448800830541,QmeWeqkndHJtQS82J83iLrpJ58zrUDFmrv5KzAZZaPrHzR,QmdL9sfRdww9oUWLRDv7WJd7cAFpH46iHpQ3Ce6ei8Hw4F
83,57129125216325247059066131395135709425197979245094347477997960213448800830542,QmbqfBmPQGcucR5fpb56z8G2i8QFpTwKBGfh6Wv7KrNUNh,QmUaiuUTrDbjdRp8TqXWEJtMPmc9MJrzfVwANBjD3ypAAs
84,57129125216325247059066131395135709425197979245094347477997960213448800830543,Qme6N1HCzG5LonPopXSsa1n8LTKz3AmNeZEH2daftuyGsN,QmUwgJjLRWQsYTjHz7qdQbk4xibQL9uKmjKqdFNcq1yVHj
85,57129125216325247059066131395135709425197979245094347477997960213448800830544,QmVjyYJ3H9vskE5AqGBtirY7S2B3M5xRZZtNbQgt19Mc9N,QmSVZwMRR7QmmjKLAPTggVdPErHiMgoBUgXMrD4fZxooKd
86,57129125216325247059066131395135709425197979245094347477997960213448800830545,QmY2VqUGDuGCcjDijniZ4hgZtWmHuvnQkWnYijC6uzAToY,QmQnthEpqwr2nzP6fSmz8i4K5tLQ6T4NJhjbJMpufeJVHV
87,57129125216325247059066131395135709425197979245094347477997960213448800830546,QmUdm979PKJcPsZAEmqTBvRoMVK9E6qftCa1Sj21BXUmWk,QmNcFNGcruBGGRcHwLzyuJSo6Uxqu19m1nTr1BN7mjkekR
88,57129125216325247059066131395135709425197979245094347477997960213448800830547,QmQXJYDxACy77xTuQ4Z8VdrnnYnsfebGNHHJRvATy1U52Y,QmfFt95eeMcuEMitkqm7zDHs28oM8Tx8ML9HDyehJbjHbK
89,57129125216325247059066131395135709425197979245094347477997960213448800830548,QmSNT1kKLdVdPNgpsTQHJBbaZ113tK1G9wdYvjKJLqVcGx,QmXvcU5RH4uBpsCfGFwxhiNBSiGmD8nSWXVk3R2imtTS9d
90,57129125216325247059066131395135709425197979245094347477997960213448800830549,QmSWq7Trwg1aKKocdLauyD1sVECXttuwSYaRSUGdsXXspU,QmYBBZo3iUirPDrayHyevzmGzETYvUWpEjqqSCHmjrcvEQ
91,57129125216325247059066131395135709425197979245094347477997960213448800830550,QmfF6g7zRveG55PgRDLCvFCwg4GqTDPuG6pP65C6A7cJjZ,QmYzSAvj9yRfESbaWKBeGh6cM5c7QhMP6dp7iu5xC4D5U8
92,57129125216325247059066131395135709425197979245094347477997960213448800830551,QmYp551gthYRTtJU1Etx6nHiBnwzZD7H1GCBZYpoH7xuF5,QmYuTEt89RmzFJKg4weoi1tqgTW11K5Q1JZChxykGxP1uj
93,57129125216325247059066131395135709425197979245094347477997960213448800830552,Qmdn56kNAv6m5Hu6EBes1VkrHbv2wRSRE9RaNjsf17vHKE,QmXuBUTaW22n559RWkh6zABCa3Fjb4rJ4qbiCeVEofH8Px
94,57129125216325247059066131395135709425197979245094347477997960213448800830553,QmTdSRdxCr62C3YaM6Q5uY2AmkLzVDa6pyJGzkX428Pn3w,QmfTv9KqNJ9EBx3LBP4neaVkHAvGZ5bf1CBLPWYtEXPq6T
95,57129125216325247059066131395135709425197979245094347477997960213448800830554,QmZySg6aEjjFaSuvkyJByVwVPbiwgopVuwdvySuczupNRR,Qmc5JukuTbH6pwEgn3S38anuAY38k85vExcfyV1ZpbBdyu
96,57129125216325247059066131395135709425197979245094347477997960213448800830555,QmU1budUmcqS8Zr6f3FnQGxPzRCWMKiaSVsibWt4Yu2Lmo,QmbEQNjJQg39cfM84dNgPuPFz84QNJHofS9pDbWkE9bEPq
97,57129125216325247059066131395135709425197979245094347477997960213448800830556,Qmd32g9BhVzJjfM6v4J4SQaynRBLgJtVPFQZHSHu8tDpXp,QmPUdT2HHtVk56QCaUU42jWLMg9cN7Vj4aAFSYA3i9ytcS
98,57129125216325247059066131395135709425197979245094347477997960213448800830557,QmUF3ndLRyz9L8QuCiLr2w7fsCSFNx8Y7E1nE6bSQ1Js2o,QmQegpnCnra6Sb51WBHb5KtVixQUqpcaJtPpaXDtCeaDom
99,57129125216325247059066131395135709425197979245094347477997960213448800830558,QmTj1FpmXgcXiQXiKSjmgWziQH2hPnLpgiNQHeFeFyQwT3,QmTKMqLKJ3atGpccJ9qXvjum8B4JJArzCsggapHzWyhwgc
100,57129125216325247059066131395135709425197979245094347477997960213448800830559,QmTtEeQU7LAruCDhp1YWaTfmviDizsQpotZTgsP2u7kkjs,QmNzLnPs9xgwaPyhcpfpAnq8uB2umjna7RCdotjYocp2cw
101,57129125216325247059066131395135709425197979245094347477997960213448800830560,QmYFEL3icryb9Tn1ivByARYbt472qJ2t6SJbpuYPHY34fJ,QmSFkkSKr5M1ndAMK8nNTVEGWXMnT1ckDab4LiN5xHn2HS
102,57129125216325247059066131395135709425197979245094347477997960213448800830561,QmUVEHQJr9ECaSaSym5y6xQAbFkd888XKs4JddxBa4f7tX,QmcsdPFXsRCo9bUmuDtUb32XFgobBaHhakizBZkpP5C4in
103,57129125216325247059066131395135709425197979245094347477997960213448800830562,QmPi1Xe4drrBta6Hzx7CU9osfED395r6xEkhC9EXSEWLFE,QmRXNHL1qa3trVyosbA2wn8i9Z6V9K6W5RSJ2UwMzXGQcb
104,57129125216325247059066131395135709425197979245094347477997960213448800830563,QmdkeN7jtCKVwmnKSErjCfai96auEAoBEBTMpTJ8M9yGpw,QmUXRtNh2HZajfe6hyJ9VtwHNmC5KC64KyDgALUqg17RJJ
105,57129125216325247059066131395135709425197979245094347477997960213448800830564,QmTMu8NeDSSwtfwjKqjV27eZfuRBdmJNTdBQkzEDjqehqX,QmZFs7osrd6JuJLwd2DGePzmH3VpUDVazQkjDesWgaEndE
106,57129125216325247059066131395135709425197979245094347477997960213448800830565,QmRGt1d5HA4ct3wvGNAsBCqKg3t3XpGx8KhkajNJcGetNt,QmXNwGQsn6kG8HhEL3sQdX1Aj39nG68uB2EvzH7CBHo9jc
107,57129125216325247059066131395135709425197979245094347477997960213448800830566,QmVxdgcvuUBcN9XrQB38GffUcnLSMZpSUSUAx7n6YAGSVF,QmWmEECfY3BinEzSHvKx7Wp6fEMqHT7XA13MHUxXp6jFgn
108,57129125216325247059066131395135709425197979245094347477997960213448800830567,QmNytyRmKiwL27Y3kL61KTsHeBqfcz617kL9Pvrip2SFzz,QmRR7RiwhE3DLdARToCDcmgF9h62NUZ7qDL2Qv5ZJygiZg
109,57129125216325247059066131395135709425197979245094347477997960213448800830568,QmcycsXgwPZK87C358tqwpNgg8wc7bGUbUV1A5WBKGv3nT,QmUZvJa8bs8hBa2VHHyC1cmpUB4FBib9wv7TTtfNoqGbEP
110,57129125216325247059066131395135709425197979245094347477997960213448800830569,QmNYsFxLvmScoh4wsmGx3cHSNPPRNSkMCQQingqm27zqXR,QmQVtkyMcQHkajt2ndCw9mpF75xXu3WL4EnZxQCSnLACNu
111,57129125216325247059066131395135709425197979245094347477997960213448800830570,QmfHfBH7fD9hpbQjTwbsHRndex5c7BzBWvuWPZWzXb8Uuy,QmYx8s38cZhddh2FZnBQhEYHTfnWdc6YJXbK2yMWYAro1r
112,57129125216325247059066131395135709425197979245094347477997960213448800830571,QmSNDyo7ZXCus4tenFJpL6hZMgfKQ4ZETmWRhxBB7HCzRi,QmTPEpTdedyVBreZo4AsJdWvVeX5x1yJsrbJVMGuFZPqAR
113,57129125216325247059066131395135709425197979245094347477997960213448800830572,QmXRgbjsBzYY3cw15waQLeoqYbMJDgpCaPoeR8Pet43rTH,QmR62JpLZL8d7kCnKc7Wo7tevBAQAzRqwogySkRuZLa5oQ
114,57129125216325247059066131395135709425197979245094347477997960213448800830573,QmXGzeXko8dFbpZWHXmEFRRPMWwtiU47Gdz2PmRFefkHfF,QmQdiU8LtfBYCHKF1DMk5Djs5SWWfnucHkn4YsqHWan4o9
115,57129125216325247059066131395135709425197979245094347477997960213448800830574,Qma3J9j5XjGk5tkjvAezPmu1crdtQxXvmKXMToK5jjD4Qs,QmUaCKeagCmo1VeE3UzNhs614iM1D2DJkLDgzW1ygpSpY3
116,57129125216325247059066131395135709425197979245094347477997960213448800830575,QmRKf9xwEDyfNCocpfpQAXgERjzwUpNyq36QNrjhQTuUuD,QmWxL2enVzvNX5zznmzZUuCxoXtUcDUoZcPpU4FLh5cEeu
117,57129125216325247059066131395135709425197979245094347477997960213448800830576,Qma8hYoMoQAbQqgLJFfDwqT8p6V31kbhkJQo3hxwNAfns6,QmNdX5mdQJAohoiT7AHhwSYq5Stv1qiZW4DzgmjXSQY3Bv
118,57129125216325247059066131395135709425197979245094347477997960213448800830577,QmZrrUTqSMht9RU3Uo5Es5FLrMdzMD3bevp2xcPnQVLWSK,QmRCUbSyy6jmgZbrK7Vuo6kVETtz4LNGjMAQPtDC6iffgn
119,57129125216325247059066131395135709425197979245094347477997960213448800830578,QmXZXQ6ZvWrwgpAgZKGi56v6hSVCektJJWgMuh6gZXsuM3,Qmet6usuao8sf6WnPtKY33TfT6MQgZMapuD5tgMJQAkSmS
120,57129125216325247059066131395135709425197979245094347477997960213448800830579,QmdkXoQWZcFTtixkSw2gM2qV2KAqDvRXYkFXiBjTep13hb,QmSoYDzTTZQ6NXBmMjGUnMbUnQqdCs6AEub7vWXWvwCzZw
121,57129125216325247059066131395135709425197979245094347477997960213448800830580,QmXZKAmZtRZX9F6jjTZch5C8gVSCu6JYXv46eY5ygLwEYD,QmRM14mwVUgAs4Y9BpmVQKcss2f4RJ2niY9vvbYZ1bU7Jb
122,57129125216325247059066131395135709425197979245094347477997960213448800830581,QmbRCpe3WNDh8k3HjQfaFg8d7yDG9zjKmhqk6r7RorRfG6,QmS145Zn3LP34ZenTP7br1STLrWesr9W9gNxxK8Zv5ssiz
123,57129125216325247059066131395135709425197979245094347477997960213448800830582,QmdfFwz7SGQk2ySs5K29KvTqgzreSit3TTxLMfNfH3Stw7,QmTCQ8bREicYXCmCPY9KHvvqze6X6dsvB2NK4r1qcrqmnc
124,57129125216325247059066131395135709425197979245094347477997960213448800830583,QmYCBuCzVZgND1ivDwY4izVfWqZah7beq6xnJFF3Q6xzeg,QmNhTCbeFYPZnGyb6WqasaszqKEWmUBGE5KeRHZeQvds2Y
125,57129125216325247059066131395135709425197979245094347477997960213448800830584,QmaQtKrDyvugb92RwFKqAVW1DwJCaCRTRn2B67o21gf3Sw,QmU6RfFRgDVqBU3HJwt6BmUeucLXyBwNYYWJ4NvVsWLjXt
126,57129125216325247059066131395135709425197979245094347477997960213448800830585,Qmbb5mzap6GXU1xH3YcJhv4Tp8UNsdvTFHcx3i6wGdQcPV,QmfR6RyYWuHRaA2cUU4wFkwSNagJywiS58ykog332Wsr8K
127,57129125216325247059066131395135709425197979245094347477997960213448800830586,Qmek2tCqpd6u6CpnbFmWr58N7o35wUdDZmMBMT1xYJx63A,QmbVqJMu2nWXj3n9eJwTgEgppNGFnk2mcvAqvPnQyQM7Ba
128,57129125216325247059066131395135709425197979245094347477997960213448800830587,QmWstC8erRZB4uick64B4kfwzE2EXtP3vqQUVxPscVq2jJ,QmRES2gfjVoGyAnPBciRvMu1ewC29ntb42tmw9GA3zkmEA
129,57129125216325247059066131395135709425197979245094347477997960213448800830588,QmT5QdKAyyYfFRbJt54Ln9dxJae41YxZp2CpA9qtjypBi7,QmeB5MinMY5qQy4WcRKBNAS19r897xsCeD5pqbs9VY5iZa
130,57129125216325247059066131395135709425197979245094347477997960213448800830589,QmP3TNUxEvw6fzGkT8eMRCzgRhv7se2euC9gdDSB7yB33B,QmWRAoksbASt7heUa9YAMQbQQAipQE1QRBryqMBe1vMUJk
131,57129125216325247059066131395135709425197979245094347477997960213448800830590,QmZGkTL2aoicusQXr1onNzM49x92WixNyRmx8TvMkwBGTG,QmcjVqnTp2ANrwrLCf6y9hjyLguzyTKRkCyJUej1rfDrFt
132,57129125216325247059066131395135709425197979245094347477997960213448800830591,QmZbsgkvtHuKzUgj6pTyDtxA9CYujnaPCAGipUD6wfABjt,QmPkvGy628dhunfEmvjCSJt6VEE3X86uRiwgzcEHG19zaa
133,57129125216325247059066131395135709425197979245094347477997960213448800830592,QmVVubT2Be6PhJLZxE34datau2my49PrKtNom3oq2NN2xY,QmVaRAb4dhM5WqN9RqVx28wRwQwvm6XwADsutaDrVDPxME
134,57129125216325247059066131395135709425197979245094347477997960213448800830593,QmZBmW4texbD5mf3kTsp3J44bhc8p2jyhuHPwrdZJn8NBA,Qmb93vvkYMouFr5JfisXG3nvbPzsW3ua4Rba9Hc3x2YVEj
135,57129125216325247059066131395135709425197979245094347477997960213448800830594,QmYSzKTPh3TYBjhTy54eVJ7yecPbGXofzCkMBK72mAE6eq,QmPJSTP8jE5Qz1mzFdVC4KxG1C2eW96JNgTKM1kb8shfoE
136,57129125216325247059066131395135709425197979245094347477997960213448800830595,QmRyXFUwJPQtuRBXa73C4qbb2Q7BivVukGgdQeVSzvrwJ8,QmfKqVJrAsF6VpkqCmJzkD7FQvS4TeXcBKhVAwrJUTqLpQ
137,57129125216325247059066131395135709425197979245094347477997960213448800830596,QmWB5drTxUwatjzQrk3RgFHABjfKrwgVecghCmuBybqsEZ,QmXxPdHeqSwbmpKmoVokQyGqHx5hNWe1SHVjxfK3SUT8Ay
138,57129125216325247059066131395135709425197979245094347477997960213448800830597,QmZuimnfe6mKAy3Zby17F89h54g8U2M39RdawTTZecByT5,QmadpGYi4CvYKvaEHrGu9o4syRW7JmQjNtp1acxAmgp9GZ
139,57129125216325247059066131395135709425197979245094347477997960213448800830598,Qmf4dhin5rMso1gfA9poHnmcLdkeCBTgz3h8Noi7SPnJJ2,QmaXH6osCSvWLKSSjMd89WMU8ik9f1YgEgbqcsNTCauBAn
140,57129125216325247059066131395135709425197979245094347477997960213448800830599,QmXRrdc1p4QHDXQSB2ewjzYXUsLMFv5QCRCtaJUVSkfc2s,QmVJcfgGSTmUcUxHr8jrZNLJW3WCaNtmsUBNzVn5otd5tg
141,57129125216325247059066131395135709425197979245094347477997960213448800830600,QmWcGGMPH8cC69ZJREUJURXAUQQDhaGb1Tpi3PSroyFo3g,QmS6w5j6DbPPW7TTuEN2ff3oNtovdwrzKvg36JvuXNHhab
142,57129125216325247059066131395135709425197979245094347477997960213448800830601,QmVe8RUvMb7Ex1i8uuBYFEBzXuMYzjnQ5rJfVvY6UHR4Qk,QmSxvLJMEhu3NyPtKSXRvZuiyGCJSeyhrktvfUByZmUw7Z
143,57129125216325247059066131395135709425197979245094347477997960213448800830602,QmajW5armXk8PA2bzrCyuWhs2t76cbmPzNBroLHyPbjwL3,QmUp6Kk5U41k9p3AARHHtECYqTN9cybyY9MK2FViq7ByH3
144,57129125216325247059066131395135709425197979245094347477997960213448800830603,QmYv6B6D8YHAUWrraRvNpWspbmVovKHFo9LccPM3QpCQMQ,QmUUvs4z9aVvwcmM1nby3S76mzuQYjfFNJkPk5UmeKtJHj
145,57129125216325247059066131395135709425197979245094347477997960213448800830604,QmSHCrGKriczW9evGiDrmomMVUNysExgUgz9sfnxBZ8ko4,QmRNCAtHmy5GRSqhLMiwHT2n12VuJLHwn5tMPvKfN6R2qF
146,57129125216325247059066131395135709425197979245094347477997960213448800830605,QmbMnkDMrgeowfCh8QKoirWSX87G5MDS1ZS4BkpXsMRm9w,Qmdm7vqjJQeMHsPyC7BmLy1w4hEpuhkN1PEL4yUguWCDYL
147,57129125216325247059066131395135709425197979245094347477997960213448800830606,QmekpKN13noAVhmsoBhG7dbevjDec4VHFSp4hrip5hxHTV,QmX648pZMK6oARydTLDDJTZdNDBsXguP7GoE2CEup794hQ
148,57129125216325247059066131395135709425197979245094347477997960213448800830607,QmfNp5u4m7HV4wkZqmuFpjoa5xR5naBuUjPThidcScZVW5,QmcYm1v6cAiUtzrKZ7FAaNKjrTg4YhZLzRybd2QdnF8XsE
149,57129125216325247059066131395135709425197979245094347477997960213448800830608,QmaLySovSjymMxpak7brwJZMnpZmnp2Ye5JUTk4Exg8utv,Qmf7gkFpKwYYiuqSEMWPLXXoxfVsWgyncUdxNiwAtETMtA
150,57129125216325247059066131395135709425197979245094347477997960213448800830609,QmW7iV4ZEJWyg7hrDygvsotZ6xL1brD2U5RiTkDBgBh26f,QmbRsuWQgomoP7We7zLEefD4qY5AAWaHBhm2jHWtrcTmk4
151,57129125216325247059066131395135709425197979245094347477997960213448800830610,QmXkzdMdzUAGMMJcjqbyUWPJm2DuDPaTiEzYFzaSr9cmNg,QmWBfGiD2sBHpuvHULJh8tJcthj1xNieFbBpJ5KUpuVJEZ
152,57129125216325247059066131395135709425197979245094347477997960213448800830611,QmcYARtresHRgmvfbX9qMjPzBiF5vjkvtoxRzHf2ndGh5r,QmR6uZGUtMX6mNfSdtqnydGL17tsfPo39phvEiHBvkThp3
153,57129125216325247059066131395135709425197979245094347477997960213448800830612,QmasgSJ8DK7e5vLfFj4nGYSLbPuhQPHxfwq6NozVwKDsRJ,QmV7RroYbVeLUPfpABCEige1PQPpxBxtgiyb6aHVYMeHsX
154,57129125216325247059066131395135709425197979245094347477997960213448800830613,QmNz4wqhWJmBsWcT4wdamWijGEVrXsAiYkLxywwHFz49z6,QmUB867yivgeApXLahfhU7t7RsQvZ2Bk7BM8ZyTnsdWqSh
155,57129125216325247059066131395135709425197979245094347477997960213448800830614,QmXTca5TS1JFCU7uSksJ8Yw9FpFaaewv2BLc5DHRhyS9FL,QmQUG4osKPNoKUqATTpSeWhaHnQpfhHgeHW2GKYdELZNHW
0,62186715774995435029814843775832455593531258371274455388532309026170987997016,QmUG6WnPCcF84n8FEzxER3dSGvf9Uv6GgxRKavT9a1zto1,QmSvUU6Dao7Z3BdPQig6YuSLs7hnc8SeeYhp8qYkwqN6MT
1,62186715774995435029814843775832455593531258371274455388532309026170987997017,QmeLZCxqXucExc9hViigSn4cycZ9keTGWo1E1oxUjgwSt4,QmR11UParJnxEtXQJ8a92DkS3ADk5GCyN7L7hwGoECPnEM
2,62186715774995435029814843775832455593531258371274455388532309026170987997018,QmZ4CgwdjxP9zthKM2JNuBeRLHAUGVoJheEQu3cahwq7eD,QmPY9Wj2ADqozVUK79YqHUfEEEDDBWShxi9SdthFtr7Z3d
0,89391130809448363084087070038276728334099349534674600029855304563645247032792,QmaLtrHHJPfmYDoAuKiDCWxUnkiGjDa3ayi38PdhprV8Bf,QmQhDv4Z4D7mfgQX3UbXtMPEZxhQjrWCEb1SNRCdVE6AH9
1,89391130809448363084087070038276728334099349534674600029855304563645247032793,QmSzdoDbzLdfx6gUaAK6jHbSafssJHft6WPBxTo84EL1tK,QmXaDuxvuZQKPunMc6eHPywYDpr6MNhPcj1aBy9MNbr3Rs
2,89391130809448363084087070038276728334099349534674600029855304563645247032794,QmcksL3LaGLJeRUm6vKDCFyz4Xfsec7n93TnFAbAx5nG5n,QmSWSszCnM2w25N1eLLWXW8e7VHAxA7D3LP5DxoS6NFDQ3
0,95719868769968552594329151316256029294014863017036376334895531914236467560112,QmTTwmfLU2rDPpqrwtPSDoFe1rRbvvp1eEXGYHLiD66NWV,QmTwxWuZTVK7MoZpYG1FepDRKQrUUTC65PcMUHNcyLGRBu
1,95719868769968552594329151316256029294014863017036376334895531914236467560113,QmRbs6TmtNVES5HJmxShu6ZR4Mx7WtEBF4BaGhQQ7wsABi,QmPvPJhZTVBjrQ4N1JW9wGVZ2XFmL9nFPafkkECp7JDrif
2,95719868769968552594329151316256029294014863017036376334895531914236467560114,Qmcxgmj98Hs4deQZsyw1bCAL7bxCiM3TMDysb3s2ym48SC,QmbKDzeYyvrrGVisAnxQRGn5LBBM4bjteaUruoRCKzrVSY
3,95719868769968552594329151316256029294014863017036376334895531914236467560115,QmZLpLuoQp61DkGqaEGrAmDdFbXCy7jLdqXY6tvCQMfXYA,QmdgSmPtaDJ4EaiTKxWZ8Ln9wDXNUesHLzij4xb2AMJUBM
4,95719868769968552594329151316256029294014863017036376334895531914236467560116,QmdB6ZbPDrwVwHSF8eCptqCi1VngdVedNVkSYpdGDo51AW,QmVcBsKdpcTLwySCVAbhKnnCPA3FhvQ1T4T7qEhMz4t3Cp
5,95719868769968552594329151316256029294014863017036376334895531914236467560117,QmcvAP7XpP7gAm3ByxYdjCP2vQXdHBTqDupUEUFhdziNHS,QmRFBy68Aqtjgo5Wpbpb5cjcuCt5AVMET9L6GRMYzBJ2Yf
6,95719868769968552594329151316256029294014863017036376334895531914236467560118,QmNro5aKX1a5ZSaXWxqC1mLmXzySr7ABD8Ly5AK9hVXhjg,QmT27vS5TcSfyKZrgzoDcggCzrpsgaSyk9m5StTpkT9mtb
7,95719868769968552594329151316256029294014863017036376334895531914236467560119,QmSB8Q9SFBV4nte3Cofcfq3YsWP8jLaKdNRbLJE3YqSsqb,QmW5f4s5n6NvohcJSYRegGeRmboy8LNZRvtMGjK3CEZWf4
8,95719868769968552594329151316256029294014863017036376334895531914236467560120,QmbRueaeJLDbVWD7P3D2cSvWK25ZUHHJ7sJWrksxr9hn9C,Qma8HAf3HhNCDHqLtphfuGT1KNFDhq9Mk6EAU4skBjHKZy
9,95719868769968552594329151316256029294014863017036376334895531914236467560121,QmPos8iFPQMn2QcesDDXNKNH4eboXPnrZMPK61VQnvEQRg,QmQ35Q4Dq1xMB7EX9XyBYNyK5JPSE6HhwLRMV55zt6nB7d
10,95719868769968552594329151316256029294014863017036376334895531914236467560122,Qmeam6ng5W3Gn5SPCDmm4KFeWcFTtnXvs3ZLPw9Sacq4db,QmRKaSnoKCD6cz2LsU71yJkUXvJTAnx4F1MudA9CphurSU
11,95719868769968552594329151316256029294014863017036376334895531914236467560123,QmTEtbzqBgnX2cqtZ3BQEZS5qMAVraY9KRRBsH8USheeTc,QmZPQBStH3DpQJbVJ8wMmTdhGdhbvisB7N5w6vzFSLCZTx
0,100892839160060167571202380200459532184539179465012354262131066914373071764417,QmbnJCb4jwmM7S6EdzApxAXqTcYVL398ZagB2zSQsXnrQs,QmcdUobSioeJPcyxeCM7QXRNMkErsanDpMrF8ywQtkXjF8
1,100892839160060167571202380200459532184539179465012354262131066914373071764418,QmVa23fdwFqnr1ve22S7PbT1MnW36CTDYtv551JzGiBKt3,QmQmXP4FQzPYYkdZbLF3GpZGHVvbR68HHTPzXATfmSLTzQ
2,100892839160060167571202380200459532184539179465012354262131066914373071764419,Qmd43DH37ZJF3YHrjorJE9gLHjaJoy6wk3phajK7imshUz,QmTimjzKfYCRzhagF7QikvMrJQmxpunfw5758hQpsnbJqz
