dir_or_file,s3_prefix,n_objects,bytes,error
https://cdn.feralfileassets.com/previews/4e7c1eba-7c17-4c38-9454-36c72ae98249/1717761156/,previews/4e7c1eba-7c17-4c38-9454-36c72ae98249/1717761156/,45303,30866406850,
https://cdn.feralfileassets.com/thumbnails/91765bc5-8815-4620-8268-80516d531dc0/1667336455,thumbnails/91765bc5-8815-4620-8268-80516d531dc0/1667336455,1,372979,
https://cdn.feralfileassets.com/previews/91765bc5-8815-4620-8268-80516d531dc0/1668956899/,previews/91765bc5-8815-4620-8268-80516d531dc0/1668956899/,49,337250822,
https://cdn.feralfileassets.com/thumbnails/fa38844a-ecc1-45be-b260-ceab60504697/1670301091,thumbnails/fa38844a-ecc1-45be-b260-ceab60504697/1670301091,1,3334,
https://cdn.feralfileassets.com/previews/fa38844a-ecc1-45be-b260-ceab60504697/1670992452/,previews/fa38844a-ecc1-45be-b260-ceab60504697/1670992452/,1005,4523637,
https://cdn.feralfileassets.com/previews/71e2bed5-e224-4ead-8fea-88a8cc067dbe/1706081014/,previews/71e2bed5-e224-4ead-8fea-88a8cc067dbe/1706081014/,12,398000,
https://cdn.feralfileassets.com/previews/f56c905f-1a43-4759-b110-a684805ac2b6/1677738427/,previews/f56c905f-1a43-4759-b110-a684805ac2b6/1677738427/,169,27909461,
https://cdn.feralfileassets.com/previews/5041f962-1cde-463a-a68b-8fc4b12acad0/1678076231/,previews/5041f962-1cde-463a-a68b-8fc4b12acad0/1678076231/,103,6527021,
https://cdn.feralfileassets.com/previews/91eda99c-03a0-4821-9726-eb9c31e12ab4/1678172231/,previews/91eda99c-03a0-4821-9726-eb9c31e12ab4/1678172231/,103,34739112,
https://cdn.feralfileassets.com/previews/fb935df6-9ee2-4f45-aa0c-c31367aa6962/1674842809/,previews/fb935df6-9ee2-4f45-aa0c-c31367aa6962/1674842809/,102,31461477,
https://cdn.feralfileassets.com/thumbnails/3a69abd1-7a86-4538-96ed-972252fc2ca0/1676248747,thumbnails/3a69abd1-7a86-4538-96ed-972252fc2ca0/1676248747,1,340138,
https://cdn.feralfileassets.com/previews/3a69abd1-7a86-4538-96ed-972252fc2ca0/1676256304/,previews/3a69abd1-7a86-4538-96ed-972252fc2ca0/1676256304/,1,231983716,
https://cdn.feralfileassets.com/thumbnails/4a747b91-c7a5-41ea-a4a3-4b958d95ab00/1675980119,thumbnails/4a747b91-c7a5-41ea-a4a3-4b958d95ab00/1675980119,1,239532,
https://cdn.feralfileassets.com/previews/4a747b91-c7a5-41ea-a4a3-4b958d95ab00/1676005874/,previews/4a747b91-c7a5-41ea-a4a3-4b958d95ab00/1676005874/,1,343722942,
https://cdn.feralfileassets.com/thumbnails/5d391c2a-8e9e-47ea-ac7d-79ff203e3095/1672891321,thumbnails/5d391c2a-8e9e-47ea-ac7d-79ff203e3095/1672891321,1,405275,
https://cdn.feralfileassets.com/previews/5d391c2a-8e9e-47ea-ac7d-79ff203e3095/1675049635/,previews/5d391c2a-8e9e-47ea-ac7d-79ff203e3095/1675049635/,20,314071358,
https://cdn.feralfileassets.com/previews/c6befe2e-1934-40ce-958c-2011e425c511/1672939318/,previews/c6befe2e-1934-40ce-958c-2011e425c511/1672939318/,1,13131415,
https://cdn.feralfileassets.com/thumbnails/3715c273-d19e-445f-ae02-61876334f1a7/1673656502,thumbnails/3715c273-d19e-445f-ae02-61876334f1a7/1673656502,1,93178,
https://cdn.feralfileassets.com/previews/3715c273-d19e-445f-ae02-61876334f1a7/1673656685/,previews/3715c273-d19e-445f-ae02-61876334f1a7/1673656685/,1,2661931,
https://cdn.feralfileassets.com/thumbnails/9798c1fd-ccf2-4e2e-be26-fe146a398c85/1672841333,thumbnails/9798c1fd-ccf2-4e2e-be26-fe146a398c85/1672841333,1,469952,
https://cdn.feralfileassets.com/previews/9798c1fd-ccf2-4e2e-be26-fe146a398c85/1672841404/,previews/9798c1fd-ccf2-4e2e-be26-fe146a398c85/1672841404/,1,50800078,
https://cdn.feralfileassets.com/thumbnails/bc82d0fb-eede-4947-aa97-fe085f46f0b4/1672665961,thumbnails/bc82d0fb-eede-4947-aa97-fe085f46f0b4/1672665961,1,178390,
https://cdn.feralfileassets.com/previews/bc82d0fb-eede-4947-aa97-fe085f46f0b4/1672665977/,previews/bc82d0fb-eede-4947-aa97-fe085f46f0b4/1672665977/,1,632525,
https://cdn.feralfileassets.com/previews/f2cabb51-5eae-48a7-ba16-fc847c23e0fe/1675931007/,previews/f2cabb51-5eae-48a7-ba16-fc847c23e0fe/1675931007/,1,9266392,
https://cdn.feralfileassets.com/thumbnails/b5621c75-70f9-430f-852e-9d8fd9318917/1672890296,thumbnails/b5621c75-70f9-430f-852e-9d8fd9318917/1672890296,1,362663,
https://cdn.feralfileassets.com/previews/b5621c75-70f9-430f-852e-9d8fd9318917/1675049149/,previews/b5621c75-70f9-430f-852e-9d8fd9318917/1675049149/,20,300500898,
https://cdn.feralfileassets.com/previews/35086e3e-d2da-44c8-9806-87543a47c1b9/1675249729/,previews/35086e3e-d2da-44c8-9806-87543a47c1b9/1675249729/,91,8100585,
https://cdn.feralfileassets.com/previews/7ad7ee07-883a-4989-a087-e3b03fd4a69d/1666536695/,previews/7ad7ee07-883a-4989-a087-e3b03fd4a69d/1666536695/,1,137507,
https://cdn.feralfileassets.com/previews/9e8992c9-91f0-48c7-a7c7-6ca7bcff9d6a/1668537579/,previews/9e8992c9-91f0-48c7-a7c7-6ca7bcff9d6a/1668537579/,212,49726026,
https://cdn.feralfileassets.com/previews/dd833c02-3847-40be-ab08-20d574aad3b9/1670991044/,previews/dd833c02-3847-40be-ab08-20d574aad3b9/1670991044/,12053,278399588,
https://cdn.feralfileassets.com/previews/82115197-d516-4bd8-8498-227aaf30eb12/1663731416/,previews/82115197-d516-4bd8-8498-227aaf30eb12/1663731416/,1,4830397,
https://cdn.feralfileassets.com/thumbnails/8dfe5559-b967-42f7-9f4a-f7cb1dae9008/1668959516,thumbnails/8dfe5559-b967-42f7-9f4a-f7cb1dae9008/1668959516,1,272365,
https://cdn.feralfileassets.com/thumbnails/a6463015-af79-43cf-ab25-84074828ac4b/1666709498,thumbnails/a6463015-af79-43cf-ab25-84074828ac4b/1666709498,1,55331,
https://cdn.feralfileassets.com/previews/a6463015-af79-43cf-ab25-84074828ac4b/1667592704/,previews/a6463015-af79-43cf-ab25-84074828ac4b/1667592704/,57,137187661,
https://cdn.feralfileassets.com/thumbnails/5d67190d-28d7-493c-85c8-563c32de44ff/1666625198,thumbnails/5d67190d-28d7-493c-85c8-563c32de44ff/1666625198,1,257034,
https://cdn.feralfileassets.com/previews/5d67190d-28d7-493c-85c8-563c32de44ff/1667592434/,previews/5d67190d-28d7-493c-85c8-563c32de44ff/1667592434/,53,129921307,
https://cdn.feralfileassets.com/thumbnails/9c797f06-41e2-4aa4-abfe-489485bea17e/1666627857,thumbnails/9c797f06-41e2-4aa4-abfe-489485bea17e/1666627857,1,231808,
https://cdn.feralfileassets.com/previews/9c797f06-41e2-4aa4-abfe-489485bea17e/1667593413/,previews/9c797f06-41e2-4aa4-abfe-489485bea17e/1667593413/,125,162390804,
https://cdn.feralfileassets.com/thumbnails/bd0c4207-f8e7-49db-919e-e2913f39d59c/1667601386,thumbnails/bd0c4207-f8e7-49db-919e-e2913f39d59c/1667601386,1,390434,
https://cdn.feralfileassets.com/previews/bd0c4207-f8e7-49db-919e-e2913f39d59c/1667599797/,previews/bd0c4207-f8e7-49db-919e-e2913f39d59c/1667599797/,57,110948365,
https://cdn.feralfileassets.com/thumbnails/f15bce66-da54-4f05-bc29-7ef15202b0c3/1666625606,thumbnails/f15bce66-da54-4f05-bc29-7ef15202b0c3/1666625606,1,228282,
https://cdn.feralfileassets.com/previews/f15bce66-da54-4f05-bc29-7ef15202b0c3/1667592496/,previews/f15bce66-da54-4f05-bc29-7ef15202b0c3/1667592496/,57,113529724,
https://cdn.feralfileassets.com/thumbnails/cc86cf63-6b79-4bba-9613-e362851cbbdc/1666623515,thumbnails/cc86cf63-6b79-4bba-9613-e362851cbbdc/1666623515,1,417592,
https://cdn.feralfileassets.com/previews/cc86cf63-6b79-4bba-9613-e362851cbbdc/1667587386/,previews/cc86cf63-6b79-4bba-9613-e362851cbbdc/1667587386/,53,107723984,
https://cdn.feralfileassets.com/thumbnails/527a291d-49f5-4ddc-81f6-0331f9e08be9/1666731421,thumbnails/527a291d-49f5-4ddc-81f6-0331f9e08be9/1666731421,1,238644,
https://cdn.feralfileassets.com/previews/527a291d-49f5-4ddc-81f6-0331f9e08be9/1667600061/,previews/527a291d-49f5-4ddc-81f6-0331f9e08be9/1667600061/,51,105493508,
https://cdn.feralfileassets.com/thumbnails/7f70faea-dc2a-4613-b758-b53b9bd6d00d/1666620445,thumbnails/7f70faea-dc2a-4613-b758-b53b9bd6d00d/1666620445,1,444361,
https://cdn.feralfileassets.com/previews/7f70faea-dc2a-4613-b758-b53b9bd6d00d/1667638386/,previews/7f70faea-dc2a-4613-b758-b53b9bd6d00d/1667638386/,55,108776123,
https://cdn.feralfileassets.com/thumbnails/d2bc4191-7730-45d8-9d1f-685d494f3e9e/1666842966,thumbnails/d2bc4191-7730-45d8-9d1f-685d494f3e9e/1666842966,1,498772,
https://cdn.feralfileassets.com/previews/d2bc4191-7730-45d8-9d1f-685d494f3e9e/1666842992/,previews/d2bc4191-7730-45d8-9d1f-685d494f3e9e/1666842992/,1,13136963,
https://cdn.feralfileassets.com/thumbnails/867218d3-8421-4e45-b6b9-eca2fef44f5d/1668730526,thumbnails/867218d3-8421-4e45-b6b9-eca2fef44f5d/1668730526,1,176103,
https://cdn.feralfileassets.com/previews/867218d3-8421-4e45-b6b9-eca2fef44f5d/1665618979/,previews/867218d3-8421-4e45-b6b9-eca2fef44f5d/1665618979/,1,508396427,
https://cdn.feralfileassets.com/previews/712ddea8-2492-4357-9f03-d1ff7e9ad4cf/1668642023/,previews/712ddea8-2492-4357-9f03-d1ff7e9ad4cf/1668642023/,66,48189149,
https://cdn.feralfileassets.com/previews/6ed56114-2768-4625-84a9-7eda5baad6b8/1673657166/,previews/6ed56114-2768-4625-84a9-7eda5baad6b8/1673657166/,7,14275407,
https://cdn.feralfileassets.com/thumbnails/f5d3ffb6-99fb-4c50-ac82-d9db3cfd3963/1666639443,thumbnails/f5d3ffb6-99fb-4c50-ac82-d9db3cfd3963/1666639443,1,472040,
https://cdn.feralfileassets.com/previews/f5d3ffb6-99fb-4c50-ac82-d9db3cfd3963/1666639970/,previews/f5d3ffb6-99fb-4c50-ac82-d9db3cfd3963/1666639970/,6,858418,
https://cdn.feralfileassets.com/thumbnails/03292b3d-769f-4235-a8ad-a3517e24f351/1668903882,thumbnails/03292b3d-769f-4235-a8ad-a3517e24f351/1668903882,1,371446,
https://cdn.feralfileassets.com/previews/03292b3d-769f-4235-a8ad-a3517e24f351/1668713860/,previews/03292b3d-769f-4235-a8ad-a3517e24f351/1668713860/,1,72147779,
https://cdn.feralfileassets.com/thumbnails/4d3d60e8-0f7b-4578-b5a7-efae617c3ce2/1664939721,thumbnails/4d3d60e8-0f7b-4578-b5a7-efae617c3ce2/1664939721,1,501920,
https://cdn.feralfileassets.com/previews/4d3d60e8-0f7b-4578-b5a7-efae617c3ce2/1667251143/,previews/4d3d60e8-0f7b-4578-b5a7-efae617c3ce2/1667251143/,1,489709944,
https://cdn.feralfileassets.com/thumbnails/5c46d607-e11d-477d-b38d-a9f5f2b7f6d9/1663400795,thumbnails/5c46d607-e11d-477d-b38d-a9f5f2b7f6d9/1663400795,1,100170,
https://cdn.feralfileassets.com/previews/5c46d607-e11d-477d-b38d-a9f5f2b7f6d9/1663401360/,previews/5c46d607-e11d-477d-b38d-a9f5f2b7f6d9/1663401360/,7,15325582,
https://cdn.feralfileassets.com/thumbnails/51de9ede-43ee-43a8-8af5-3771d73eacc7/1668903858,thumbnails/51de9ede-43ee-43a8-8af5-3771d73eacc7/1668903858,1,470770,
https://cdn.feralfileassets.com/previews/51de9ede-43ee-43a8-8af5-3771d73eacc7/1668713628/,previews/51de9ede-43ee-43a8-8af5-3771d73eacc7/1668713628/,1,61402316,
https://cdn.feralfileassets.com/thumbnails/b8e62a5d-cbe8-46c6-8d5c-fd66e06a0984/1668903788,thumbnails/b8e62a5d-cbe8-46c6-8d5c-fd66e06a0984/1668903788,1,366169,
https://cdn.feralfileassets.com/previews/b8e62a5d-cbe8-46c6-8d5c-fd66e06a0984/1668713694/,previews/b8e62a5d-cbe8-46c6-8d5c-fd66e06a0984/1668713694/,1,63109073,
https://cdn.feralfileassets.com/thumbnails/c601cac7-6a3b-410f-baa2-a86f4a6be10d/1668903870,thumbnails/c601cac7-6a3b-410f-baa2-a86f4a6be10d/1668903870,1,491382,
https://cdn.feralfileassets.com/previews/c601cac7-6a3b-410f-baa2-a86f4a6be10d/1668713764/,previews/c601cac7-6a3b-410f-baa2-a86f4a6be10d/1668713764/,1,62193963,
https://cdn.feralfileassets.com/thumbnails/e03b37b6-2d2d-41d1-ac24-673e08600ac8/1667836183,thumbnails/e03b37b6-2d2d-41d1-ac24-673e08600ac8/1667836183,1,480674,
https://cdn.feralfileassets.com/previews/e03b37b6-2d2d-41d1-ac24-673e08600ac8/1667836783/,previews/e03b37b6-2d2d-41d1-ac24-673e08600ac8/1667836783/,1,9127048,
https://cdn.feralfileassets.com/thumbnails/8323eb9a-b406-4fbc-8550-fcd12213440a/1666618556,thumbnails/8323eb9a-b406-4fbc-8550-fcd12213440a/1666618556,1,80411,
https://cdn.feralfileassets.com/previews/8323eb9a-b406-4fbc-8550-fcd12213440a/1667584931/,previews/8323eb9a-b406-4fbc-8550-fcd12213440a/1667584931/,53,83220551,
https://cdn.feralfileassets.com/thumbnails/32f1b099-448d-4e6d-8358-70a64e005903/1666619126,thumbnails/32f1b099-448d-4e6d-8358-70a64e005903/1666619126,1,440189,
https://cdn.feralfileassets.com/previews/32f1b099-448d-4e6d-8358-70a64e005903/1667585109/,previews/32f1b099-448d-4e6d-8358-70a64e005903/1667585109/,53,104987893,
https://cdn.feralfileassets.com/thumbnails/d90151ff-0159-4973-a7a6-724b04c01547/1666620306,thumbnails/d90151ff-0159-4973-a7a6-724b04c01547/1666620306,1,150362,
https://cdn.feralfileassets.com/previews/d90151ff-0159-4973-a7a6-724b04c01547/1667585771/,previews/d90151ff-0159-4973-a7a6-724b04c01547/1667585771/,53,147791865,
https://cdn.feralfileassets.com/previews/949ddc52-1007-4f79-a355-e287a7b55fc6/1670988648/,previews/949ddc52-1007-4f79-a355-e287a7b55fc6/1670988648/,3017,64241607,
https://cdn.feralfileassets.com/previews/8d857653-9b06-4789-bf98-b5646b0c3f47/1670990379/,previews/8d857653-9b06-4789-bf98-b5646b0c3f47/1670990379/,3017,71565180,
https://cdn.feralfileassets.com/previews/d9002d0a-d209-43da-b71b-f4a9c0024af5/1670989718/,previews/d9002d0a-d209-43da-b71b-f4a9c0024af5/1670989718/,3017,64372268,
https://cdn.feralfileassets.com/previews/9de55d58-68f1-455a-9a41-4296ecc56cad/1670989027/,previews/9de55d58-68f1-455a-9a41-4296ecc56cad/1670989027/,3017,57185590,
https://cdn.feralfileassets.com/thumbnails/47f31603-9721-403b-94b5-d24ab9fb8256/1672939099,thumbnails/47f31603-9721-403b-94b5-d24ab9fb8256/1672939099,1,319245,
https://cdn.feralfileassets.com/previews/47f31603-9721-403b-94b5-d24ab9fb8256/1672939106/,previews/47f31603-9721-403b-94b5-d24ab9fb8256/1672939106/,1,314420663,
https://cdn.feralfileassets.com/thumbnails/b45f236a-f29f-4e0a-94b4-e894cb7566e7/1675926380,thumbnails/b45f236a-f29f-4e0a-94b4-e894cb7566e7/1675926380,1,489448,
https://cdn.feralfileassets.com/previews/b45f236a-f29f-4e0a-94b4-e894cb7566e7/1675926395/,previews/b45f236a-f29f-4e0a-94b4-e894cb7566e7/1675926395/,1,491255578,
https://cdn.feralfileassets.com/thumbnails/af10361f-ee39-4e5b-88d0-6c43e8d9bab5/1675929051,thumbnails/af10361f-ee39-4e5b-88d0-6c43e8d9bab5/1675929051,1,355162,
https://cdn.feralfileassets.com/previews/af10361f-ee39-4e5b-88d0-6c43e8d9bab5/1675929058/,previews/af10361f-ee39-4e5b-88d0-6c43e8d9bab5/1675929058/,1,493226925,
https://cdn.feralfileassets.com/thumbnails/07f145a0-1131-4366-a422-a6e18999d054/1675930104,thumbnails/07f145a0-1131-4366-a422-a6e18999d054/1675930104,1,385898,
https://cdn.feralfileassets.com/previews/07f145a0-1131-4366-a422-a6e18999d054/1675930114/,previews/07f145a0-1131-4366-a422-a6e18999d054/1675930114/,1,463992427,
https://cdn.feralfileassets.com/thumbnails/c570b9bd-d434-4e95-8295-801cc9458b03/1675925652,thumbnails/c570b9bd-d434-4e95-8295-801cc9458b03/1675925652,1,300162,
https://cdn.feralfileassets.com/previews/c570b9bd-d434-4e95-8295-801cc9458b03/1675925666/,previews/c570b9bd-d434-4e95-8295-801cc9458b03/1675925666/,1,496030908,
https://cdn.feralfileassets.com/thumbnails/ce6dc4ca-13d5-4cda-ba15-9d3201873384/1675927158,thumbnails/ce6dc4ca-13d5-4cda-ba15-9d3201873384/1675927158,1,332873,
https://cdn.feralfileassets.com/previews/ce6dc4ca-13d5-4cda-ba15-9d3201873384/1675927167/,previews/ce6dc4ca-13d5-4cda-ba15-9d3201873384/1675927167/,1,442997222,
https://cdn.feralfileassets.com/thumbnails/866f3fab-e74a-46fe-ba92-651b95e356e9/1675928531,thumbnails/866f3fab-e74a-46fe-ba92-651b95e356e9/1675928531,1,438305,
https://cdn.feralfileassets.com/previews/866f3fab-e74a-46fe-ba92-651b95e356e9/1675928540/,previews/866f3fab-e74a-46fe-ba92-651b95e356e9/1675928540/,1,489971677,
https://cdn.feralfileassets.com/thumbnails/c281ce58-3507-4f6f-bb15-540a88ee553f/1675927583,thumbnails/c281ce58-3507-4f6f-bb15-540a88ee553f/1675927583,1,358696,
https://cdn.feralfileassets.com/previews/c281ce58-3507-4f6f-bb15-540a88ee553f/1675927590/,previews/c281ce58-3507-4f6f-bb15-540a88ee553f/1675927590/,1,489181453,
https://cdn.feralfileassets.com/thumbnails/412568f3-8e46-4058-baa8-b2d907578f0c/1675929742,thumbnails/412568f3-8e46-4058-baa8-b2d907578f0c/1675929742,1,270242,
https://cdn.feralfileassets.com/previews/412568f3-8e46-4058-baa8-b2d907578f0c/1675929748/,previews/412568f3-8e46-4058-baa8-b2d907578f0c/1675929748/,1,493273513,
https://cdn.feralfileassets.com/thumbnails/4c2da678-ac66-4b85-8fd5-75fc26ba0a5b/1670290538,thumbnails/4c2da678-ac66-4b85-8fd5-75fc26ba0a5b/1670290538,1,32755,
https://cdn.feralfileassets.com/previews/4c2da678-ac66-4b85-8fd5-75fc26ba0a5b/1670988429/,previews/4c2da678-ac66-4b85-8fd5-75fc26ba0a5b/1670988429/,1005,46241739,
https://cdn.feralfileassets.com/thumbnails/d247736f-14d8-4e9a-8408-3f2328ae4459/1670290096,thumbnails/d247736f-14d8-4e9a-8408-3f2328ae4459/1670290096,1,32073,
https://cdn.feralfileassets.com/previews/d247736f-14d8-4e9a-8408-3f2328ae4459/1670988316/,previews/d247736f-14d8-4e9a-8408-3f2328ae4459/1670988316/,1005,43673682,
https://cdn.feralfileassets.com/thumbnails/d78f0375-3173-4a51-a52e-a211b79acf88/1672841623,thumbnails/d78f0375-3173-4a51-a52e-a211b79acf88/1672841623,1,470316,
https://cdn.feralfileassets.com/previews/d78f0375-3173-4a51-a52e-a211b79acf88/1672841629/,previews/d78f0375-3173-4a51-a52e-a211b79acf88/1672841629/,1,48976476,
