token_id,edition_index,old_artifact,old_metadata_cid,file
115102002126076552507580024863960618470463757507692547587654022394981581576231,0,Qmf8bvobDWMT,QmQYfKcc8hNzuCUE2tmWWo9bChhfpkrvV45BCW86Xwb5eU,files/115102002126076552507580024863960618470463757507692547587654022394981581576231.json
115102002126076552507580024863960618470463757507692547587654022394981581576232,1,Qmf8bvobDWMT,Qmd2VhdoSrUuFLGuCi4pTcCBXhVPaQAm1Bydx2hqMTDW2Z,files/115102002126076552507580024863960618470463757507692547587654022394981581576232.json
115102002126076552507580024863960618470463757507692547587654022394981581576233,2,Qmf8bvobDWMT,QmfXTWWX5fnnQRSdj9gWFg9gZmzkhQ1P64XU5XcboYN67P,files/115102002126076552507580024863960618470463757507692547587654022394981581576233.json
115102002126076552507580024863960618470463757507692547587654022394981581576234,3,Qmf8bvobDWMT,QmP55wG3gQhjSci3HmbZRcK4unJPpPZCsJVGCF89pHeXWY,files/115102002126076552507580024863960618470463757507692547587654022394981581576234.json
115102002126076552507580024863960618470463757507692547587654022394981581576235,4,Qmf8bvobDWMT,QmW2psL9gHdbQWwALBsWVv4CcMLt9ihUwk1szNMLFrMpy3,files/115102002126076552507580024863960618470463757507692547587654022394981581576235.json
115102002126076552507580024863960618470463757507692547587654022394981581576236,5,Qmf8bvobDWMT,QmbkY9y4sQARYRn4bByNrVxoSZv3LhG9DNzuDGwW5eCh7g,files/115102002126076552507580024863960618470463757507692547587654022394981581576236.json
115102002126076552507580024863960618470463757507692547587654022394981581576237,6,Qmf8bvobDWMT,QmagMBTXCf65bn9hK2H8fyhAVS9zt1bKnYb2WVYHnDFQKU,files/115102002126076552507580024863960618470463757507692547587654022394981581576237.json
115102002126076552507580024863960618470463757507692547587654022394981581576238,7,Qmf8bvobDWMT,QmV2tWi2N87cCpbDzhvFNJ6dX1VFggepMrEzpMfDRaHwhb,files/115102002126076552507580024863960618470463757507692547587654022394981581576238.json
115102002126076552507580024863960618470463757507692547587654022394981581576239,8,Qmf8bvobDWMT,QmP6ARrvaM29mCUwyxFerMUh76i4rNCFJFRq8XdCgWYQqi,files/115102002126076552507580024863960618470463757507692547587654022394981581576239.json
115102002126076552507580024863960618470463757507692547587654022394981581576240,9,Qmf8bvobDWMT,QmRvvTeJ38HAwVmdsoMgkqH4EWVdgQ9JEWXRa1roDDhez6,files/115102002126076552507580024863960618470463757507692547587654022394981581576240.json
115102002126076552507580024863960618470463757507692547587654022394981581576241,10,Qmf8bvobDWMT,QmX1X442W3Es8F1a6jw5P87gQvYeT8sjHsXMMjiTPmBTZx,files/115102002126076552507580024863960618470463757507692547587654022394981581576241.json
115102002126076552507580024863960618470463757507692547587654022394981581576242,11,Qmf8bvobDWMT,QmX63QxKyXpxQwUmBSsC2nUz5MEukegx7abKLkFm7GoFZU,files/115102002126076552507580024863960618470463757507692547587654022394981581576242.json
115102002126076552507580024863960618470463757507692547587654022394981581576243,12,Qmf8bvobDWMT,QmW9NCjCKrgT3Fi4JpUDS9tnnfgzcgPRoJ511oq92UuADa,files/115102002126076552507580024863960618470463757507692547587654022394981581576243.json
115102002126076552507580024863960618470463757507692547587654022394981581576244,13,Qmf8bvobDWMT,QmRUByeHpJ5vtJG6E8uWWUMUPxkmV8KhPS2VygzAPscukp,files/115102002126076552507580024863960618470463757507692547587654022394981581576244.json
115102002126076552507580024863960618470463757507692547587654022394981581576245,14,Qmf8bvobDWMT,QmUxpmEqPdUYt2fg5NASLofZFVV4UdnmZkBynYAFFWqjWp,files/115102002126076552507580024863960618470463757507692547587654022394981581576245.json
115102002126076552507580024863960618470463757507692547587654022394981581576246,15,Qmf8bvobDWMT,QmTWo7pgh64B3LBLXjz7qtSQxNs39kkboe3pK2sZSL2yTY,files/115102002126076552507580024863960618470463757507692547587654022394981581576246.json
115102002126076552507580024863960618470463757507692547587654022394981581576247,16,Qmf8bvobDWMT,QmSXrRhfUnejvzmNvDd8tFJELgxxpDLqWPD5AUUzmq1beG,files/115102002126076552507580024863960618470463757507692547587654022394981581576247.json
115102002126076552507580024863960618470463757507692547587654022394981581576248,17,Qmf8bvobDWMT,QmSSYSW7hw6bkSWDYWs1HCJj8BRgu7ouvo4tmi8zCMhT23,files/115102002126076552507580024863960618470463757507692547587654022394981581576248.json
115102002126076552507580024863960618470463757507692547587654022394981581576249,18,Qmf8bvobDWMT,QmcvXYeRXaD2F2q2ZXCcFCr72sKjXLJ1HoVnoiY3YVL4Yt,files/115102002126076552507580024863960618470463757507692547587654022394981581576249.json
115102002126076552507580024863960618470463757507692547587654022394981581576250,19,Qmf8bvobDWMT,QmS6kjjexTquW5gEL3h2wRkPjRfBHKjDY3rcrqSDqbF3hb,files/115102002126076552507580024863960618470463757507692547587654022394981581576250.json
115102002126076552507580024863960618470463757507692547587654022394981581576251,20,Qmf8bvobDWMT,QmNqBivGak6ZitnPFkoeN11tefGib5WyHyoW14oHgg6a19,files/115102002126076552507580024863960618470463757507692547587654022394981581576251.json
115102002126076552507580024863960618470463757507692547587654022394981581576252,21,Qmf8bvobDWMT,QmZM2G6VRBREfqxGTgPuALMcjRwf2ASbRf6xNo1nw9nSuy,files/115102002126076552507580024863960618470463757507692547587654022394981581576252.json
115102002126076552507580024863960618470463757507692547587654022394981581576253,22,Qmf8bvobDWMT,QmYgbZbZsyBmUzHcRrWv2D8qGWPZ5GDgp2UBpGwZe9CgZt,files/115102002126076552507580024863960618470463757507692547587654022394981581576253.json
115102002126076552507580024863960618470463757507692547587654022394981581576254,23,Qmf8bvobDWMT,QmcTnjZ2aQfupDU423gjXLSjfGtx4jLiRDrzu3snaoDFyN,files/115102002126076552507580024863960618470463757507692547587654022394981581576254.json
115102002126076552507580024863960618470463757507692547587654022394981581576255,24,Qmf8bvobDWMT,QmaiqRyL4P5sV4fqbUDsTYwF42xLuAA5da8TrQesVQN6ez,files/115102002126076552507580024863960618470463757507692547587654022394981581576255.json
115102002126076552507580024863960618470463757507692547587654022394981581576256,25,Qmf8bvobDWMT,QmR5GJPeRJ385eWPsFBCmbHX9rpk3zLbGUfPz2c1B19giF,files/115102002126076552507580024863960618470463757507692547587654022394981581576256.json
115102002126076552507580024863960618470463757507692547587654022394981581576257,26,Qmf8bvobDWMT,Qmbz7LBKTtzGuNSbedVjMhAXykpGwHgx7e86cdiDGPBpEB,files/115102002126076552507580024863960618470463757507692547587654022394981581576257.json
115102002126076552507580024863960618470463757507692547587654022394981581576258,27,Qmf8bvobDWMT,QmSABJDEGrVHS64BRzBTGMRLTq8CnP2Jp9oytEeWZSoqPo,files/115102002126076552507580024863960618470463757507692547587654022394981581576258.json
115102002126076552507580024863960618470463757507692547587654022394981581576259,28,Qmf8bvobDWMT,QmNfC35tEN4WjLwFCAKhiUksxhZbAsku78EXp9cEucnyz1,files/115102002126076552507580024863960618470463757507692547587654022394981581576259.json
115102002126076552507580024863960618470463757507692547587654022394981581576260,29,Qmf8bvobDWMT,QmUfdBjXhAXZXHVezdBjsXMJgkjfL75DSTa2Vcs6XkUtAa,files/115102002126076552507580024863960618470463757507692547587654022394981581576260.json
115102002126076552507580024863960618470463757507692547587654022394981581576261,30,Qmf8bvobDWMT,QmSgee4q75TKGHcecPpbvrBsyqgbFeLPq23wDZToModkMJ,files/115102002126076552507580024863960618470463757507692547587654022394981581576261.json
115102002126076552507580024863960618470463757507692547587654022394981581576262,31,Qmf8bvobDWMT,QmfUShefA6JkP68VRNuxxdBxSUAZ4zysjdzFsdffr4BgEy,files/115102002126076552507580024863960618470463757507692547587654022394981581576262.json
115102002126076552507580024863960618470463757507692547587654022394981581576263,32,Qmf8bvobDWMT,QmcEfTRyvYFGR2WAKCeXSPjYmj45ZW7muwJVQS2JovWdZL,files/115102002126076552507580024863960618470463757507692547587654022394981581576263.json
115102002126076552507580024863960618470463757507692547587654022394981581576264,33,Qmf8bvobDWMT,QmNx1DAqYHMLERcKf4TezLWUiW58m34qXsG5s7Rq86PRS3,files/115102002126076552507580024863960618470463757507692547587654022394981581576264.json
115102002126076552507580024863960618470463757507692547587654022394981581576265,34,Qmf8bvobDWMT,QmR46aKwTDxekrv95FKFvdHogFxvyUUDiXrxzFCCw6FFKA,files/115102002126076552507580024863960618470463757507692547587654022394981581576265.json
115102002126076552507580024863960618470463757507692547587654022394981581576266,35,Qmf8bvobDWMT,QmSdcdN26DcjsLMXAzSTwzfoHAW4ZDuzK4Sqaioo9ghrM6,files/115102002126076552507580024863960618470463757507692547587654022394981581576266.json
115102002126076552507580024863960618470463757507692547587654022394981581576267,36,Qmf8bvobDWMT,QmfJVYcurzTuMZPqiQVFdijneAdFSnsQ9eSKsvUo89GfCY,files/115102002126076552507580024863960618470463757507692547587654022394981581576267.json
115102002126076552507580024863960618470463757507692547587654022394981581576268,37,Qmf8bvobDWMT,QmdMcnNzkbf5jcmnCuN5hbdyJcC3U2BFB8kBPgisccdPgG,files/115102002126076552507580024863960618470463757507692547587654022394981581576268.json
115102002126076552507580024863960618470463757507692547587654022394981581576269,38,Qmf8bvobDWMT,QmWGXSH2VXS9ouo6wrjZdBvpv7V1gQMxHaEMatpoFPbHJD,files/115102002126076552507580024863960618470463757507692547587654022394981581576269.json
115102002126076552507580024863960618470463757507692547587654022394981581576270,39,Qmf8bvobDWMT,QmYErHXS9mGYEMpTBdcDMdSrKeQ1dGnHPEq5MWFTDmA8Dr,files/115102002126076552507580024863960618470463757507692547587654022394981581576270.json
115102002126076552507580024863960618470463757507692547587654022394981581576271,40,Qmf8bvobDWMT,QmSu4NLYEmXs3LjKV7End8arRNG9mC5PyDgVSTQTHGGN3W,files/115102002126076552507580024863960618470463757507692547587654022394981581576271.json
115102002126076552507580024863960618470463757507692547587654022394981581576272,41,Qmf8bvobDWMT,QmecvBVERaRsgEiE2muocnBuE5nXduz4o2mF7Uosyjyov1,files/115102002126076552507580024863960618470463757507692547587654022394981581576272.json
115102002126076552507580024863960618470463757507692547587654022394981581576273,42,Qmf8bvobDWMT,QmQXjJZ7hjMZaWJVx1tDTTXofXdvU3h1i3tDsdiJ7ktbMi,files/115102002126076552507580024863960618470463757507692547587654022394981581576273.json
115102002126076552507580024863960618470463757507692547587654022394981581576274,43,Qmf8bvobDWMT,QmUo65BUoLjAH5MXUxMtAHBcTGM8iXynDiSg84SLAEAMoL,files/115102002126076552507580024863960618470463757507692547587654022394981581576274.json
115102002126076552507580024863960618470463757507692547587654022394981581576275,44,Qmf8bvobDWMT,QmTt2UaTnzAqF7tqBMVhmBptd8dY6bUpY7tHpRTRMh2k6V,files/115102002126076552507580024863960618470463757507692547587654022394981581576275.json
115102002126076552507580024863960618470463757507692547587654022394981581576276,45,Qmf8bvobDWMT,QmdR9nPnXZLEeFmBQJUdeXM1iobPyeLPUX6Dqou6oJeQeJ,files/115102002126076552507580024863960618470463757507692547587654022394981581576276.json
115102002126076552507580024863960618470463757507692547587654022394981581576277,46,Qmf8bvobDWMT,QmTwJceoneN5tQn4ggXondaw8Z75R4kHMhXD7op9fc5Jde,files/115102002126076552507580024863960618470463757507692547587654022394981581576277.json
115102002126076552507580024863960618470463757507692547587654022394981581576278,47,Qmf8bvobDWMT,QmcoXNmEBGWubKFyRH5zjXBcVc3u1yv8q8YXgyaJ9q6CaK,files/115102002126076552507580024863960618470463757507692547587654022394981581576278.json
115102002126076552507580024863960618470463757507692547587654022394981581576279,48,Qmf8bvobDWMT,QmQ2G8wbCqvWkvWGL28QRkujEPAoWaACRb7p6zPDTYKorf,files/115102002126076552507580024863960618470463757507692547587654022394981581576279.json
115102002126076552507580024863960618470463757507692547587654022394981581576280,49,Qmf8bvobDWMT,QmVRJ9jVDdcYH3iLkdhYJjAqXffiCNKaJUwh1SwWMXHk2J,files/115102002126076552507580024863960618470463757507692547587654022394981581576280.json
115102002126076552507580024863960618470463757507692547587654022394981581576281,50,Qmf8bvobDWMT,QmbiaQzkdPBHbtM662BH9YVoSBxcrcNokHZdFEK2kGqHNd,files/115102002126076552507580024863960618470463757507692547587654022394981581576281.json
115102002126076552507580024863960618470463757507692547587654022394981581576282,51,Qmf8bvobDWMT,QmRCq2B84eeJYW3enGQfpesgFibDqRmEgNChq8pTyLeRVs,files/115102002126076552507580024863960618470463757507692547587654022394981581576282.json
115102002126076552507580024863960618470463757507692547587654022394981581576283,52,Qmf8bvobDWMT,QmXoMCzku5pWgobXHyzn4y1YK6Us1mPiXm8qJzMstR3QSF,files/115102002126076552507580024863960618470463757507692547587654022394981581576283.json
115102002126076552507580024863960618470463757507692547587654022394981581576284,53,Qmf8bvobDWMT,QmR1WKDwukTEsNsEHhEyr47vPfWJsaUz9qYSsmbrdWqEHo,files/115102002126076552507580024863960618470463757507692547587654022394981581576284.json
115102002126076552507580024863960618470463757507692547587654022394981581576285,54,Qmf8bvobDWMT,QmZoeY3FuXAc4pWLZEnewRmGQWQg9WQjh2Y9XE5WFM61F6,files/115102002126076552507580024863960618470463757507692547587654022394981581576285.json
115102002126076552507580024863960618470463757507692547587654022394981581576286,55,Qmf8bvobDWMT,QmUEbydh7EDHP3XPqAJE7RziHNUh3LtMos2HLqfvQPony2,files/115102002126076552507580024863960618470463757507692547587654022394981581576286.json
115102002126076552507580024863960618470463757507692547587654022394981581576287,56,Qmf8bvobDWMT,QmcQeAsjRTdP931waQEtsUsLvPm6kFoevjgBTsezeYcM7s,files/115102002126076552507580024863960618470463757507692547587654022394981581576287.json
115102002126076552507580024863960618470463757507692547587654022394981581576288,57,Qmf8bvobDWMT,QmPLLJDg4xQ9PyZKubDSychPHaS1takBWMuLJ6KAeQEVrn,files/115102002126076552507580024863960618470463757507692547587654022394981581576288.json
115102002126076552507580024863960618470463757507692547587654022394981581576289,58,Qmf8bvobDWMT,QmUzcPR8uy4n9yoQnRhTMKsyF1iKbsD7pLsZcEK9DKdZpF,files/115102002126076552507580024863960618470463757507692547587654022394981581576289.json
115102002126076552507580024863960618470463757507692547587654022394981581576290,59,Qmf8bvobDWMT,QmR3xhz4KvjYsGj1NTZVnUM7o7B9JxLVes9DjVXjfmSYWS,files/115102002126076552507580024863960618470463757507692547587654022394981581576290.json
115102002126076552507580024863960618470463757507692547587654022394981581576291,60,Qmf8bvobDWMT,QmTHdYhKpS9GQQ7CSc8ZtcCaAborSAmqdeHFjndYRfNz1e,files/115102002126076552507580024863960618470463757507692547587654022394981581576291.json
115102002126076552507580024863960618470463757507692547587654022394981581576292,61,Qmf8bvobDWMT,QmNs9uRVChTTaUdHZLfgdxuhtB2c7zLMc9PprUMs92cDfk,files/115102002126076552507580024863960618470463757507692547587654022394981581576292.json
115102002126076552507580024863960618470463757507692547587654022394981581576293,62,Qmf8bvobDWMT,QmNRw7AkdGkjywca52RJaex9RNqbvxSHximLSzY9bYQ184,files/115102002126076552507580024863960618470463757507692547587654022394981581576293.json
115102002126076552507580024863960618470463757507692547587654022394981581576294,63,Qmf8bvobDWMT,QmUg8iRMFsfd3RyvprgLvzha2jzSgkPUkCrf1efeEkz2f1,files/115102002126076552507580024863960618470463757507692547587654022394981581576294.json
115102002126076552507580024863960618470463757507692547587654022394981581576295,64,Qmf8bvobDWMT,QmRJrsx1MNmhTriguRJwnaMM3LSK2c9nXNxNLW8bgQMP79,files/115102002126076552507580024863960618470463757507692547587654022394981581576295.json
115102002126076552507580024863960618470463757507692547587654022394981581576296,65,Qmf8bvobDWMT,QmUZ4z1e5DEi13my9Rt4Vd7cc7kuWKuwZ9vtjHzzYXAHgs,files/115102002126076552507580024863960618470463757507692547587654022394981581576296.json
115102002126076552507580024863960618470463757507692547587654022394981581576297,66,Qmf8bvobDWMT,QmWdioViYgv9QXAuCqmgzJRGdqihJ4Y2FusMpjy1c64eoC,files/115102002126076552507580024863960618470463757507692547587654022394981581576297.json
115102002126076552507580024863960618470463757507692547587654022394981581576298,67,Qmf8bvobDWMT,QmdVUxdteCwLD1prmZDYy9tcx8Gnwry8m85P3fEdRv11fv,files/115102002126076552507580024863960618470463757507692547587654022394981581576298.json
115102002126076552507580024863960618470463757507692547587654022394981581576299,68,Qmf8bvobDWMT,QmY7b7kjFGGfTwuha7aFiwdmVYgosVTvo6FVrxu9S1fMKx,files/115102002126076552507580024863960618470463757507692547587654022394981581576299.json
115102002126076552507580024863960618470463757507692547587654022394981581576300,69,Qmf8bvobDWMT,QmZicT1H5BeMMFNGcTTNWnv4SGfWwHTVD5RqbyRbadbJ36,files/115102002126076552507580024863960618470463757507692547587654022394981581576300.json
115102002126076552507580024863960618470463757507692547587654022394981581576301,70,Qmf8bvobDWMT,QmU6kZUQ6WpiZfYLpgtopCALNN2KiXLmsPAGnSrGRNyfMB,files/115102002126076552507580024863960618470463757507692547587654022394981581576301.json
58450016580621041141841211306253629727656585501248702727811619991962813148788,0,QmRGwoEnB4in,QmThsQYxFYFstHwqgj7w6pHkjPtcaxiVFaLi4j2yMw3JMM,files/58450016580621041141841211306253629727656585501248702727811619991962813148788.json
58450016580621041141841211306253629727656585501248702727811619991962813148789,1,QmRGwoEnB4in,QmTDnrGEv8bNawCepiet8xLmNTMNMAcrZTxa75sF8g4kH8,files/58450016580621041141841211306253629727656585501248702727811619991962813148789.json
58450016580621041141841211306253629727656585501248702727811619991962813148790,2,QmRGwoEnB4in,QmRGWSKikpM2iUhJz1MXwu65GMLNcsc7GbcfyxW2fSaqRC,files/58450016580621041141841211306253629727656585501248702727811619991962813148790.json
58450016580621041141841211306253629727656585501248702727811619991962813148791,3,QmRGwoEnB4in,QmR8KLFc46ikK9hC5qZGcoBUygUCC7FEvCPgKx7hjWiLHF,files/58450016580621041141841211306253629727656585501248702727811619991962813148791.json
58450016580621041141841211306253629727656585501248702727811619991962813148792,4,QmRGwoEnB4in,QmZFRxqB1Tc8ME8kzXJeT32Xh63DZRdbjUAPTmRumvUvsq,files/58450016580621041141841211306253629727656585501248702727811619991962813148792.json
58450016580621041141841211306253629727656585501248702727811619991962813148793,5,QmRGwoEnB4in,QmXa1LzvgPQg7nrcc91BMmMyEzvZ34Z23im4QycHpZsHAG,files/58450016580621041141841211306253629727656585501248702727811619991962813148793.json
58450016580621041141841211306253629727656585501248702727811619991962813148794,6,QmRGwoEnB4in,Qmduy2ceSouR44ozrwDt96JXQPv7kqeuiMDwecCt7hPMy9,files/58450016580621041141841211306253629727656585501248702727811619991962813148794.json
58450016580621041141841211306253629727656585501248702727811619991962813148795,7,QmRGwoEnB4in,QmagSPSeLn3wPEhHkXZZNrCNfdwvBFc4jbTxoy5HPKNsor,files/58450016580621041141841211306253629727656585501248702727811619991962813148795.json
58450016580621041141841211306253629727656585501248702727811619991962813148796,8,QmRGwoEnB4in,Qmdz3ivaRDD2Fe2d6aaSoWyfqWE4M438Wzviw3tfuXbajY,files/58450016580621041141841211306253629727656585501248702727811619991962813148796.json
58450016580621041141841211306253629727656585501248702727811619991962813148797,9,QmRGwoEnB4in,QmQcpzcRpquip77QLfZYsakANzLpdH7bxhj2Dh7LqsF2K8,files/58450016580621041141841211306253629727656585501248702727811619991962813148797.json
58450016580621041141841211306253629727656585501248702727811619991962813148798,10,QmRGwoEnB4in,QmSifiHAsRJVBbJAAsTrDiML6BxgdGFkaV7sqYTs2oHdhV,files/58450016580621041141841211306253629727656585501248702727811619991962813148798.json
58450016580621041141841211306253629727656585501248702727811619991962813148799,11,QmRGwoEnB4in,QmQJR99biD4oL3i2byU6W7o1AHgDsV1mDLZFMGBPcsKQs2,files/58450016580621041141841211306253629727656585501248702727811619991962813148799.json
58450016580621041141841211306253629727656585501248702727811619991962813148800,12,QmRGwoEnB4in,QmSbn5L38erkGVcccdB9fT2NRXUJ84fMhzf2xcvC7WjdUR,files/58450016580621041141841211306253629727656585501248702727811619991962813148800.json
58450016580621041141841211306253629727656585501248702727811619991962813148801,13,QmRGwoEnB4in,QmTUVjDsaXJt7eitKTVMBEo8VqWgVM1YNRHtbYUyE6LgF8,files/58450016580621041141841211306253629727656585501248702727811619991962813148801.json
58450016580621041141841211306253629727656585501248702727811619991962813148802,14,QmRGwoEnB4in,QmTBSZmZsvLN6jee7wrxfeme9DzBx4RmeeEybZJEavE2qW,files/58450016580621041141841211306253629727656585501248702727811619991962813148802.json
58450016580621041141841211306253629727656585501248702727811619991962813148803,15,QmRGwoEnB4in,QmYUtYZVQCXkbtSxpWRWNKxy1e6nCDLJnquN6D8fnxp9yt,files/58450016580621041141841211306253629727656585501248702727811619991962813148803.json
58450016580621041141841211306253629727656585501248702727811619991962813148804,16,QmRGwoEnB4in,QmdgRCVFTpsHArRkQ365hyDq682NxSgEtLANausNvVzLWY,files/58450016580621041141841211306253629727656585501248702727811619991962813148804.json
58450016580621041141841211306253629727656585501248702727811619991962813148805,17,QmRGwoEnB4in,Qmerxh3VRXncGfd3shmAA13A561cXXvMeEGEFfY2PH3Jq7,files/58450016580621041141841211306253629727656585501248702727811619991962813148805.json
58450016580621041141841211306253629727656585501248702727811619991962813148806,18,QmRGwoEnB4in,QmctUAycwWDk45CoWXAiKQRGzQSbogxqQVq9aey4nApj4E,files/58450016580621041141841211306253629727656585501248702727811619991962813148806.json
58450016580621041141841211306253629727656585501248702727811619991962813148807,19,QmRGwoEnB4in,QmVbA2Ye5BbKphkCuv8UifkJDU8eVC8nPLqtk8wBqykDy9,files/58450016580621041141841211306253629727656585501248702727811619991962813148807.json
58450016580621041141841211306253629727656585501248702727811619991962813148808,20,QmRGwoEnB4in,QmeFs3y4YokdKhcFF119UYRRTqVk3sMf2L1rb9rsdfnkx5,files/58450016580621041141841211306253629727656585501248702727811619991962813148808.json
58450016580621041141841211306253629727656585501248702727811619991962813148809,21,QmRGwoEnB4in,QmRxpi7ih8wDXPX2bLmrEiViFzkJ67pHiRtDa2LJv3Ppyu,files/58450016580621041141841211306253629727656585501248702727811619991962813148809.json
58450016580621041141841211306253629727656585501248702727811619991962813148810,22,QmRGwoEnB4in,QmTRkkneiJT1nzp75kssUB6nakdEcsUapBg67Cx69FNt5n,files/58450016580621041141841211306253629727656585501248702727811619991962813148810.json
58450016580621041141841211306253629727656585501248702727811619991962813148811,23,QmRGwoEnB4in,QmYWU6uusdmxwTbVDYenkdCTEwjkzUEKWRUDfqBKgQtK9u,files/58450016580621041141841211306253629727656585501248702727811619991962813148811.json
58450016580621041141841211306253629727656585501248702727811619991962813148812,24,QmRGwoEnB4in,Qmbm9xtdWfvaM813bmHsj7RVKj1N6wh6iWZnpL8pGJJjS1,files/58450016580621041141841211306253629727656585501248702727811619991962813148812.json
58450016580621041141841211306253629727656585501248702727811619991962813148813,25,QmRGwoEnB4in,QmWvdU9uCpMGBPQoVNzjwLqxUnUKvP5rR3KdRGoAx75zgF,files/58450016580621041141841211306253629727656585501248702727811619991962813148813.json
58450016580621041141841211306253629727656585501248702727811619991962813148814,26,QmRGwoEnB4in,QmXyd3AQKp3PyohSwyZdWmNQUa9N13ety1rUpiNx8jraGZ,files/58450016580621041141841211306253629727656585501248702727811619991962813148814.json
58450016580621041141841211306253629727656585501248702727811619991962813148815,27,QmRGwoEnB4in,QmR4eKHD8Ytaw5BUsPeNBisDedayotALH4WoPUwqbsjaMs,files/58450016580621041141841211306253629727656585501248702727811619991962813148815.json
58450016580621041141841211306253629727656585501248702727811619991962813148816,28,QmRGwoEnB4in,Qmas4XiJFbNbCPjBJN193KHvtEXWqVAUpzVwkeUZcoqpAJ,files/58450016580621041141841211306253629727656585501248702727811619991962813148816.json
58450016580621041141841211306253629727656585501248702727811619991962813148817,29,QmRGwoEnB4in,QmegvvQRBBZwSFw81JbPCuW9dPQeumYkKib6HbCh7iRiMh,files/58450016580621041141841211306253629727656585501248702727811619991962813148817.json
58450016580621041141841211306253629727656585501248702727811619991962813148818,30,QmRGwoEnB4in,QmU3EU8y2L8hnVv3MjRyTFx8JwFbFintYSsGcRGawu1aNn,files/58450016580621041141841211306253629727656585501248702727811619991962813148818.json
58450016580621041141841211306253629727656585501248702727811619991962813148819,31,QmRGwoEnB4in,QmbhMvfAU4CEPjH4cP4foWTChP3LkM53r3FDDRx5NiKWo4,files/58450016580621041141841211306253629727656585501248702727811619991962813148819.json
58450016580621041141841211306253629727656585501248702727811619991962813148820,32,QmRGwoEnB4in,QmTEoPrbXFzk8uyqgRDqob8enEDKUpDiJ8PY7apo4PhVhh,files/58450016580621041141841211306253629727656585501248702727811619991962813148820.json
58450016580621041141841211306253629727656585501248702727811619991962813148821,33,QmRGwoEnB4in,QmaAcDecf6jL5gkPZdehi9ZwMspuuQMrUdLVa9FM4ssAQZ,files/58450016580621041141841211306253629727656585501248702727811619991962813148821.json
58450016580621041141841211306253629727656585501248702727811619991962813148822,34,QmRGwoEnB4in,Qma68dH5HDLfDRy4piZTEXEq7QS5uXd3WxjtnMhRXDuCa5,files/58450016580621041141841211306253629727656585501248702727811619991962813148822.json
58450016580621041141841211306253629727656585501248702727811619991962813148823,35,QmRGwoEnB4in,QmRMABaZdQ6U8i2LmCwBHjWz7TG6j6o6Dot8sA7YXU88C8,files/58450016580621041141841211306253629727656585501248702727811619991962813148823.json
58450016580621041141841211306253629727656585501248702727811619991962813148824,36,QmRGwoEnB4in,QmbUXfGwn6zCG7EqzHiUKN4p6EpW6aaR9m53bCzB9rUqiS,files/58450016580621041141841211306253629727656585501248702727811619991962813148824.json
58450016580621041141841211306253629727656585501248702727811619991962813148825,37,QmRGwoEnB4in,QmVGEXTTRQgDELaLoinn7vkDH2Hg22GWJWyngHMsrPvfrV,files/58450016580621041141841211306253629727656585501248702727811619991962813148825.json
58450016580621041141841211306253629727656585501248702727811619991962813148826,38,QmRGwoEnB4in,QmUYBbfp8jDb5w6FqVhKBufbfhA1KBC6cbkQ97PHgZBaUu,files/58450016580621041141841211306253629727656585501248702727811619991962813148826.json
58450016580621041141841211306253629727656585501248702727811619991962813148827,39,QmRGwoEnB4in,QmSMJRWz5erHsEqRL2AY5CEccazWGf81HTQGNZ7stBv6cb,files/58450016580621041141841211306253629727656585501248702727811619991962813148827.json
58450016580621041141841211306253629727656585501248702727811619991962813148828,40,QmRGwoEnB4in,QmYgg4swWeaNRRSCi6cPz64PBxvRvuevLZRkqca2cZW2zm,files/58450016580621041141841211306253629727656585501248702727811619991962813148828.json
58450016580621041141841211306253629727656585501248702727811619991962813148829,41,QmRGwoEnB4in,QmSAdRrU8iUx8C9WzBLuNRr2JMcRPB8TNw1cuaTdAbxRJs,files/58450016580621041141841211306253629727656585501248702727811619991962813148829.json
58450016580621041141841211306253629727656585501248702727811619991962813148830,42,QmRGwoEnB4in,QmYfvorrSSgmxgQBrq9pP8bhpiCwVBCjQ8DgV8GN7cAEYb,files/58450016580621041141841211306253629727656585501248702727811619991962813148830.json
58450016580621041141841211306253629727656585501248702727811619991962813148831,43,QmRGwoEnB4in,QmehX7mtNggpqF3pENKNAqRF5hghRRpG8LXUQnBrpvJzjs,files/58450016580621041141841211306253629727656585501248702727811619991962813148831.json
58450016580621041141841211306253629727656585501248702727811619991962813148832,44,QmRGwoEnB4in,Qmc99aHVAEQQYVquPW2vCFNDX14SH7VV24CnmDEEYvkCsR,files/58450016580621041141841211306253629727656585501248702727811619991962813148832.json
58450016580621041141841211306253629727656585501248702727811619991962813148833,45,QmRGwoEnB4in,QmS7wrB85eX1YMdKkZbkxKhgDVcddeZTA1R4tsQzkwLhNW,files/58450016580621041141841211306253629727656585501248702727811619991962813148833.json
58450016580621041141841211306253629727656585501248702727811619991962813148834,46,QmRGwoEnB4in,Qmd8zoS4PTo6kPirs7JxgdmAEsnBJip4r8TuPcsRs9s3vm,files/58450016580621041141841211306253629727656585501248702727811619991962813148834.json
58450016580621041141841211306253629727656585501248702727811619991962813148835,47,QmRGwoEnB4in,QmdJbBDcGdyVEtgSWpSvprYjKxQ5cgqNu2tAPBvySxb6ZY,files/58450016580621041141841211306253629727656585501248702727811619991962813148835.json
58450016580621041141841211306253629727656585501248702727811619991962813148836,48,QmRGwoEnB4in,QmVKLZtsA4JYb1wpWJ2M2xXMBatFtZAvzGN3z2LRo1nbnS,files/58450016580621041141841211306253629727656585501248702727811619991962813148836.json
58450016580621041141841211306253629727656585501248702727811619991962813148837,49,QmRGwoEnB4in,QmVpeViUVjFXDKU2EE7eiNR9tfnMNjY9f3NGjD2caguTrT,files/58450016580621041141841211306253629727656585501248702727811619991962813148837.json
58450016580621041141841211306253629727656585501248702727811619991962813148838,50,QmRGwoEnB4in,QmVYgRmeSFHqJmUsnzGPdvpRtgimV8iBXgnNkLqczU4fwU,files/58450016580621041141841211306253629727656585501248702727811619991962813148838.json
58450016580621041141841211306253629727656585501248702727811619991962813148839,51,QmRGwoEnB4in,QmbqB1AP6DNaewHrkp6ynZUxWXejn9e1UhfwTkWQ5hYf7P,files/58450016580621041141841211306253629727656585501248702727811619991962813148839.json
58450016580621041141841211306253629727656585501248702727811619991962813148840,52,QmRGwoEnB4in,QmUyygBBv5pkDKUucDPAUYa6mWmRpPLeVY8dkLTt5brARM,files/58450016580621041141841211306253629727656585501248702727811619991962813148840.json
58450016580621041141841211306253629727656585501248702727811619991962813148841,53,QmRGwoEnB4in,QmSRUmipUi3jzaJWQ5BdgyphbQME7rTbVN61eQ8ehcRjEe,files/58450016580621041141841211306253629727656585501248702727811619991962813148841.json
58450016580621041141841211306253629727656585501248702727811619991962813148842,54,QmRGwoEnB4in,QmQrSHHoMnMszSLLQArhp6TCVwWN8THy5TDneLPFUFox4F,files/58450016580621041141841211306253629727656585501248702727811619991962813148842.json
58450016580621041141841211306253629727656585501248702727811619991962813148843,55,QmRGwoEnB4in,QmZZfs5cQSjqBT9USyfkRBzAYJrwYggzEhWPWiXK5N58tN,files/58450016580621041141841211306253629727656585501248702727811619991962813148843.json
58450016580621041141841211306253629727656585501248702727811619991962813148844,56,QmRGwoEnB4in,QmV3ARgmhHBa76zRG62qUaJH3LBBzvPVYcrqiQp3zkR8j5,files/58450016580621041141841211306253629727656585501248702727811619991962813148844.json
58450016580621041141841211306253629727656585501248702727811619991962813148845,57,QmRGwoEnB4in,QmeJr1t7eHvuRNG5WyHmRVYzrdmLPtuEjMetXPNV7TDwMM,files/58450016580621041141841211306253629727656585501248702727811619991962813148845.json
58450016580621041141841211306253629727656585501248702727811619991962813148846,58,QmRGwoEnB4in,Qmdgh9dgmHZsVJZYGHP3wnXNZbjbt3VrCXmvZZbCFrGsTZ,files/58450016580621041141841211306253629727656585501248702727811619991962813148846.json
58450016580621041141841211306253629727656585501248702727811619991962813148847,59,QmRGwoEnB4in,QmTZk3i7bNXRVJqB5Qwo5iGLEhwA7TjypXU73VM9Mfdgk8,files/58450016580621041141841211306253629727656585501248702727811619991962813148847.json
58450016580621041141841211306253629727656585501248702727811619991962813148848,60,QmRGwoEnB4in,QmWMgGEHcYmT15SHTZ2xexVJK635cJ6bpEMzKqNeMS8sBm,files/58450016580621041141841211306253629727656585501248702727811619991962813148848.json
58450016580621041141841211306253629727656585501248702727811619991962813148849,61,QmRGwoEnB4in,QmZHddwYH2weZzcRFG5tugWKYtftVs8krmU6BEbndLJq67,files/58450016580621041141841211306253629727656585501248702727811619991962813148849.json
58450016580621041141841211306253629727656585501248702727811619991962813148850,62,QmRGwoEnB4in,QmUevQDi5zLcBxZ6HyUcLegoFb6iKE65wZ62Q6ZRk4akMK,files/58450016580621041141841211306253629727656585501248702727811619991962813148850.json
58450016580621041141841211306253629727656585501248702727811619991962813148851,63,QmRGwoEnB4in,QmdFwXDXRCjmXPhpsa2XajMyCphgf34Puk5m6fxShQBivs,files/58450016580621041141841211306253629727656585501248702727811619991962813148851.json
58450016580621041141841211306253629727656585501248702727811619991962813148852,64,QmRGwoEnB4in,QmewznVk8iRNwFhEwWrynDSicsvdFrZ94gCqhQFQXQUH2h,files/58450016580621041141841211306253629727656585501248702727811619991962813148852.json
58450016580621041141841211306253629727656585501248702727811619991962813148853,65,QmRGwoEnB4in,QmQzr2qqN2cj2v418wr9EgHWHL5Eb9M7rj2jnaQ8hwk94y,files/58450016580621041141841211306253629727656585501248702727811619991962813148853.json
58450016580621041141841211306253629727656585501248702727811619991962813148854,66,QmRGwoEnB4in,QmWR9YN3kTcf7A8qhGB58hznaUf1BS1kdUej6742jcAdgM,files/58450016580621041141841211306253629727656585501248702727811619991962813148854.json
58450016580621041141841211306253629727656585501248702727811619991962813148855,67,QmRGwoEnB4in,QmPQfbYpvcgperDodqDVJHzFbm4vsCQvnZh1VtxNAip1S1,files/58450016580621041141841211306253629727656585501248702727811619991962813148855.json
58450016580621041141841211306253629727656585501248702727811619991962813148856,68,QmRGwoEnB4in,QmNvurfFCcRTmrKx1wFPm3uoZMbZPSLcaFcPDfuNPyBbwi,files/58450016580621041141841211306253629727656585501248702727811619991962813148856.json
58450016580621041141841211306253629727656585501248702727811619991962813148857,69,QmRGwoEnB4in,QmUr3oL3XWvSeXJZTH4hTFt5Lgf1qwXWQm34coTXbyhqzE,files/58450016580621041141841211306253629727656585501248702727811619991962813148857.json
58450016580621041141841211306253629727656585501248702727811619991962813148858,70,QmRGwoEnB4in,QmUWYHJc24taUiYnRchdULXD64WvD8WpM6QEah19wzuHPB,files/58450016580621041141841211306253629727656585501248702727811619991962813148858.json
