token_id,old_metadata_cid,new_metadata_cid
115102002126076552507580024863960618470463757507692547587654022394981581576231,QmQYfKcc8hNzuCUE2tmWWo9bChhfpkrvV45BCW86Xwb5eU,QmS46fwbf7mfrTr1v7NWN4sKbD6AzA4PtCZghNeRaRrrXj
115102002126076552507580024863960618470463757507692547587654022394981581576232,Qmd2VhdoSrUuFLGuCi4pTcCBXhVPaQAm1Bydx2hqMTDW2Z,QmbQhgxaZtX5eNsjmMctz8XpVUq3pejtiieo8vhotxevfZ
115102002126076552507580024863960618470463757507692547587654022394981581576233,QmfXTWWX5fnnQRSdj9gWFg9gZmzkhQ1P64XU5XcboYN67P,QmSwCPUYpuH88FCLvkLJbqv7TioNNrpYgQK2xDpa14zatQ
115102002126076552507580024863960618470463757507692547587654022394981581576234,QmP55wG3gQhjSci3HmbZRcK4unJPpPZCsJVGCF89pHeXWY,QmYCjsqEwFNoLq8tpreucTCU2FfDBNqMuoo6dm8Bp8Qoou
115102002126076552507580024863960618470463757507692547587654022394981581576235,QmW2psL9gHdbQWwALBsWVv4CcMLt9ihUwk1szNMLFrMpy3,QmYi4kf3yonpn2pb6uAjhVBWzNya75cmq56ezCrG7dX8jg
115102002126076552507580024863960618470463757507692547587654022394981581576236,QmbkY9y4sQARYRn4bByNrVxoSZv3LhG9DNzuDGwW5eCh7g,QmYVh5MFgF9tJeYYjuD2gYRchZ49TuDVtzGiXiijhhp2ed
115102002126076552507580024863960618470463757507692547587654022394981581576237,QmagMBTXCf65bn9hK2H8fyhAVS9zt1bKnYb2WVYHnDFQKU,QmPyFt1R7K2sLNKw8tPZZc8DVRRsxi1FSKsU3q2EdfhW21
115102002126076552507580024863960618470463757507692547587654022394981581576238,QmV2tWi2N87cCpbDzhvFNJ6dX1VFggepMrEzpMfDRaHwhb,QmeSTgftdNjtpfdPp9g9fUTt2xVtYufCjuTQNT9ZLZVaJY
115102002126076552507580024863960618470463757507692547587654022394981581576239,QmP6ARrvaM29mCUwyxFerMUh76i4rNCFJFRq8XdCgWYQqi,QmTBuaSmfbadR63JcPocrpFmzMLBuAujori6grFTtefFML
115102002126076552507580024863960618470463757507692547587654022394981581576240,QmRvvTeJ38HAwVmdsoMgkqH4EWVdgQ9JEWXRa1roDDhez6,QmeChkvyPcpB7T73FYyTJzEMdqGsYH4VUmb4hccmApeHLy
115102002126076552507580024863960618470463757507692547587654022394981581576241,QmX1X442W3Es8F1a6jw5P87gQvYeT8sjHsXMMjiTPmBTZx,Qmf4RRGdiEm8uUnqUoDcv8U4M4mFH28vNE2rtQ1mZrM6cY
115102002126076552507580024863960618470463757507692547587654022394981581576242,QmX63QxKyXpxQwUmBSsC2nUz5MEukegx7abKLkFm7GoFZU,QmUk4cvJ3A7ccBSQSfnjF21nwX88SzAuDTQfhFKPckXNm4
115102002126076552507580024863960618470463757507692547587654022394981581576243,QmW9NCjCKrgT3Fi4JpUDS9tnnfgzcgPRoJ511oq92UuADa,QmPbX3VZs5zwQJkJSnvBiFFpnXLevWJL7SAMszgdLZ9tkM
115102002126076552507580024863960618470463757507692547587654022394981581576244,QmRUByeHpJ5vtJG6E8uWWUMUPxkmV8KhPS2VygzAPscukp,QmRERX6e6KQ9zWmB43uhcivjPiW194PB63FymFL2G1YLHP
115102002126076552507580024863960618470463757507692547587654022394981581576245,QmUxpmEqPdUYt2fg5NASLofZFVV4UdnmZkBynYAFFWqjWp,Qmbz1addCLMwkgKRgbKcCzgWiok7xpBRjoGSi72LB33vjQ
115102002126076552507580024863960618470463757507692547587654022394981581576246,QmTWo7pgh64B3LBLXjz7qtSQxNs39kkboe3pK2sZSL2yTY,Qmc9Vra4cbgaR5CAUiM6AxswHfycxZjQDT6QYqHdnc4hrC
115102002126076552507580024863960618470463757507692547587654022394981581576247,QmSXrRhfUnejvzmNvDd8tFJELgxxpDLqWPD5AUUzmq1beG,Qmbv7QyApc4nzLaegZF9Uq8Gy2WWKzJrdjnHLCJFkKhsVS
115102002126076552507580024863960618470463757507692547587654022394981581576248,QmSSYSW7hw6bkSWDYWs1HCJj8BRgu7ouvo4tmi8zCMhT23,QmWpQrAjhNVxk8dSvBvYHk7c1F27vgTWikDEYaCQb4Jsvw
115102002126076552507580024863960618470463757507692547587654022394981581576249,QmcvXYeRXaD2F2q2ZXCcFCr72sKjXLJ1HoVnoiY3YVL4Yt,QmeiEJ8NCDuyZe5HYTwpe6wAM9F55LRvVetVCV7Ar1xRHd
115102002126076552507580024863960618470463757507692547587654022394981581576250,QmS6kjjexTquW5gEL3h2wRkPjRfBHKjDY3rcrqSDqbF3hb,QmNvbYwLXRyM5LHFW2KQ8cmWdQRr4bHvfiQtt3pg2ZxLix
115102002126076552507580024863960618470463757507692547587654022394981581576251,QmNqBivGak6ZitnPFkoeN11tefGib5WyHyoW14oHgg6a19,QmdTfcu3373MpmHq1EiQh7yGZt7uio7NPpGBbsDYn4vK8D
115102002126076552507580024863960618470463757507692547587654022394981581576252,QmZM2G6VRBREfqxGTgPuALMcjRwf2ASbRf6xNo1nw9nSuy,QmPQcGZ6NcNYoAs7iV7QhjWoS9QR8N9gWrpC1MaVS8PS3X
115102002126076552507580024863960618470463757507692547587654022394981581576253,QmYgbZbZsyBmUzHcRrWv2D8qGWPZ5GDgp2UBpGwZe9CgZt,QmcaCPmW3MpVrM3jywLoDyRLz6dnbUJFAKFXvbgjfbbVru
115102002126076552507580024863960618470463757507692547587654022394981581576254,QmcTnjZ2aQfupDU423gjXLSjfGtx4jLiRDrzu3snaoDFyN,QmQDtTDuhvtyMTwx7jWXem3rrJ24MTDT6mBiA9Ajp6bZaR
115102002126076552507580024863960618470463757507692547587654022394981581576255,QmaiqRyL4P5sV4fqbUDsTYwF42xLuAA5da8TrQesVQN6ez,QmaNnUGEDDFTzfBkTdXep9weYNStxp3ZFjroardVzu1vvU
115102002126076552507580024863960618470463757507692547587654022394981581576256,QmR5GJPeRJ385eWPsFBCmbHX9rpk3zLbGUfPz2c1B19giF,QmWdaPq1Sku55YJu5CpobWgKDj7bbmobTtfjb3pNZkTupg
115102002126076552507580024863960618470463757507692547587654022394981581576257,Qmbz7LBKTtzGuNSbedVjMhAXykpGwHgx7e86cdiDGPBpEB,QmcuSZxtMaRRSZqKkhfC8nBjz36RawteY1Di7eqmGiZpFa
115102002126076552507580024863960618470463757507692547587654022394981581576258,QmSABJDEGrVHS64BRzBTGMRLTq8CnP2Jp9oytEeWZSoqPo,QmPg4wymwgPBCi6n25RJYVEGpvyFZ83Zh763rs1qiNYAgG
115102002126076552507580024863960618470463757507692547587654022394981581576259,QmNfC35tEN4WjLwFCAKhiUksxhZbAsku78EXp9cEucnyz1,QmXzi2w9HvsFE1xuf4CEA1gdAQCphDT94HGH4TPog38qPw
115102002126076552507580024863960618470463757507692547587654022394981581576260,QmUfdBjXhAXZXHVezdBjsXMJgkjfL75DSTa2Vcs6XkUtAa,QmTCu1JkW9TrtS7o5jyZcrKyRc2BcBuZ71RGruX9ogAUcn
115102002126076552507580024863960618470463757507692547587654022394981581576261,QmSgee4q75TKGHcecPpbvrBsyqgbFeLPq23wDZToModkMJ,QmNPdgG3M1B6ZHhSPuSEuafj8ordwYnfj9dUTF9WkrV8HA
115102002126076552507580024863960618470463757507692547587654022394981581576262,QmfUShefA6JkP68VRNuxxdBxSUAZ4zysjdzFsdffr4BgEy,QmQMR8qMPvVU4MdHCaEJ26rVs6FXCqjg1Aai4uTokGnbjw
115102002126076552507580024863960618470463757507692547587654022394981581576263,QmcEfTRyvYFGR2WAKCeXSPjYmj45ZW7muwJVQS2JovWdZL,QmPkT1FUM7NpcKPwZSmd1DtPfwr4rYw8A6v6ginc3y3DRy
115102002126076552507580024863960618470463757507692547587654022394981581576264,QmNx1DAqYHMLERcKf4TezLWUiW58m34qXsG5s7Rq86PRS3,QmTLagUwM2PVvvgiRDHKMvbK1cpZF92FR7Y445EaPirir1
115102002126076552507580024863960618470463757507692547587654022394981581576265,QmR46aKwTDxekrv95FKFvdHogFxvyUUDiXrxzFCCw6FFKA,QmVXPmLBZTpU6tPqG53KUqSSVyy9ueXqLHTAgM2A9Q2HLv
115102002126076552507580024863960618470463757507692547587654022394981581576266,QmSdcdN26DcjsLMXAzSTwzfoHAW4ZDuzK4Sqaioo9ghrM6,QmXhx9E4ic41Bf49zWn3X2A2BXD1CT8qa6yYxWfHmjzwsB
115102002126076552507580024863960618470463757507692547587654022394981581576267,QmfJVYcurzTuMZPqiQVFdijneAdFSnsQ9eSKsvUo89GfCY,QmYEfuLZ7GxYRuQG4Y2PXEJMKz88Lj7btZ1jgEzeJVo5pg
115102002126076552507580024863960618470463757507692547587654022394981581576268,QmdMcnNzkbf5jcmnCuN5hbdyJcC3U2BFB8kBPgisccdPgG,QmPEAV7ac52mkn3fid9wi1rHvsmyYyy78ezMxSHGARDJrn
115102002126076552507580024863960618470463757507692547587654022394981581576269,QmWGXSH2VXS9ouo6wrjZdBvpv7V1gQMxHaEMatpoFPbHJD,QmXRNdPYdrhWy9LVCJZxUc7xxVLroMfNdQvKFTM6XjQVxF
115102002126076552507580024863960618470463757507692547587654022394981581576270,QmYErHXS9mGYEMpTBdcDMdSrKeQ1dGnHPEq5MWFTDmA8Dr,QmXSyL23MCZkS4AEiDfYSVpFPWks3HJvtNiDZWVfBvPpv1
115102002126076552507580024863960618470463757507692547587654022394981581576271,QmSu4NLYEmXs3LjKV7End8arRNG9mC5PyDgVSTQTHGGN3W,QmWJ4evxhaE25UwmvuW8vuz6gxbDyH9MZf3s8KapMpwTqJ
115102002126076552507580024863960618470463757507692547587654022394981581576272,QmecvBVERaRsgEiE2muocnBuE5nXduz4o2mF7Uosyjyov1,QmUZRn2jjHfXQnYVPUpGXW9WFWctjbGUQ6vQYvtrib7N9U
115102002126076552507580024863960618470463757507692547587654022394981581576273,QmQXjJZ7hjMZaWJVx1tDTTXofXdvU3h1i3tDsdiJ7ktbMi,Qmf1duiCbSXd7AngV88NZJzxZMdiRVopJKSaPi9xTw8sTQ
115102002126076552507580024863960618470463757507692547587654022394981581576274,QmUo65BUoLjAH5MXUxMtAHBcTGM8iXynDiSg84SLAEAMoL,QmYym3Pca6zAtganFJWEKK62JHeUJGbH7jnZpLqNj6T1bW
115102002126076552507580024863960618470463757507692547587654022394981581576275,QmTt2UaTnzAqF7tqBMVhmBptd8dY6bUpY7tHpRTRMh2k6V,QmX3dRFCXPVneRpMQJc8fTkpg9mJzo7QGh3pVJhnWGNH5w
115102002126076552507580024863960618470463757507692547587654022394981581576276,QmdR9nPnXZLEeFmBQJUdeXM1iobPyeLPUX6Dqou6oJeQeJ,QmSDdgoEDq76CRdcizcjC3ME5GCdrUjvWHzV7AUq8PGVxH
115102002126076552507580024863960618470463757507692547587654022394981581576277,QmTwJceoneN5tQn4ggXondaw8Z75R4kHMhXD7op9fc5Jde,Qmds5JRWcRfjwdFLc18mfChNKmUYcBAiHqCQqd4j2qUtp3
115102002126076552507580024863960618470463757507692547587654022394981581576278,QmcoXNmEBGWubKFyRH5zjXBcVc3u1yv8q8YXgyaJ9q6CaK,QmeyQE4N73d7Nonmsq8jQ976ZrJXBh5yzbobjuh9w25Ny7
115102002126076552507580024863960618470463757507692547587654022394981581576279,QmQ2G8wbCqvWkvWGL28QRkujEPAoWaACRb7p6zPDTYKorf,QmTaX7j48srqzD69Wdc6zm3rYEGPJLo5LKotTjqCJDhMir
115102002126076552507580024863960618470463757507692547587654022394981581576280,QmVRJ9jVDdcYH3iLkdhYJjAqXffiCNKaJUwh1SwWMXHk2J,Qmbfrr6xznSGsaHGvKUxi4Wh1CMqGNtWiJ3d79f9jies8S
115102002126076552507580024863960618470463757507692547587654022394981581576281,QmbiaQzkdPBHbtM662BH9YVoSBxcrcNokHZdFEK2kGqHNd,QmeVLtPVH7Fz1EMirr75e2mBBskZLDF2NV88FcdBc5oFfo
115102002126076552507580024863960618470463757507692547587654022394981581576282,QmRCq2B84eeJYW3enGQfpesgFibDqRmEgNChq8pTyLeRVs,Qmbfby55br3sXSUCQSp7xqb1Fn8XP4khuw56MQjAeQWjBv
115102002126076552507580024863960618470463757507692547587654022394981581576283,QmXoMCzku5pWgobXHyzn4y1YK6Us1mPiXm8qJzMstR3QSF,QmeDyPaQ8NtEULLMyY5QvU9ZisDAqkJHZU4wTakMDCasnW
115102002126076552507580024863960618470463757507692547587654022394981581576284,QmR1WKDwukTEsNsEHhEyr47vPfWJsaUz9qYSsmbrdWqEHo,QmU4cvsHfZDSRzVzasnTmA6AKkmypbRHQ4yPERqgxCkdc9
115102002126076552507580024863960618470463757507692547587654022394981581576285,QmZoeY3FuXAc4pWLZEnewRmGQWQg9WQjh2Y9XE5WFM61F6,QmYd2jic3SqXRcQsySiQ7yofPMcXWwwS2rLW88GuHPg5Mp
115102002126076552507580024863960618470463757507692547587654022394981581576286,QmUEbydh7EDHP3XPqAJE7RziHNUh3LtMos2HLqfvQPony2,QmQFydbGCVsrBoyK7exnUo3RAZSzM5jKifNz6BAmdRsK4s
115102002126076552507580024863960618470463757507692547587654022394981581576287,QmcQeAsjRTdP931waQEtsUsLvPm6kFoevjgBTsezeYcM7s,QmRpUSEikBDAqWS3BNQ46wL6zbioWqHiuvSiuMxjrfSf8F
115102002126076552507580024863960618470463757507692547587654022394981581576288,QmPLLJDg4xQ9PyZKubDSychPHaS1takBWMuLJ6KAeQEVrn,QmSJZeev4HaxUGy52HXsRDq6KPomnXJmbfUeQh83VcES2G
115102002126076552507580024863960618470463757507692547587654022394981581576289,QmUzcPR8uy4n9yoQnRhTMKsyF1iKbsD7pLsZcEK9DKdZpF,QmTPytXcqP4Ug6ZwgsPrqdt7zYFaHtqyyAnb4uQghZ4mKS
115102002126076552507580024863960618470463757507692547587654022394981581576290,QmR3xhz4KvjYsGj1NTZVnUM7o7B9JxLVes9DjVXjfmSYWS,QmVYRS69Fayf5r3vweqGF1h4JCjmDucmF8mzyxwa4AstSd
115102002126076552507580024863960618470463757507692547587654022394981581576291,QmTHdYhKpS9GQQ7CSc8ZtcCaAborSAmqdeHFjndYRfNz1e,Qmeq5PfK8cPqBR2YjF7YdfyG8QVbdVEsZz6xm2AU9Vky8a
115102002126076552507580024863960618470463757507692547587654022394981581576292,QmNs9uRVChTTaUdHZLfgdxuhtB2c7zLMc9PprUMs92cDfk,Qma8h1uQJCbAChJpBRrHshfRzP5bgDq6SG9uZMyJu9D3tH
115102002126076552507580024863960618470463757507692547587654022394981581576293,QmNRw7AkdGkjywca52RJaex9RNqbvxSHximLSzY9bYQ184,QmPzRW9Ve39FwmR2eFmSSecme4w94sJ9w4mqBPaX7hG5Ds
115102002126076552507580024863960618470463757507692547587654022394981581576294,QmUg8iRMFsfd3RyvprgLvzha2jzSgkPUkCrf1efeEkz2f1,QmXBwKnaTFC1NHCBTEjPh6m9YAYmVY7Mbz7J1tGFood1Pb
115102002126076552507580024863960618470463757507692547587654022394981581576295,QmRJrsx1MNmhTriguRJwnaMM3LSK2c9nXNxNLW8bgQMP79,QmXaZY5F3N3bLdufbdWLuCYWktRaUy9donHJBxgDnBBj48
115102002126076552507580024863960618470463757507692547587654022394981581576296,QmUZ4z1e5DEi13my9Rt4Vd7cc7kuWKuwZ9vtjHzzYXAHgs,QmY2oQkxmoQYYTjoM4a6JveekRWMyKsrUpuLx7rNTechiz
115102002126076552507580024863960618470463757507692547587654022394981581576297,QmWdioViYgv9QXAuCqmgzJRGdqihJ4Y2FusMpjy1c64eoC,QmecB492fGRABNZeKkVP1kP3xTJ2wR2CwYeAKmQaV76cvz
115102002126076552507580024863960618470463757507692547587654022394981581576298,QmdVUxdteCwLD1prmZDYy9tcx8Gnwry8m85P3fEdRv11fv,QmPkNAyRp5TkZKaKK4Db9mgcQcFdDuaS4EU55tbkEru5ss
115102002126076552507580024863960618470463757507692547587654022394981581576299,QmY7b7kjFGGfTwuha7aFiwdmVYgosVTvo6FVrxu9S1fMKx,QmTBZ2WC3EqrdRnxENc3iwfAMqhQBLpyuHmrxvSkVTCzGp
115102002126076552507580024863960618470463757507692547587654022394981581576300,QmZicT1H5BeMMFNGcTTNWnv4SGfWwHTVD5RqbyRbadbJ36,QmQfiXTmxcgX7ewsWbuepADY7wsfvwQSap3FqTDRXFta8F
115102002126076552507580024863960618470463757507692547587654022394981581576301,QmU6kZUQ6WpiZfYLpgtopCALNN2KiXLmsPAGnSrGRNyfMB,QmPDcXLx8hsUcL3gcX7MTxzdEchMXN2TmN3sLxS9ZEoSeY
58450016580621041141841211306253629727656585501248702727811619991962813148788,QmThsQYxFYFstHwqgj7w6pHkjPtcaxiVFaLi4j2yMw3JMM,QmbxrcqQmGm6t98zEfKD7eXdaQqzJcGK5QvhVE8RiiQFtG
58450016580621041141841211306253629727656585501248702727811619991962813148789,QmTDnrGEv8bNawCepiet8xLmNTMNMAcrZTxa75sF8g4kH8,QmSrXAEtnXHYkJWTSSAJAotZnmPSgkXDLPyV8kRSsKRxfL
58450016580621041141841211306253629727656585501248702727811619991962813148790,QmRGWSKikpM2iUhJz1MXwu65GMLNcsc7GbcfyxW2fSaqRC,QmTQbuJT17mAt5YrG9U4v8QqCrgwY7WDc6rGvAvonrEKef
58450016580621041141841211306253629727656585501248702727811619991962813148791,QmR8KLFc46ikK9hC5qZGcoBUygUCC7FEvCPgKx7hjWiLHF,Qme9nEvbmHsdU4h5ciggytnUWiA4qGd93mtQGsbwxMDa7E
58450016580621041141841211306253629727656585501248702727811619991962813148792,QmZFRxqB1Tc8ME8kzXJeT32Xh63DZRdbjUAPTmRumvUvsq,QmQU8m63a6D2HhWurL8LMhEsa6JeNbgv5JjZ9N9eruBJpC
58450016580621041141841211306253629727656585501248702727811619991962813148793,QmXa1LzvgPQg7nrcc91BMmMyEzvZ34Z23im4QycHpZsHAG,QmSCBhgY2LSDh26v7kkBPPYxH5qbRLxEdbRZ8GmdB3N5Ph
58450016580621041141841211306253629727656585501248702727811619991962813148794,Qmduy2ceSouR44ozrwDt96JXQPv7kqeuiMDwecCt7hPMy9,QmUsfyvxYiDo3HDQsPLfWmWvDwXhbMBCQZHykmitCtXm6y
58450016580621041141841211306253629727656585501248702727811619991962813148795,QmagSPSeLn3wPEhHkXZZNrCNfdwvBFc4jbTxoy5HPKNsor,QmbLXuQbQz8xaaWoZBPHPfYggZYKSEh5tbgEnfuKJTdpzh
58450016580621041141841211306253629727656585501248702727811619991962813148796,Qmdz3ivaRDD2Fe2d6aaSoWyfqWE4M438Wzviw3tfuXbajY,QmaqdRscRu2S9tyXVE4gZLrdGeknY3PYX77GzKCzDKrYvk
58450016580621041141841211306253629727656585501248702727811619991962813148797,QmQcpzcRpquip77QLfZYsakANzLpdH7bxhj2Dh7LqsF2K8,Qmf7E3xRNZkcA8xKgGvgb6VtVD7QXNdf5nW3Vd8UTrY3UD
58450016580621041141841211306253629727656585501248702727811619991962813148798,QmSifiHAsRJVBbJAAsTrDiML6BxgdGFkaV7sqYTs2oHdhV,QmdYcgQcczburZhRhsqDhxP1u9tjXZoJJDb9JHzD3Qiw9i
58450016580621041141841211306253629727656585501248702727811619991962813148799,QmQJR99biD4oL3i2byU6W7o1AHgDsV1mDLZFMGBPcsKQs2,QmYS6FCo438xqkhHrVDy2NxxEaucC4VYkVDtk4PmJyhPTK
58450016580621041141841211306253629727656585501248702727811619991962813148800,QmSbn5L38erkGVcccdB9fT2NRXUJ84fMhzf2xcvC7WjdUR,QmNqYHDCvTBqbbGMWFFeyWhJXgYkrpvuiEeiNURzMiBiSw
58450016580621041141841211306253629727656585501248702727811619991962813148801,QmTUVjDsaXJt7eitKTVMBEo8VqWgVM1YNRHtbYUyE6LgF8,QmRdEsBwNN5hJmK3KQKdGN3aqwqxekDFCPWN3qntktPU28
58450016580621041141841211306253629727656585501248702727811619991962813148802,QmTBSZmZsvLN6jee7wrxfeme9DzBx4RmeeEybZJEavE2qW,QmNeQsYiYq5RV7GzCayMUgJAfaip5ftZgE2vPuEsWPNdGZ
58450016580621041141841211306253629727656585501248702727811619991962813148803,QmYUtYZVQCXkbtSxpWRWNKxy1e6nCDLJnquN6D8fnxp9yt,QmYZPJSCpvUNoust9KqCS6ERPEWieN9JWSJ7NVyZoWtzwh
58450016580621041141841211306253629727656585501248702727811619991962813148804,QmdgRCVFTpsHArRkQ365hyDq682NxSgEtLANausNvVzLWY,QmeXQyAKLhFHibbydAFyv7j89YuP3L57ZaGPF2LgZWfifx
58450016580621041141841211306253629727656585501248702727811619991962813148805,Qmerxh3VRXncGfd3shmAA13A561cXXvMeEGEFfY2PH3Jq7,QmVXfbTJ7LktLHQRksHuTHdyJ2rkLNBHNE57kdrnybgXvE
58450016580621041141841211306253629727656585501248702727811619991962813148806,QmctUAycwWDk45CoWXAiKQRGzQSbogxqQVq9aey4nApj4E,QmWsrSJDQXViWEPY7RVfJ3FKyzVGuzKvqeTj8kdyhUY1wg
58450016580621041141841211306253629727656585501248702727811619991962813148807,QmVbA2Ye5BbKphkCuv8UifkJDU8eVC8nPLqtk8wBqykDy9,QmY3VGRhgztX3k4EzS6oYZPp5eWUJiPPeNXMtSdr4YhT62
58450016580621041141841211306253629727656585501248702727811619991962813148808,QmeFs3y4YokdKhcFF119UYRRTqVk3sMf2L1rb9rsdfnkx5,QmcJWJTKqvxn1EfWcM7fV9YXcYDAtgaEGxfx54MSwCqFHt
58450016580621041141841211306253629727656585501248702727811619991962813148809,QmRxpi7ih8wDXPX2bLmrEiViFzkJ67pHiRtDa2LJv3Ppyu,QmfBcJvd5jNMSDUjQGzfzT7xeeoVTrCxQp5r1b8zSGL39e
58450016580621041141841211306253629727656585501248702727811619991962813148810,QmTRkkneiJT1nzp75kssUB6nakdEcsUapBg67Cx69FNt5n,QmTrbiKeFbiLQ18QCupn32CXtvAKuHFfBASk8xmfwMBPHM
58450016580621041141841211306253629727656585501248702727811619991962813148811,QmYWU6uusdmxwTbVDYenkdCTEwjkzUEKWRUDfqBKgQtK9u,QmZxMngG4abwPXWTCGsDSuVZ2CfLUimRVFtMnMrZXqyUSg
58450016580621041141841211306253629727656585501248702727811619991962813148812,Qmbm9xtdWfvaM813bmHsj7RVKj1N6wh6iWZnpL8pGJJjS1,QmS7DnBhHwg1vN1V82HayVwVx8zVntUR8WjmVykJt9mxKt
58450016580621041141841211306253629727656585501248702727811619991962813148813,QmWvdU9uCpMGBPQoVNzjwLqxUnUKvP5rR3KdRGoAx75zgF,QmUXUX7MBfvGPzRytoYYZpv8euQgcFhP9kUaGxaBp9n4wf
58450016580621041141841211306253629727656585501248702727811619991962813148814,QmXyd3AQKp3PyohSwyZdWmNQUa9N13ety1rUpiNx8jraGZ,QmSXoZs4PjQMt13WH9SWTsKUGv8WmceXgF7M1vuN5uqzJa
58450016580621041141841211306253629727656585501248702727811619991962813148815,QmR4eKHD8Ytaw5BUsPeNBisDedayotALH4WoPUwqbsjaMs,QmVtVJHBG8AXDLR7veHhnXQsAGTLbYc23adydfEQ5rA9T5
58450016580621041141841211306253629727656585501248702727811619991962813148816,Qmas4XiJFbNbCPjBJN193KHvtEXWqVAUpzVwkeUZcoqpAJ,QmNxrKruCGKv93oxSuAJ23fdY2oGMBBx31soFXF1aadXYs
58450016580621041141841211306253629727656585501248702727811619991962813148817,QmegvvQRBBZwSFw81JbPCuW9dPQeumYkKib6HbCh7iRiMh,QmfRsdcaix4sH7UDBkYYj6nTvQxBWVzjxsc8FvpwaCCTSn
58450016580621041141841211306253629727656585501248702727811619991962813148818,QmU3EU8y2L8hnVv3MjRyTFx8JwFbFintYSsGcRGawu1aNn,QmTrS3Pp3nDFRc4qFC6io3S78bCyDFgWBGCNkkNcKDnQdD
58450016580621041141841211306253629727656585501248702727811619991962813148819,QmbhMvfAU4CEPjH4cP4foWTChP3LkM53r3FDDRx5NiKWo4,QmULE4fu3gi74nyh9FxiuzqtAbr73Rv18Zq9DTVSaAbQiR
58450016580621041141841211306253629727656585501248702727811619991962813148820,QmTEoPrbXFzk8uyqgRDqob8enEDKUpDiJ8PY7apo4PhVhh,QmcDaiZYmw7rujVvBqMVzHSL49XC2xBuTcuHsYQE8H4pfo
58450016580621041141841211306253629727656585501248702727811619991962813148821,QmaAcDecf6jL5gkPZdehi9ZwMspuuQMrUdLVa9FM4ssAQZ,QmQRqM8Vk6s3CLpVV3NJsCB8kPFzhjQ2LR8uyYeA5Ew2Ta
58450016580621041141841211306253629727656585501248702727811619991962813148822,Qma68dH5HDLfDRy4piZTEXEq7QS5uXd3WxjtnMhRXDuCa5,QmZajHQs7pPM2UzhHZRi7bZJoxhYqeChsmis9caAxEPzFx
58450016580621041141841211306253629727656585501248702727811619991962813148823,QmRMABaZdQ6U8i2LmCwBHjWz7TG6j6o6Dot8sA7YXU88C8,Qmev1RkWtgfqi6549YhNczaWYG1TVb4dRgo2KXhUqtEWDi
58450016580621041141841211306253629727656585501248702727811619991962813148824,QmbUXfGwn6zCG7EqzHiUKN4p6EpW6aaR9m53bCzB9rUqiS,QmTugUGfzSVMis4ivGdsVqPeZ9ezoWJ38tcNuHwYF1UrsS
58450016580621041141841211306253629727656585501248702727811619991962813148825,QmVGEXTTRQgDELaLoinn7vkDH2Hg22GWJWyngHMsrPvfrV,QmWPRZG2EQtKZJtfw3eQEm3dCVJWQ2k9vfLfQLbYMvguqL
58450016580621041141841211306253629727656585501248702727811619991962813148826,QmUYBbfp8jDb5w6FqVhKBufbfhA1KBC6cbkQ97PHgZBaUu,QmPnwZSosBVadCcyRJDS2mP79DkCDPBUUL2qgV5y7JYgeK
58450016580621041141841211306253629727656585501248702727811619991962813148827,QmSMJRWz5erHsEqRL2AY5CEccazWGf81HTQGNZ7stBv6cb,QmXG18jo3reHNs9oDnWtfYLRHxBBKBa6nmJrjgZtZF3Q1B
58450016580621041141841211306253629727656585501248702727811619991962813148828,QmYgg4swWeaNRRSCi6cPz64PBxvRvuevLZRkqca2cZW2zm,QmYCQaqMfAqqZ7EnGD2LV77LfMioBa9Ygb7kAg1C5D5iwN
58450016580621041141841211306253629727656585501248702727811619991962813148829,QmSAdRrU8iUx8C9WzBLuNRr2JMcRPB8TNw1cuaTdAbxRJs,QmddnbE9bheJgY6gAMvbZUnBGsf1qrDxZduubAq9T4c1MQ
58450016580621041141841211306253629727656585501248702727811619991962813148830,QmYfvorrSSgmxgQBrq9pP8bhpiCwVBCjQ8DgV8GN7cAEYb,QmbZVc2jxLyBTNf6YiwsyNf5s22FWCKTAnNW5zSrXQEJy6
58450016580621041141841211306253629727656585501248702727811619991962813148831,QmehX7mtNggpqF3pENKNAqRF5hghRRpG8LXUQnBrpvJzjs,QmVhpyT3L3W8BmM8Rpu1pGTbfLUZNnnhhyy1C2R8Rb1rVP
58450016580621041141841211306253629727656585501248702727811619991962813148832,Qmc99aHVAEQQYVquPW2vCFNDX14SH7VV24CnmDEEYvkCsR,QmQwKCWahFChg5w6TtgJqURVfmcuSc2fWvjWokaUN15osm
58450016580621041141841211306253629727656585501248702727811619991962813148833,QmS7wrB85eX1YMdKkZbkxKhgDVcddeZTA1R4tsQzkwLhNW,QmWbeLcx1QCLtQnSHsLtNXomfWoruwH3x7UjRMViYvuQvt
58450016580621041141841211306253629727656585501248702727811619991962813148834,Qmd8zoS4PTo6kPirs7JxgdmAEsnBJip4r8TuPcsRs9s3vm,QmU1vnf9dsZwzk2jRdcDEz3CZHW2uE7BZ1qaPsL1g5YURi
58450016580621041141841211306253629727656585501248702727811619991962813148835,QmdJbBDcGdyVEtgSWpSvprYjKxQ5cgqNu2tAPBvySxb6ZY,Qmdb27NHCvfVphbg3XPDsD9ovADcEGJz2nvic3Fh34r2PQ
58450016580621041141841211306253629727656585501248702727811619991962813148836,QmVKLZtsA4JYb1wpWJ2M2xXMBatFtZAvzGN3z2LRo1nbnS,QmYzmEFEfDd6LJuzeDRmvHKpogk1AJ9LEg4UsBjHPmesCs
58450016580621041141841211306253629727656585501248702727811619991962813148837,QmVpeViUVjFXDKU2EE7eiNR9tfnMNjY9f3NGjD2caguTrT,QmXQV6pQYGd8b1kd7jJkHZ3wSXke8RtxKkftWjbhtrYBjz
58450016580621041141841211306253629727656585501248702727811619991962813148838,QmVYgRmeSFHqJmUsnzGPdvpRtgimV8iBXgnNkLqczU4fwU,QmW5yXJMdQGJusZWizpHU4AFzut79xYQn2WD6kaJKghjFu
58450016580621041141841211306253629727656585501248702727811619991962813148839,QmbqB1AP6DNaewHrkp6ynZUxWXejn9e1UhfwTkWQ5hYf7P,QmPP2aHm5aPXhFAceuUeA4aAXpW2ChmxKPbeoUmJjHqrLr
58450016580621041141841211306253629727656585501248702727811619991962813148840,QmUyygBBv5pkDKUucDPAUYa6mWmRpPLeVY8dkLTt5brARM,QmaLx3dCpuGZot2F2r4qGRa7hjEfdYRdX1e8qasp9qSkyo
58450016580621041141841211306253629727656585501248702727811619991962813148841,QmSRUmipUi3jzaJWQ5BdgyphbQME7rTbVN61eQ8ehcRjEe,QmcWWS2Pe7YR1s43rs2S1TSAHYcLYpKqM8oq13aWqtDexP
58450016580621041141841211306253629727656585501248702727811619991962813148842,QmQrSHHoMnMszSLLQArhp6TCVwWN8THy5TDneLPFUFox4F,QmSiWmH7MicP88mDg9DvSa2jYthpoBkaxVC9R11EQcowZP
58450016580621041141841211306253629727656585501248702727811619991962813148843,QmZZfs5cQSjqBT9USyfkRBzAYJrwYggzEhWPWiXK5N58tN,Qmd7MSvHzXYp9iKaH9W4guWiw7s4gWksGrwgefqfytnQ7W
58450016580621041141841211306253629727656585501248702727811619991962813148844,QmV3ARgmhHBa76zRG62qUaJH3LBBzvPVYcrqiQp3zkR8j5,Qmf42ZHuBcxagepHhsM8YZRnV2rsYGt3RgxxRFBy9CxnR5
58450016580621041141841211306253629727656585501248702727811619991962813148845,QmeJr1t7eHvuRNG5WyHmRVYzrdmLPtuEjMetXPNV7TDwMM,QmNjm1pG4uG99pdUn1j9ES3jWphB7VSBzWa18XUJimkgJF
58450016580621041141841211306253629727656585501248702727811619991962813148846,Qmdgh9dgmHZsVJZYGHP3wnXNZbjbt3VrCXmvZZbCFrGsTZ,QmT4JzDfctxJcpc78QgeACmcSbXB2EN2uBJiJdMqEQhYvr
58450016580621041141841211306253629727656585501248702727811619991962813148847,QmTZk3i7bNXRVJqB5Qwo5iGLEhwA7TjypXU73VM9Mfdgk8,QmUzSMHGVSEjyvCzWbCKHHkkMV6B63Xc6haLM6f2t64kG6
58450016580621041141841211306253629727656585501248702727811619991962813148848,QmWMgGEHcYmT15SHTZ2xexVJK635cJ6bpEMzKqNeMS8sBm,QmZy8XnueZuE3VEjCtaaKEiWKvg95w3TGC8E9Er757C5Hm
58450016580621041141841211306253629727656585501248702727811619991962813148849,QmZHddwYH2weZzcRFG5tugWKYtftVs8krmU6BEbndLJq67,QmXRer8ukCmEv2ZsC3NTH1pTufrtXW4sP4SLwedLzyuEU3
58450016580621041141841211306253629727656585501248702727811619991962813148850,QmUevQDi5zLcBxZ6HyUcLegoFb6iKE65wZ62Q6ZRk4akMK,QmVfM3DqzfanDrK1of12xJVC2q6kK5kAAvbB68oxoggt7D
58450016580621041141841211306253629727656585501248702727811619991962813148851,QmdFwXDXRCjmXPhpsa2XajMyCphgf34Puk5m6fxShQBivs,QmSguQUNcFqNnXwvwM6PqtbhqZNFoWzGbd5cdscNQe3Tyg
58450016580621041141841211306253629727656585501248702727811619991962813148852,QmewznVk8iRNwFhEwWrynDSicsvdFrZ94gCqhQFQXQUH2h,Qmb9oUDqGmaHt1ZdmPyQJPbeewCLb3NdPbZnL2KyAmYpZZ
58450016580621041141841211306253629727656585501248702727811619991962813148853,QmQzr2qqN2cj2v418wr9EgHWHL5Eb9M7rj2jnaQ8hwk94y,QmR7pGWHGPwwAv2n3V8y1GGNPddESkYM2YncjCtpApYHKS
58450016580621041141841211306253629727656585501248702727811619991962813148854,QmWR9YN3kTcf7A8qhGB58hznaUf1BS1kdUej6742jcAdgM,QmPeEvXjJcLLT5MGUDxyAXaZRVpE59kmzNV5iWGzySifhG
58450016580621041141841211306253629727656585501248702727811619991962813148855,QmPQfbYpvcgperDodqDVJHzFbm4vsCQvnZh1VtxNAip1S1,QmeiCLvpXtCc7Cewz6Wub38NGQXcNKNusgd1iK7ReyBkg1
58450016580621041141841211306253629727656585501248702727811619991962813148856,QmNvurfFCcRTmrKx1wFPm3uoZMbZPSLcaFcPDfuNPyBbwi,QmRrC7nxPootKo6DufR9QyjWC88poaqcFiVi4nYjaivv8Q
58450016580621041141841211306253629727656585501248702727811619991962813148857,QmUr3oL3XWvSeXJZTH4hTFt5Lgf1qwXWQm34coTXbyhqzE,QmXJCMPTNLXdyGhiNSjBXXchnHwwRzo3VENs7knqK3w6Z2
58450016580621041141841211306253629727656585501248702727811619991962813148858,QmUWYHJc24taUiYnRchdULXD64WvD8WpM6QEah19wzuHPB,QmP2p7Rz5syKT6r2nVt3qsCrLK6n2CWEjhULn2M93xbwqn
