token_id,metadata_uri
115102002126076552507580024863960618470463757507692547587654022394981581576231,ipfs://QmQYfKcc8hNzuCUE2tmWWo9bChhfpkrvV45BCW86Xwb5eU
115102002126076552507580024863960618470463757507692547587654022394981581576232,ipfs://Qmd2VhdoSrUuFLGuCi4pTcCBXhVPaQAm1Bydx2hqMTDW2Z
115102002126076552507580024863960618470463757507692547587654022394981581576233,ipfs://QmfXTWWX5fnnQRSdj9gWFg9gZmzkhQ1P64XU5XcboYN67P
115102002126076552507580024863960618470463757507692547587654022394981581576234,ipfs://QmP55wG3gQhjSci3HmbZRcK4unJPpPZCsJVGCF89pHeXWY
115102002126076552507580024863960618470463757507692547587654022394981581576235,ipfs://QmW2psL9gHdbQWwALBsWVv4CcMLt9ihUwk1szNMLFrMpy3
115102002126076552507580024863960618470463757507692547587654022394981581576236,ipfs://QmbkY9y4sQARYRn4bByNrVxoSZv3LhG9DNzuDGwW5eCh7g
115102002126076552507580024863960618470463757507692547587654022394981581576237,ipfs://QmagMBTXCf65bn9hK2H8fyhAVS9zt1bKnYb2WVYHnDFQKU
115102002126076552507580024863960618470463757507692547587654022394981581576238,ipfs://QmV2tWi2N87cCpbDzhvFNJ6dX1VFggepMrEzpMfDRaHwhb
115102002126076552507580024863960618470463757507692547587654022394981581576239,ipfs://QmP6ARrvaM29mCUwyxFerMUh76i4rNCFJFRq8XdCgWYQqi
115102002126076552507580024863960618470463757507692547587654022394981581576240,ipfs://QmRvvTeJ38HAwVmdsoMgkqH4EWVdgQ9JEWXRa1roDDhez6
115102002126076552507580024863960618470463757507692547587654022394981581576241,ipfs://QmX1X442W3Es8F1a6jw5P87gQvYeT8sjHsXMMjiTPmBTZx
115102002126076552507580024863960618470463757507692547587654022394981581576242,ipfs://QmX63QxKyXpxQwUmBSsC2nUz5MEukegx7abKLkFm7GoFZU
115102002126076552507580024863960618470463757507692547587654022394981581576243,ipfs://QmW9NCjCKrgT3Fi4JpUDS9tnnfgzcgPRoJ511oq92UuADa
115102002126076552507580024863960618470463757507692547587654022394981581576244,ipfs://QmRUByeHpJ5vtJG6E8uWWUMUPxkmV8KhPS2VygzAPscukp
115102002126076552507580024863960618470463757507692547587654022394981581576245,ipfs://QmUxpmEqPdUYt2fg5NASLofZFVV4UdnmZkBynYAFFWqjWp
115102002126076552507580024863960618470463757507692547587654022394981581576246,ipfs://QmTWo7pgh64B3LBLXjz7qtSQxNs39kkboe3pK2sZSL2yTY
115102002126076552507580024863960618470463757507692547587654022394981581576247,ipfs://QmSXrRhfUnejvzmNvDd8tFJELgxxpDLqWPD5AUUzmq1beG
115102002126076552507580024863960618470463757507692547587654022394981581576248,ipfs://QmSSYSW7hw6bkSWDYWs1HCJj8BRgu7ouvo4tmi8zCMhT23
115102002126076552507580024863960618470463757507692547587654022394981581576249,ipfs://QmcvXYeRXaD2F2q2ZXCcFCr72sKjXLJ1HoVnoiY3YVL4Yt
115102002126076552507580024863960618470463757507692547587654022394981581576250,ipfs://QmS6kjjexTquW5gEL3h2wRkPjRfBHKjDY3rcrqSDqbF3hb
115102002126076552507580024863960618470463757507692547587654022394981581576251,ipfs://QmNqBivGak6ZitnPFkoeN11tefGib5WyHyoW14oHgg6a19
115102002126076552507580024863960618470463757507692547587654022394981581576252,ipfs://QmZM2G6VRBREfqxGTgPuALMcjRwf2ASbRf6xNo1nw9nSuy
115102002126076552507580024863960618470463757507692547587654022394981581576253,ipfs://QmYgbZbZsyBmUzHcRrWv2D8qGWPZ5GDgp2UBpGwZe9CgZt
115102002126076552507580024863960618470463757507692547587654022394981581576254,ipfs://QmcTnjZ2aQfupDU423gjXLSjfGtx4jLiRDrzu3snaoDFyN
115102002126076552507580024863960618470463757507692547587654022394981581576255,ipfs://QmaiqRyL4P5sV4fqbUDsTYwF42xLuAA5da8TrQesVQN6ez
115102002126076552507580024863960618470463757507692547587654022394981581576256,ipfs://QmR5GJPeRJ385eWPsFBCmbHX9rpk3zLbGUfPz2c1B19giF
115102002126076552507580024863960618470463757507692547587654022394981581576257,ipfs://Qmbz7LBKTtzGuNSbedVjMhAXykpGwHgx7e86cdiDGPBpEB
115102002126076552507580024863960618470463757507692547587654022394981581576258,ipfs://QmSABJDEGrVHS64BRzBTGMRLTq8CnP2Jp9oytEeWZSoqPo
115102002126076552507580024863960618470463757507692547587654022394981581576259,ipfs://QmNfC35tEN4WjLwFCAKhiUksxhZbAsku78EXp9cEucnyz1
115102002126076552507580024863960618470463757507692547587654022394981581576260,ipfs://QmUfdBjXhAXZXHVezdBjsXMJgkjfL75DSTa2Vcs6XkUtAa
115102002126076552507580024863960618470463757507692547587654022394981581576261,ipfs://QmSgee4q75TKGHcecPpbvrBsyqgbFeLPq23wDZToModkMJ
115102002126076552507580024863960618470463757507692547587654022394981581576262,ipfs://QmfUShefA6JkP68VRNuxxdBxSUAZ4zysjdzFsdffr4BgEy
115102002126076552507580024863960618470463757507692547587654022394981581576263,ipfs://QmcEfTRyvYFGR2WAKCeXSPjYmj45ZW7muwJVQS2JovWdZL
115102002126076552507580024863960618470463757507692547587654022394981581576264,ipfs://QmNx1DAqYHMLERcKf4TezLWUiW58m34qXsG5s7Rq86PRS3
115102002126076552507580024863960618470463757507692547587654022394981581576265,ipfs://QmR46aKwTDxekrv95FKFvdHogFxvyUUDiXrxzFCCw6FFKA
115102002126076552507580024863960618470463757507692547587654022394981581576266,ipfs://QmSdcdN26DcjsLMXAzSTwzfoHAW4ZDuzK4Sqaioo9ghrM6
115102002126076552507580024863960618470463757507692547587654022394981581576267,ipfs://QmfJVYcurzTuMZPqiQVFdijneAdFSnsQ9eSKsvUo89GfCY
115102002126076552507580024863960618470463757507692547587654022394981581576268,ipfs://QmdMcnNzkbf5jcmnCuN5hbdyJcC3U2BFB8kBPgisccdPgG
115102002126076552507580024863960618470463757507692547587654022394981581576269,ipfs://QmWGXSH2VXS9ouo6wrjZdBvpv7V1gQMxHaEMatpoFPbHJD
115102002126076552507580024863960618470463757507692547587654022394981581576270,ipfs://QmYErHXS9mGYEMpTBdcDMdSrKeQ1dGnHPEq5MWFTDmA8Dr
115102002126076552507580024863960618470463757507692547587654022394981581576271,ipfs://QmSu4NLYEmXs3LjKV7End8arRNG9mC5PyDgVSTQTHGGN3W
115102002126076552507580024863960618470463757507692547587654022394981581576272,ipfs://QmecvBVERaRsgEiE2muocnBuE5nXduz4o2mF7Uosyjyov1
115102002126076552507580024863960618470463757507692547587654022394981581576273,ipfs://QmQXjJZ7hjMZaWJVx1tDTTXofXdvU3h1i3tDsdiJ7ktbMi
115102002126076552507580024863960618470463757507692547587654022394981581576274,ipfs://QmUo65BUoLjAH5MXUxMtAHBcTGM8iXynDiSg84SLAEAMoL
115102002126076552507580024863960618470463757507692547587654022394981581576275,ipfs://QmTt2UaTnzAqF7tqBMVhmBptd8dY6bUpY7tHpRTRMh2k6V
115102002126076552507580024863960618470463757507692547587654022394981581576276,ipfs://QmdR9nPnXZLEeFmBQJUdeXM1iobPyeLPUX6Dqou6oJeQeJ
115102002126076552507580024863960618470463757507692547587654022394981581576277,ipfs://QmTwJceoneN5tQn4ggXondaw8Z75R4kHMhXD7op9fc5Jde
115102002126076552507580024863960618470463757507692547587654022394981581576278,ipfs://QmcoXNmEBGWubKFyRH5zjXBcVc3u1yv8q8YXgyaJ9q6CaK
115102002126076552507580024863960618470463757507692547587654022394981581576279,ipfs://QmQ2G8wbCqvWkvWGL28QRkujEPAoWaACRb7p6zPDTYKorf
115102002126076552507580024863960618470463757507692547587654022394981581576280,ipfs://QmVRJ9jVDdcYH3iLkdhYJjAqXffiCNKaJUwh1SwWMXHk2J
115102002126076552507580024863960618470463757507692547587654022394981581576281,ipfs://QmbiaQzkdPBHbtM662BH9YVoSBxcrcNokHZdFEK2kGqHNd
115102002126076552507580024863960618470463757507692547587654022394981581576282,ipfs://QmRCq2B84eeJYW3enGQfpesgFibDqRmEgNChq8pTyLeRVs
115102002126076552507580024863960618470463757507692547587654022394981581576283,ipfs://QmXoMCzku5pWgobXHyzn4y1YK6Us1mPiXm8qJzMstR3QSF
115102002126076552507580024863960618470463757507692547587654022394981581576284,ipfs://QmR1WKDwukTEsNsEHhEyr47vPfWJsaUz9qYSsmbrdWqEHo
115102002126076552507580024863960618470463757507692547587654022394981581576285,ipfs://QmZoeY3FuXAc4pWLZEnewRmGQWQg9WQjh2Y9XE5WFM61F6
115102002126076552507580024863960618470463757507692547587654022394981581576286,ipfs://QmUEbydh7EDHP3XPqAJE7RziHNUh3LtMos2HLqfvQPony2
115102002126076552507580024863960618470463757507692547587654022394981581576287,ipfs://QmcQeAsjRTdP931waQEtsUsLvPm6kFoevjgBTsezeYcM7s
115102002126076552507580024863960618470463757507692547587654022394981581576288,ipfs://QmPLLJDg4xQ9PyZKubDSychPHaS1takBWMuLJ6KAeQEVrn
115102002126076552507580024863960618470463757507692547587654022394981581576289,ipfs://QmUzcPR8uy4n9yoQnRhTMKsyF1iKbsD7pLsZcEK9DKdZpF
115102002126076552507580024863960618470463757507692547587654022394981581576290,ipfs://QmR3xhz4KvjYsGj1NTZVnUM7o7B9JxLVes9DjVXjfmSYWS
115102002126076552507580024863960618470463757507692547587654022394981581576291,ipfs://QmTHdYhKpS9GQQ7CSc8ZtcCaAborSAmqdeHFjndYRfNz1e
115102002126076552507580024863960618470463757507692547587654022394981581576292,ipfs://QmNs9uRVChTTaUdHZLfgdxuhtB2c7zLMc9PprUMs92cDfk
115102002126076552507580024863960618470463757507692547587654022394981581576293,ipfs://QmNRw7AkdGkjywca52RJaex9RNqbvxSHximLSzY9bYQ184
115102002126076552507580024863960618470463757507692547587654022394981581576294,ipfs://QmUg8iRMFsfd3RyvprgLvzha2jzSgkPUkCrf1efeEkz2f1
115102002126076552507580024863960618470463757507692547587654022394981581576295,ipfs://QmRJrsx1MNmhTriguRJwnaMM3LSK2c9nXNxNLW8bgQMP79
115102002126076552507580024863960618470463757507692547587654022394981581576296,ipfs://QmUZ4z1e5DEi13my9Rt4Vd7cc7kuWKuwZ9vtjHzzYXAHgs
115102002126076552507580024863960618470463757507692547587654022394981581576297,ipfs://QmWdioViYgv9QXAuCqmgzJRGdqihJ4Y2FusMpjy1c64eoC
115102002126076552507580024863960618470463757507692547587654022394981581576298,ipfs://QmdVUxdteCwLD1prmZDYy9tcx8Gnwry8m85P3fEdRv11fv
115102002126076552507580024863960618470463757507692547587654022394981581576299,ipfs://QmY7b7kjFGGfTwuha7aFiwdmVYgosVTvo6FVrxu9S1fMKx
115102002126076552507580024863960618470463757507692547587654022394981581576300,ipfs://QmZicT1H5BeMMFNGcTTNWnv4SGfWwHTVD5RqbyRbadbJ36
115102002126076552507580024863960618470463757507692547587654022394981581576301,ipfs://QmU6kZUQ6WpiZfYLpgtopCALNN2KiXLmsPAGnSrGRNyfMB
58450016580621041141841211306253629727656585501248702727811619991962813148788,ipfs://QmThsQYxFYFstHwqgj7w6pHkjPtcaxiVFaLi4j2yMw3JMM
58450016580621041141841211306253629727656585501248702727811619991962813148789,ipfs://QmTDnrGEv8bNawCepiet8xLmNTMNMAcrZTxa75sF8g4kH8
58450016580621041141841211306253629727656585501248702727811619991962813148790,ipfs://QmRGWSKikpM2iUhJz1MXwu65GMLNcsc7GbcfyxW2fSaqRC
58450016580621041141841211306253629727656585501248702727811619991962813148791,ipfs://QmR8KLFc46ikK9hC5qZGcoBUygUCC7FEvCPgKx7hjWiLHF
58450016580621041141841211306253629727656585501248702727811619991962813148792,ipfs://QmZFRxqB1Tc8ME8kzXJeT32Xh63DZRdbjUAPTmRumvUvsq
58450016580621041141841211306253629727656585501248702727811619991962813148793,ipfs://QmXa1LzvgPQg7nrcc91BMmMyEzvZ34Z23im4QycHpZsHAG
58450016580621041141841211306253629727656585501248702727811619991962813148794,ipfs://Qmduy2ceSouR44ozrwDt96JXQPv7kqeuiMDwecCt7hPMy9
58450016580621041141841211306253629727656585501248702727811619991962813148795,ipfs://QmagSPSeLn3wPEhHkXZZNrCNfdwvBFc4jbTxoy5HPKNsor
58450016580621041141841211306253629727656585501248702727811619991962813148796,ipfs://Qmdz3ivaRDD2Fe2d6aaSoWyfqWE4M438Wzviw3tfuXbajY
58450016580621041141841211306253629727656585501248702727811619991962813148797,ipfs://QmQcpzcRpquip77QLfZYsakANzLpdH7bxhj2Dh7LqsF2K8
58450016580621041141841211306253629727656585501248702727811619991962813148798,ipfs://QmSifiHAsRJVBbJAAsTrDiML6BxgdGFkaV7sqYTs2oHdhV
58450016580621041141841211306253629727656585501248702727811619991962813148799,ipfs://QmQJR99biD4oL3i2byU6W7o1AHgDsV1mDLZFMGBPcsKQs2
58450016580621041141841211306253629727656585501248702727811619991962813148800,ipfs://QmSbn5L38erkGVcccdB9fT2NRXUJ84fMhzf2xcvC7WjdUR
58450016580621041141841211306253629727656585501248702727811619991962813148801,ipfs://QmTUVjDsaXJt7eitKTVMBEo8VqWgVM1YNRHtbYUyE6LgF8
58450016580621041141841211306253629727656585501248702727811619991962813148802,ipfs://QmTBSZmZsvLN6jee7wrxfeme9DzBx4RmeeEybZJEavE2qW
58450016580621041141841211306253629727656585501248702727811619991962813148803,ipfs://QmYUtYZVQCXkbtSxpWRWNKxy1e6nCDLJnquN6D8fnxp9yt
58450016580621041141841211306253629727656585501248702727811619991962813148804,ipfs://QmdgRCVFTpsHArRkQ365hyDq682NxSgEtLANausNvVzLWY
58450016580621041141841211306253629727656585501248702727811619991962813148805,ipfs://Qmerxh3VRXncGfd3shmAA13A561cXXvMeEGEFfY2PH3Jq7
58450016580621041141841211306253629727656585501248702727811619991962813148806,ipfs://QmctUAycwWDk45CoWXAiKQRGzQSbogxqQVq9aey4nApj4E
58450016580621041141841211306253629727656585501248702727811619991962813148807,ipfs://QmVbA2Ye5BbKphkCuv8UifkJDU8eVC8nPLqtk8wBqykDy9
58450016580621041141841211306253629727656585501248702727811619991962813148808,ipfs://QmeFs3y4YokdKhcFF119UYRRTqVk3sMf2L1rb9rsdfnkx5
58450016580621041141841211306253629727656585501248702727811619991962813148809,ipfs://QmRxpi7ih8wDXPX2bLmrEiViFzkJ67pHiRtDa2LJv3Ppyu
58450016580621041141841211306253629727656585501248702727811619991962813148810,ipfs://QmTRkkneiJT1nzp75kssUB6nakdEcsUapBg67Cx69FNt5n
58450016580621041141841211306253629727656585501248702727811619991962813148811,ipfs://QmYWU6uusdmxwTbVDYenkdCTEwjkzUEKWRUDfqBKgQtK9u
58450016580621041141841211306253629727656585501248702727811619991962813148812,ipfs://Qmbm9xtdWfvaM813bmHsj7RVKj1N6wh6iWZnpL8pGJJjS1
58450016580621041141841211306253629727656585501248702727811619991962813148813,ipfs://QmWvdU9uCpMGBPQoVNzjwLqxUnUKvP5rR3KdRGoAx75zgF
58450016580621041141841211306253629727656585501248702727811619991962813148814,ipfs://QmXyd3AQKp3PyohSwyZdWmNQUa9N13ety1rUpiNx8jraGZ
58450016580621041141841211306253629727656585501248702727811619991962813148815,ipfs://QmR4eKHD8Ytaw5BUsPeNBisDedayotALH4WoPUwqbsjaMs
58450016580621041141841211306253629727656585501248702727811619991962813148816,ipfs://Qmas4XiJFbNbCPjBJN193KHvtEXWqVAUpzVwkeUZcoqpAJ
58450016580621041141841211306253629727656585501248702727811619991962813148817,ipfs://QmegvvQRBBZwSFw81JbPCuW9dPQeumYkKib6HbCh7iRiMh
58450016580621041141841211306253629727656585501248702727811619991962813148818,ipfs://QmU3EU8y2L8hnVv3MjRyTFx8JwFbFintYSsGcRGawu1aNn
58450016580621041141841211306253629727656585501248702727811619991962813148819,ipfs://QmbhMvfAU4CEPjH4cP4foWTChP3LkM53r3FDDRx5NiKWo4
58450016580621041141841211306253629727656585501248702727811619991962813148820,ipfs://QmTEoPrbXFzk8uyqgRDqob8enEDKUpDiJ8PY7apo4PhVhh
58450016580621041141841211306253629727656585501248702727811619991962813148821,ipfs://QmaAcDecf6jL5gkPZdehi9ZwMspuuQMrUdLVa9FM4ssAQZ
58450016580621041141841211306253629727656585501248702727811619991962813148822,ipfs://Qma68dH5HDLfDRy4piZTEXEq7QS5uXd3WxjtnMhRXDuCa5
58450016580621041141841211306253629727656585501248702727811619991962813148823,ipfs://QmRMABaZdQ6U8i2LmCwBHjWz7TG6j6o6Dot8sA7YXU88C8
58450016580621041141841211306253629727656585501248702727811619991962813148824,ipfs://QmbUXfGwn6zCG7EqzHiUKN4p6EpW6aaR9m53bCzB9rUqiS
58450016580621041141841211306253629727656585501248702727811619991962813148825,ipfs://QmVGEXTTRQgDELaLoinn7vkDH2Hg22GWJWyngHMsrPvfrV
58450016580621041141841211306253629727656585501248702727811619991962813148826,ipfs://QmUYBbfp8jDb5w6FqVhKBufbfhA1KBC6cbkQ97PHgZBaUu
58450016580621041141841211306253629727656585501248702727811619991962813148827,ipfs://QmSMJRWz5erHsEqRL2AY5CEccazWGf81HTQGNZ7stBv6cb
58450016580621041141841211306253629727656585501248702727811619991962813148828,ipfs://QmYgg4swWeaNRRSCi6cPz64PBxvRvuevLZRkqca2cZW2zm
58450016580621041141841211306253629727656585501248702727811619991962813148829,ipfs://QmSAdRrU8iUx8C9WzBLuNRr2JMcRPB8TNw1cuaTdAbxRJs
58450016580621041141841211306253629727656585501248702727811619991962813148830,ipfs://QmYfvorrSSgmxgQBrq9pP8bhpiCwVBCjQ8DgV8GN7cAEYb
58450016580621041141841211306253629727656585501248702727811619991962813148831,ipfs://QmehX7mtNggpqF3pENKNAqRF5hghRRpG8LXUQnBrpvJzjs
58450016580621041141841211306253629727656585501248702727811619991962813148832,ipfs://Qmc99aHVAEQQYVquPW2vCFNDX14SH7VV24CnmDEEYvkCsR
58450016580621041141841211306253629727656585501248702727811619991962813148833,ipfs://QmS7wrB85eX1YMdKkZbkxKhgDVcddeZTA1R4tsQzkwLhNW
58450016580621041141841211306253629727656585501248702727811619991962813148834,ipfs://Qmd8zoS4PTo6kPirs7JxgdmAEsnBJip4r8TuPcsRs9s3vm
58450016580621041141841211306253629727656585501248702727811619991962813148835,ipfs://QmdJbBDcGdyVEtgSWpSvprYjKxQ5cgqNu2tAPBvySxb6ZY
58450016580621041141841211306253629727656585501248702727811619991962813148836,ipfs://QmVKLZtsA4JYb1wpWJ2M2xXMBatFtZAvzGN3z2LRo1nbnS
58450016580621041141841211306253629727656585501248702727811619991962813148837,ipfs://QmVpeViUVjFXDKU2EE7eiNR9tfnMNjY9f3NGjD2caguTrT
58450016580621041141841211306253629727656585501248702727811619991962813148838,ipfs://QmVYgRmeSFHqJmUsnzGPdvpRtgimV8iBXgnNkLqczU4fwU
58450016580621041141841211306253629727656585501248702727811619991962813148839,ipfs://QmbqB1AP6DNaewHrkp6ynZUxWXejn9e1UhfwTkWQ5hYf7P
58450016580621041141841211306253629727656585501248702727811619991962813148840,ipfs://QmUyygBBv5pkDKUucDPAUYa6mWmRpPLeVY8dkLTt5brARM
58450016580621041141841211306253629727656585501248702727811619991962813148841,ipfs://QmSRUmipUi3jzaJWQ5BdgyphbQME7rTbVN61eQ8ehcRjEe
58450016580621041141841211306253629727656585501248702727811619991962813148842,ipfs://QmQrSHHoMnMszSLLQArhp6TCVwWN8THy5TDneLPFUFox4F
58450016580621041141841211306253629727656585501248702727811619991962813148843,ipfs://QmZZfs5cQSjqBT9USyfkRBzAYJrwYggzEhWPWiXK5N58tN
58450016580621041141841211306253629727656585501248702727811619991962813148844,ipfs://QmV3ARgmhHBa76zRG62qUaJH3LBBzvPVYcrqiQp3zkR8j5
58450016580621041141841211306253629727656585501248702727811619991962813148845,ipfs://QmeJr1t7eHvuRNG5WyHmRVYzrdmLPtuEjMetXPNV7TDwMM
58450016580621041141841211306253629727656585501248702727811619991962813148846,ipfs://Qmdgh9dgmHZsVJZYGHP3wnXNZbjbt3VrCXmvZZbCFrGsTZ
58450016580621041141841211306253629727656585501248702727811619991962813148847,ipfs://QmTZk3i7bNXRVJqB5Qwo5iGLEhwA7TjypXU73VM9Mfdgk8
58450016580621041141841211306253629727656585501248702727811619991962813148848,ipfs://QmWMgGEHcYmT15SHTZ2xexVJK635cJ6bpEMzKqNeMS8sBm
58450016580621041141841211306253629727656585501248702727811619991962813148849,ipfs://QmZHddwYH2weZzcRFG5tugWKYtftVs8krmU6BEbndLJq67
58450016580621041141841211306253629727656585501248702727811619991962813148850,ipfs://QmUevQDi5zLcBxZ6HyUcLegoFb6iKE65wZ62Q6ZRk4akMK
58450016580621041141841211306253629727656585501248702727811619991962813148851,ipfs://QmdFwXDXRCjmXPhpsa2XajMyCphgf34Puk5m6fxShQBivs
58450016580621041141841211306253629727656585501248702727811619991962813148852,ipfs://QmewznVk8iRNwFhEwWrynDSicsvdFrZ94gCqhQFQXQUH2h
58450016580621041141841211306253629727656585501248702727811619991962813148853,ipfs://QmQzr2qqN2cj2v418wr9EgHWHL5Eb9M7rj2jnaQ8hwk94y
58450016580621041141841211306253629727656585501248702727811619991962813148854,ipfs://QmWR9YN3kTcf7A8qhGB58hznaUf1BS1kdUej6742jcAdgM
58450016580621041141841211306253629727656585501248702727811619991962813148855,ipfs://QmPQfbYpvcgperDodqDVJHzFbm4vsCQvnZh1VtxNAip1S1
58450016580621041141841211306253629727656585501248702727811619991962813148856,ipfs://QmNvurfFCcRTmrKx1wFPm3uoZMbZPSLcaFcPDfuNPyBbwi
58450016580621041141841211306253629727656585501248702727811619991962813148857,ipfs://QmUr3oL3XWvSeXJZTH4hTFt5Lgf1qwXWQm34coTXbyhqzE
58450016580621041141841211306253629727656585501248702727811619991962813148858,ipfs://QmUWYHJc24taUiYnRchdULXD64WvD8WpM6QEah19wzuHPB
