exhibition_slug,series_id,series_title,artist,medium,bitmark_works_in_series,sample_artwork_id,media_url,probe_status,content_type
field-guide-sss,0698273e-13fc-43e9-910e-0f6d81827a01,Entity,,video,5,2252899e774a7ba4c41f9d03141008bca4be7ef306c8c0ddab1303492c237d8b,https://cdn.feralfileassets.com/previews/0698273e-13fc-43e9-910e-0f6d81827a01/1641571880/preview.mp4,200,video/mp4
field-guide-sss,412f980a-0fbc-4458-983a-85a1d81b6371,Hypothetically Micro,,image,10,0b0ed1b4c1b07118bf8349e28b16ef002a7b49c5bde3e4f68fb29c4602ec975a,https://cdn.feralfileassets.com/previews/412f980a-0fbc-4458-983a-85a1d81b6371/1641576053/preview.jpg,200,image/jpeg
field-guide-sss,8d97e575-0837-4092-bca1-10d58195e414,hedgerow still life,,image,8,43ac2e114f68d946a254d819fc65dcd56f5a82f1123054e2a3c0a5e1fc531e8e,https://cdn.feralfileassets.com/previews/8d97e575-0837-4092-bca1-10d58195e414/1641297333/preview.png,200,image/png
field-guide-sss,a7d428ec-48e2-492b-a6f1-36d7cadf3da7,The Future of Your Digital Space,,video,37,cc95bdd8e7c42296e1f4213c3b49e0b8c427f92a67645ca3b03ebd735822023a,https://cdn.feralfileassets.com/previews/a7d428ec-48e2-492b-a6f1-36d7cadf3da7/1641750802/preview.mp4,200,video/mp4
field-guide-sss,c35a9579-e93c-4c57-9b02-7a923d8fd66a,Malade Imaginaire,,image,11,293bcac38760dc68e19d6494f1f9c8f9ea036ee86d14453320c18364059587dd,https://cdn.feralfileassets.com/previews/c35a9579-e93c-4c57-9b02-7a923d8fd66a/1641965916/preview.jpg,200,image/jpeg
field-guide-sss,c6b9fe72-76f2-4c2e-93b5-5251a5b222f6,Environment,,video,5,090f2f43daa0268c856bd548b34f449995855880ea8e1a60ec2daf7ebb08f529,https://cdn.feralfileassets.com/previews/c6b9fe72-76f2-4c2e-93b5-5251a5b222f6/1641572535/preview.mp4,200,video/mp4
field-guide-sss,d137c01a-2c3b-427e-8de4-a7e5677aaeda,Hypothetically Macro,,image,12,2070c1f661dde20780bb28dd1e96c4a44dfc34176b35f0196980b29cbc41f71a,https://cdn.feralfileassets.com/previews/d137c01a-2c3b-427e-8de4-a7e5677aaeda/1641575908/preview.jpg,200,image/jpeg
field-guide-sss,de81b4e2-0ece-4969-bb0f-2adb62cb2d4e,neural swarm,,image,7,12dfda889a574479f322412e4c2556baf9d6866f22e125d17d194026532ac9c6,https://cdn.feralfileassets.com/previews/de81b4e2-0ece-4969-bb0f-2adb62cb2d4e/1641984679/preview.png,200,image/png
field-guide-sss,de90a7b8-c71c-4ffd-8f3f-365796469bc0,In Search of Your Digital Self,,video,27,a5b82a707e7c1e37593e05489d7f93d11627f587be0115f56929bffd4b69589b,https://cdn.feralfileassets.com/previews/de90a7b8-c71c-4ffd-8f3f-365796469bc0/1641505428/preview.mp4,200,video/mp4
field-guide-sss,e6041b92-79ff-4ebe-a9b1-b9e7b089046d,Blooming Valetudinarian,,image,7,5fafc98b97ea8d31827df130630415d177c19d6c377a8bc61cb5f09d162daa1b,https://cdn.feralfileassets.com/previews/e6041b92-79ff-4ebe-a9b1-b9e7b089046d/1641843555/preview.jpg,200,image/jpeg
for-your-eyes-only-qpg,094b8bd3-a89b-4127-937f-faef6c6eee96,One Million Manga Pages,,image,72,0f10d8451433a7f6a42d33047be65355e52370439b686b3b900042afb8511548,https://cdn.feralfileassets.com/previews/094b8bd3-a89b-4127-937f-faef6c6eee96/1638793004/preview.jpg,200,image/jpeg
for-your-eyes-only-qpg,19c097b4-c440-44e9-b6a8-eb97f3b4513a,sextape,,video,75,1f74eed938d6313e330b59010dccaabac558a43f8c97d0d2d36b29729e5ccaaa,https://cdn.feralfileassets.com/previews/19c097b4-c440-44e9-b6a8-eb97f3b4513a/1638403563/preview.mp4,200,video/mp4
for-your-eyes-only-qpg,25a3d5d3-43a6-495e-bf18-e0583fa11f72,Smart Cut,,video,25,b397f4a2c99e1bcf84077ba3db39e54dff2064054e532011f356bd8f5c112298,https://cdn.feralfileassets.com/previews/25a3d5d3-43a6-495e-bf18-e0583fa11f72/1638568442/preview.mp4,200,video/mp4
for-your-eyes-only-qpg,31a680b4-c00a-4eac-8729-cba633c91c54,Ganxillo,,software,27,373b066dabdc00bd7148a42044c26995de834bfc906f9862414bb4cc34cd0522,https://cdn.feralfileassets.com/previews/31a680b4-c00a-4eac-8729-cba633c91c54/1638740490/?edition_number=115&blockchain=bitmark,200,text/html; charset=utf-8
for-your-eyes-only-qpg,31eb3d1f-9bf5-4f87-b1ea-b9a4a98a348b,smoking-vase-1,,video,38,21b978ef410a0e75e5e9a8968a97d7c97bc5d34aa8354c56f2ef4f05386ad302,https://cdn.feralfileassets.com/previews/31eb3d1f-9bf5-4f87-b1ea-b9a4a98a348b/1638379103/preview.mp4,200,video/mp4
for-your-eyes-only-qpg,79cb077a-355b-4694-a787-f023abf070de,ᖴᗩᑕIᗩᒪᔕ I,,video,37,2a6568342958622ef8f3fc068ac7f288ae4ee0549ea2da773e93e32fb3415de5,https://cdn.feralfileassets.com/previews/79cb077a-355b-4694-a787-f023abf070de/1639451952/preview.mp4,200,video/mp4
for-your-eyes-only-qpg,8711ddf0-0474-4a8d-a5ec-30c7f42977df,Daemon (chaos),,video,88,169d550d725293bf68f9e74ff5e1b3eed0c945eb504f39d6bb9d975623a449c3,https://cdn.feralfileassets.com/previews/8711ddf0-0474-4a8d-a5ec-30c7f42977df/1638724863/preview.mp4,200,video/mp4
for-your-eyes-only-qpg,9841c727-f5c8-40e4-b995-0716eeff843f,Daemon (cene),,video,87,0348648d36eaa15628fe0dbee4278765c9a65f01e2328c16875e98bd3488824f,https://cdn.feralfileassets.com/previews/9841c727-f5c8-40e4-b995-0716eeff843f/1638724047/preview.mp4,200,video/mp4
for-your-eyes-only-qpg,a566dd50-6194-4e88-8aec-59cebbc1ed55,A Rose by Any Other Name,,3d,76,04855855c62229cd10f702fec86f26aeddf907e39d2f50bd8ae9d58e94b36eb3,https://cdn.feralfileassets.com/previews/a566dd50-6194-4e88-8aec-59cebbc1ed55/1639419587/?edition_number=114&blockchain=bitmark,200,text/html; charset=utf-8
for-your-eyes-only-qpg,c66d0636-30c1-4227-819c-0e69924fc7a1,Marine Emojidiversity,,image,87,1fc063c2142c45217fa1ef1a7fc69f86d5f59716b9eaa915844f3cae6cb5afe4,https://cdn.feralfileassets.com/previews/c66d0636-30c1-4227-819c-0e69924fc7a1/1638520742/preview.jpg,200,image/jpeg
for-your-eyes-only-qpg,ce3a3a9a-e894-40a1-b531-95027b1328eb,ماه طلعت، Moon-faced,,video,47,011754103d10d6a8286ff3428c970b9f97b21241899f031199fb86d05bdd0d72,https://cdn.feralfileassets.com/previews/ce3a3a9a-e894-40a1-b531-95027b1328eb/1639016248/preview.mp4,200,video/mp4
for-your-eyes-only-qpg,f3170ca8-2a0d-49ac-b307-d20fbfb15b0d,Patterns of Activation (gardens of the galaxy),,animated gif,79,38ddef75ac091ae7d22269a0ab3d178d7795912429c3ce12577a6fb720b91ec7,https://cdn.feralfileassets.com/previews/f3170ca8-2a0d-49ac-b307-d20fbfb15b0d/1638543454/preview.gif,200,image/gif
for-your-eyes-only-qpg,f503f9fe-276c-4519-92b7-8a2239cfa489,Fractura,,animated gif,65,04058e0d1a73c9abf625b0b75c146c5a98159180aaf7b74ee618ab085c16fa71,https://cdn.feralfileassets.com/previews/f503f9fe-276c-4519-92b7-8a2239cfa489/1638359231/?edition_number=7&blockchain=bitmark,200,text/html; charset=utf-8
fragments-of-a-hologram-rose-liz,1b205395-6654-4174-b170-45c82866270b,COUNT ZERO FOUR,,3d,16,260aa0178be5fea0f4a4262fab257bce12312001dc419b3b683c3e9223ebce05,https://cdn.feralfileassets.com/previews/1b205395-6654-4174-b170-45c82866270b/1624043512/?edition_number=10&blockchain=bitmark,200,text/html; charset=utf-8
fragments-of-a-hologram-rose-liz,48f6b892-d3aa-4eae-87db-040e195e00a5,Forest Transmission,,video,18,022f061f146d30aff0ddc4ccc42c8ac7e54a2aa82e371be4cc61c3e88c1498cd,https://cdn.feralfileassets.com/previews/48f6b892-d3aa-4eae-87db-040e195e00a5/1624340822/compressed.mp4,200,video/mp4
fragments-of-a-hologram-rose-liz,50aa02eb-dccf-4003-99a2-69a1f62cb337,Caylx,,video,22,013f3f9a3a73eca263e42c1ef5cc57eb08b12c21eab1301f08ce3cb8d63afdbb,https://cdn.feralfileassets.com/previews/50aa02eb-dccf-4003-99a2-69a1f62cb337/1624343623/compressed.mp4,200,video/mp4
fragments-of-a-hologram-rose-liz,6053b698-2016-4c05-9353-6941635c1609,The Shredded Hologram Rose,,video,16,002267275f5d7cc1600836c14cdeed77037603a3e44c083cac165d1f56a15a15,https://cdn.feralfileassets.com/previews/6053b698-2016-4c05-9353-6941635c1609/1624467464/compressed.mp4,200,video/mp4
fragments-of-a-hologram-rose-liz,685f39aa-f9ca-4bfd-84af-d69ad3f8b2c3,Plants are everywhere you can’t see them,,image,20,036fa41394e652d57af8e66a827c8ff272cad76e0c436acf75c0d5d736725a30,https://cdn.feralfileassets.com/previews/685f39aa-f9ca-4bfd-84af-d69ad3f8b2c3/1624118288/compressed.png,200,image/png
fragments-of-a-hologram-rose-liz,89c348c1-6e78-4e00-ac3f-f58c9e732731,Mutant Bagua,,3d,19,141149dd43074cef4681f8643e4b0299ad09533bcd03aa31e028efae8ee303b2,https://cdn.feralfileassets.com/previews/89c348c1-6e78-4e00-ac3f-f58c9e732731/1624234006/?edition_number=24&blockchain=bitmark,200,text/html; charset=utf-8
fragments-of-a-hologram-rose-liz,b3dacae7-dcc3-40e1-9dd4-9e2047398c01,Rose,,video,18,145b8695110001f39f57a1e7d10fd200e055e816bdcb2e51f9ab7c9836ea4aa5,https://cdn.feralfileassets.com/previews/b3dacae7-dcc3-40e1-9dd4-9e2047398c01/1624255151/compressed.mp4,200,video/mp4
fragments-of-a-hologram-rose-liz,c40d0e81-c8dd-44a3-9fc8-2caa36101516,D. Flagellum,,video,18,1cdb13fe4f8c80269c4c364c8f1e634adfe9d40b421fc847b7032938d79977b7,https://cdn.feralfileassets.com/previews/c40d0e81-c8dd-44a3-9fc8-2caa36101516/1624041254/compressed.mp4,200,video/mp4
fragments-of-a-hologram-rose-liz,c974b77f-3734-4952-9cea-1dcd591cc48d,Blue Veil,,video,22,04b9f7845104e0e992e2cca6c37c6a9c19afaa15781f279e5e1be9a991be37c5,https://cdn.feralfileassets.com/previews/c974b77f-3734-4952-9cea-1dcd591cc48d/1624186582/compressed.mp4,200,video/mp4
fragments-of-a-hologram-rose-liz,ca471793-baf8-43db-bf1a-b811f4608297,Floralia II,,3d,20,0272270f41a8667eb15552a0d37a7d3028bd23f425176e8dabcafe4625425ef2,https://cdn.feralfileassets.com/previews/ca471793-baf8-43db-bf1a-b811f4608297/1624296713/compressed.mp4,200,video/mp4
fragments-of-a-hologram-rose-liz,ce7c5624-af01-4a1d-ad77-eee51cb54327,Temple Lily,,video,19,09c00a5c4e91cd0c53916100433c799b8ee302c9906bc7a2ce123d87e6a9ebb2,https://cdn.feralfileassets.com/previews/ce7c5624-af01-4a1d-ad77-eee51cb54327/1624200329/compressed.mp4,200,video/mp4
graph-eg6,1b1ffd48-5fc2-4d19-a563-364e00ddfb01,F(l)ight,,software,1,7a043d0b4f284a003e5b9e163c9683204261e0f2f09bbab49b48b3fed8e8b9e1,https://cdn.feralfileassets.com/previews/1b1ffd48-5fc2-4d19-a563-364e00ddfb01/1637597750/?edition_number=27&blockchain=bitmark,200,text/html; charset=utf-8
graph-eg6,2fb649d0-3ed2-4539-8ea2-e073b85e9a21,Umwelt,,software,2,575b028e4303162436e0ccfb92c8c151cea95dfa5f3de560627f07afffa08e87,https://cdn.feralfileassets.com/previews/2fb649d0-3ed2-4539-8ea2-e073b85e9a21/1637626255/?edition_number=25&blockchain=bitmark,200,text/html; charset=utf-8
graph-eg6,5e0a93aa-22d0-4305-8bdd-5806dab5503a,Endless Monologue,,software,2,5777d5e71b12f8b8012ff815a15cf010e28f373733497f7cfb5cfe31e22e929b,https://cdn.feralfileassets.com/previews/5e0a93aa-22d0-4305-8bdd-5806dab5503a/1637559288/?edition_number=8&blockchain=bitmark,200,text/html; charset=utf-8
graph-eg6,99d373e5-cc9d-45e8-8aa5-1ed47e481791,(The illusion of) depth of knowledge,,software,4,4cb393d737c2d7e39e3181c2d9d58fc98eaf3363c53d7a59d6d8297b6709b44d,https://cdn.feralfileassets.com/previews/99d373e5-cc9d-45e8-8aa5-1ed47e481791/1637491523/?edition_number=26&blockchain=bitmark,200,text/html; charset=utf-8
graph-eg6,cee5b80c-af17-44d0-9a56-c17a68f92569,CHERTI,,software,1,3b0b43509b9c2d5ab4124ec9aca41e1ceaed23fa8544bdc636e241d3a956cde5,https://cdn.feralfileassets.com/previews/cee5b80c-af17-44d0-9a56-c17a68f92569/1637687720/?edition_number=8&blockchain=bitmark,200,text/html; charset=utf-8
graph-eg6,e7252d16-c248-4de0-aade-433e9e7d2484,Chaos Blocks,,software,1,6850483d0faf62e256aac9c4d02b2ee81a8122594342ca3514806c31b8505ac7,https://cdn.feralfileassets.com/previews/e7252d16-c248-4de0-aade-433e9e7d2484/1637288427/?edition_number=8&blockchain=bitmark,200,text/html; charset=utf-8
infinite-entropy-xhj,11b4449b-e435-4737-bd14-81cd3366ac89,Infinite Entropy 10,,software,1,b22494b29839044a09c0964c8c19fd7455c3f781fe1bcc5292714dca421b519b,https://cdn.feralfileassets.com/previews/11b4449b-e435-4737-bd14-81cd3366ac89/1646913406/?edition_number=0&blockchain=bitmark,200,text/html; charset=utf-8
infinite-entropy-xhj,17b11372-d1b1-405a-8b54-13b3e1a0738e,Infinite Entropy 25,,software,1,b4efca12b5b4d5ee859a2d28159fc980fa3253ac10c420452138e2f2613026d0,https://cdn.feralfileassets.com/previews/17b11372-d1b1-405a-8b54-13b3e1a0738e/1646914227/?edition_number=0&blockchain=bitmark,200,text/html; charset=utf-8
infinite-entropy-xhj,1b6bd73c-b612-4c24-a837-e5afe08616f7,Infinite Entropy 8,,software,1,066898c8448dbe2944e3d449d2aed19679c32da821fd63ae215023ecb6b84c55,https://cdn.feralfileassets.com/previews/1b6bd73c-b612-4c24-a837-e5afe08616f7/1646913315/?edition_number=0&blockchain=bitmark,200,text/html; charset=utf-8
infinite-entropy-xhj,1fdd923d-91f0-4b28-a51a-8d01da7cc562,Infinite Entropy 14,,software,1,f56db16e594589cf8a87df347140c8c34bed33f8d97fa0523d842039d39c318e,https://cdn.feralfileassets.com/previews/1fdd923d-91f0-4b28-a51a-8d01da7cc562/1646913598/?edition_number=0&blockchain=bitmark,200,text/html; charset=utf-8
infinite-entropy-xhj,23d93636-48be-42be-8b9c-59083b481079,Infinite Entropy 4,,software,1,d92545c2f143fa0d6f2675e2b2bf2e7c622c0df50251c9e5f10ff1ca452a64c1,https://cdn.feralfileassets.com/previews/23d93636-48be-42be-8b9c-59083b481079/1646913114/?edition_number=0&blockchain=bitmark,200,text/html; charset=utf-8
infinite-entropy-xhj,2e68b1a3-6370-4ad5-af12-153de80637eb,Infinite Entropy 13,,software,1,c56797104eb1f8263b062ea9d5f10244bb3fae4afddd490165239ebe7f699f2b,https://cdn.feralfileassets.com/previews/2e68b1a3-6370-4ad5-af12-153de80637eb/1646913539/?edition_number=0&blockchain=bitmark,200,text/html; charset=utf-8
infinite-entropy-xhj,30780351-fa82-47f1-9a2d-7d331f460995,Infinite Entropy 20,,software,1,2b6a27283c7e21d63625646fc31014271eee5b31ca9a23b4e601936036700920,https://cdn.feralfileassets.com/previews/30780351-fa82-47f1-9a2d-7d331f460995/1646913944/?edition_number=0&blockchain=bitmark,200,text/html; charset=utf-8
infinite-entropy-xhj,34f52c05-cde0-4dee-880b-df96eebf37be,Infinite Entropy 23,,software,1,81187133da1ff99c33cfcbd47480a0df379fd2639d9de371eec5da89cc2c16c8,https://cdn.feralfileassets.com/previews/34f52c05-cde0-4dee-880b-df96eebf37be/1646914127/?edition_number=0&blockchain=bitmark,200,text/html; charset=utf-8
infinite-entropy-xhj,37e6066c-9997-4939-ac9a-e92685e71cf6,Infinite Entropy 19,,software,1,6f320960921297229a224d31e56773108c7025e8f4e71e3cd269dbd441ad8f6c,https://cdn.feralfileassets.com/previews/37e6066c-9997-4939-ac9a-e92685e71cf6/1646913886/?edition_number=0&blockchain=bitmark,200,text/html; charset=utf-8
infinite-entropy-xhj,3aca483a-59b7-4839-b66e-74d5e75c4735,Infinite Entropy 11,,software,1,208ee3b803a8fb6bfbb33e0fe86da6df145b19cd00e9ae5cc1b0f754e53daf43,https://cdn.feralfileassets.com/previews/3aca483a-59b7-4839-b66e-74d5e75c4735/1646913453/?edition_number=0&blockchain=bitmark,200,text/html; charset=utf-8
infinite-entropy-xhj,43f6164c-d901-4e87-815a-c6689d05b48f,Infinite Entropy 5,,software,1,3338fe7f9ee31b7369ef3425e2b91597d5f1abee84d98919a236d32374b6a7f6,https://cdn.feralfileassets.com/previews/43f6164c-d901-4e87-815a-c6689d05b48f/1646913164/?edition_number=0&blockchain=bitmark,200,text/html; charset=utf-8
infinite-entropy-xhj,47ab1047-708d-4f36-b5de-68e5995e175f,Infinite Entropy 15,,software,1,f633171316bb183f0280d67535dd69bb512f26bef6bd6d05c09f4ddd6f420ca7,https://cdn.feralfileassets.com/previews/47ab1047-708d-4f36-b5de-68e5995e175f/1646913658/?edition_number=0&blockchain=bitmark,200,text/html; charset=utf-8
infinite-entropy-xhj,4ac90d22-2b94-4dad-8685-3df950746010,Infinite Entropy 7,,software,1,16fce43e7d60b1f1b6f0ecaadc269d09fa98369595d4d62b6f5a8e247c7bdc55,https://cdn.feralfileassets.com/previews/4ac90d22-2b94-4dad-8685-3df950746010/1646913274/?edition_number=0&blockchain=bitmark,200,text/html; charset=utf-8
infinite-entropy-xhj,4f69d4eb-5f33-4d3b-a0ac-cc4189bf1f83,Infinite Entropy 2,,software,2,24e458c432f56773c5231d54cef99ddbd7a57cb76eceb1f021e0744b6a734240,https://cdn.feralfileassets.com/previews/4f69d4eb-5f33-4d3b-a0ac-cc4189bf1f83/1646912972/?edition_number=1&blockchain=bitmark,200,text/html; charset=utf-8
infinite-entropy-xhj,6dde453e-259f-49b7-b5db-02c7a41d049b,Infinite Entropy 21,,software,1,5c211713cb2c608f7d9a15680d3d7a92ef5d1e4643999b75912b5de4eceb4795,https://cdn.feralfileassets.com/previews/6dde453e-259f-49b7-b5db-02c7a41d049b/1646914008/?edition_number=0&blockchain=bitmark,200,text/html; charset=utf-8
infinite-entropy-xhj,87eafff7-a8c6-4d3f-bc51-3e23bc745125,Infinite Entropy 1,,software,1,9adf3e41ff76b10145d2d644aadf0f2d507464e730043a382777455b4fd1d1f0,https://cdn.feralfileassets.com/previews/87eafff7-a8c6-4d3f-bc51-3e23bc745125/1646835374/?edition_number=0&blockchain=bitmark,200,text/html; charset=utf-8
infinite-entropy-xhj,8fc2a19f-4393-4fa4-aee0-91c365232cef,Infinite Entropy 12,,software,1,02553dee040ce430b7ae6cf910131d61d66105022a5ba2d967e903afb7f50c9d,https://cdn.feralfileassets.com/previews/8fc2a19f-4393-4fa4-aee0-91c365232cef/1646913493/?edition_number=0&blockchain=bitmark,200,text/html; charset=utf-8
infinite-entropy-xhj,b4a46d9c-fa16-4a2c-a11d-03b49d5b1e63,Infinite Entropy 17,,software,1,cd60d61554453da87a7717cf4ae4f4ca62332fd0a0f75e7a96481c323a238fa0,https://cdn.feralfileassets.com/previews/b4a46d9c-fa16-4a2c-a11d-03b49d5b1e63/1646913761/?edition_number=0&blockchain=bitmark,200,text/html; charset=utf-8
infinite-entropy-xhj,cf44b110-3b40-471a-8415-c805c80baae9,Infinite Entropy 9,,software,1,647f5eea1cb152c02799fa5b96193d623416a52be8d2c5aaf07731be717f2415,https://cdn.feralfileassets.com/previews/cf44b110-3b40-471a-8415-c805c80baae9/1646913357/?edition_number=0&blockchain=bitmark,200,text/html; charset=utf-8
infinite-entropy-xhj,df6a7f8d-effe-4b0f-99e0-62a5924e5ee6,Infinite Entropy 24,,software,1,05dee55ef5e01bdd108588d5c64352e9481583ef724c03b3ee1da3e7e7f4dd4b,https://cdn.feralfileassets.com/previews/df6a7f8d-effe-4b0f-99e0-62a5924e5ee6/1646914180/?edition_number=0&blockchain=bitmark,200,text/html; charset=utf-8
infinite-entropy-xhj,ed25109e-3e36-429d-aafd-a9cd12f854fb,Infinite Entropy 3,,software,1,2e7ffeb78c65fa69668b33960ed84a2b60e75127ff7c5abc4f7987196189ff87,https://cdn.feralfileassets.com/previews/ed25109e-3e36-429d-aafd-a9cd12f854fb/1646913052/?edition_number=0&blockchain=bitmark,200,text/html; charset=utf-8
infinite-entropy-xhj,ee826cf5-9273-4b58-850c-0615668d9e2d,Infinite Entropy 22,,software,1,ee2919f85bdc1bf023f05263eb2efa453d3bdfae3a14bd635f95d52ca1105854,https://cdn.feralfileassets.com/previews/ee826cf5-9273-4b58-850c-0615668d9e2d/1646914066/?edition_number=0&blockchain=bitmark,200,text/html; charset=utf-8
infinite-entropy-xhj,f0750b82-282e-4eed-bdba-c4fb023fb684,Infinite Entropy 16,,software,1,4851a6b05199b8fb94ab731c9dc76d6d2a599014206fda11b77ef9e0737626cd,https://cdn.feralfileassets.com/previews/f0750b82-282e-4eed-bdba-c4fb023fb684/1646913710/?edition_number=0&blockchain=bitmark,200,text/html; charset=utf-8
infinite-entropy-xhj,f97bf0da-0630-4847-952a-902060b8081c,Infinite Entropy 6,,software,1,145edc84ddd2d941ad4c749f51995edac84129e376cffa67de865afe564e2e81,https://cdn.feralfileassets.com/previews/f97bf0da-0630-4847-952a-902060b8081c/1646913213/?edition_number=0&blockchain=bitmark,200,text/html; charset=utf-8
infinite-entropy-xhj,fe324a25-a5b3-4b17-bae4-8d4109f01fe7,Infinite Entropy 18,,software,1,972f0e46edae7539bafbe7eb3a7202b0585129d8b661ba50e71fdfcb7f5f1c39,https://cdn.feralfileassets.com/previews/fe324a25-a5b3-4b17-bae4-8d4109f01fe7/1646913827/?edition_number=0&blockchain=bitmark,200,text/html; charset=utf-8
instructions-follow-f1c,47db4cae-c786-4bb3-8735-e932ab81ed7f,Predictive Art Bot,,software,27,08a5a8cf4111de8e309b46692740a81ad589fd6f5b8345585b79e88ddf7890cf,https://cdn.feralfileassets.com/previews/47db4cae-c786-4bb3-8735-e932ab81ed7f/1630258818/?edition_number=34&blockchain=bitmark,200,text/html; charset=utf-8
instructions-follow-f1c,496bd7c1-d524-44fd-b8d6-9eb03fb9f320,Signal of the World,,video,37,07784d6d8d863927d5e331fb38d174bbc6c9f5ce9ee00abca162d24eb8b2d1b4,https://cdn.feralfileassets.com/previews/496bd7c1-d524-44fd-b8d6-9eb03fb9f320/1629962649/preview.mp4,200,video/mp4
instructions-follow-f1c,4f3fe912-d226-48b1-8120-56566426d110,Are Smart Machines Alive?,,video,32,06941a0afe660f466c2a5c4aae0433e4193d2ed580f0288c7450b0d127d6c355,https://cdn.feralfileassets.com/previews/4f3fe912-d226-48b1-8120-56566426d110/1630004919/preview.mp4,200,video/mp4
instructions-follow-f1c,51a53d4e-c60f-4582-8edc-c9998ed40a24,Ultimate Solvers,,software,35,000eb9e87a75e5d605b4fc84750936a216c34548dd2a521cde5f7ae72e2970a4,https://cdn.feralfileassets.com/previews/51a53d4e-c60f-4582-8edc-c9998ed40a24/1629968561/?edition_number=75&blockchain=bitmark,200,text/html; charset=utf-8
instructions-follow-f1c,6b095c1c-b367-4f4c-b583-6f0ae975e463,Each and Every Command,,txt,32,1611ebe99754faa83b5b523811e9416148930da6e42abaf35eeba572590657d3,https://cdn.feralfileassets.com/previews/6b095c1c-b367-4f4c-b583-6f0ae975e463/1630649915/preview.txt,200,
instructions-follow-f1c,6e0b8c01-5b11-4ceb-b40a-c1d8efa4a66a,Minos,,software,26,154ed9cbc776d9fe39c4a536879f8682a3e83c3c27f29f4508a854b72e2d2ca4,https://cdn.feralfileassets.com/previews/6e0b8c01-5b11-4ceb-b40a-c1d8efa4a66a/1629980523/?edition_number=22&blockchain=bitmark,200,text/html; charset=utf-8
instructions-follow-f1c,746f680d-9a6c-4125-9486-3271bdbe7e6e,Sigils,,video,30,09cbb14b71dc6097e462e8aa9821a59d04a28ef042b7bb14f1d83a52242a4772,https://cdn.feralfileassets.com/previews/746f680d-9a6c-4125-9486-3271bdbe7e6e/1630315151/preview.mp4,200,video/mp4
instructions-follow-f1c,91a3ea94-f606-40a9-9e39-611bdcb46fdd,Just in case,,animated gif,30,0c7e3305917a779d3cba7bd2a1d2296c4d58490e696260ade019421ad89a7f74,https://cdn.feralfileassets.com/previews/91a3ea94-f606-40a9-9e39-611bdcb46fdd/1629977054/preview.gif,200,image/gif
instructions-follow-f1c,a1b6689f-5236-471a-97a6-70ea0879dd42,Emergence,,software,23,0299a9b9cab5477131bada70244b714ceb699a4b27b8ef86d418182d1e29f14d,https://cdn.feralfileassets.com/previews/a1b6689f-5236-471a-97a6-70ea0879dd42/1630583755/?edition_number=19&blockchain=bitmark,200,text/html; charset=utf-8
instructions-follow-f1c,cf435a8a-c4df-4606-9acc-809217ab367b,24/7,,video,29,082e6a51accf70aaee30a836ec3429e117e12e4fb0d1daf7dcdfab8cf9088837,https://cdn.feralfileassets.com/previews/cf435a8a-c4df-4606-9acc-809217ab367b/1630268462/preview.mp4,200,video/mp4
instructions-follow-f1c,f2db8c40-a2fb-4a93-be03-75ce3b3133f3,What do you want me to say?,,software,32,0bd662012cf5d86bf3bdf1396ba4ee61e915a00cb410ffebce81e7cfc4ae9e45,https://cdn.feralfileassets.com/previews/f2db8c40-a2fb-4a93-be03-75ce3b3133f3/1630436182/?edition_number=43&blockchain=bitmark,200,text/html; charset=utf-8
instructions-follow-f1c,fe63cbf2-7377-4497-919b-853dd22c63e7,Neonumens,,video,29,037b1b0be96a2a3286443b1e56dbee25aace235f4693b4f8534716482b12359c,https://cdn.feralfileassets.com/previews/fe63cbf2-7377-4497-919b-853dd22c63e7/1629999287/preview.mp4,200,video/mp4
on-screen-presence-kpb,0c3fa80b-712a-4688-b01a-fb904c658b76,The Interfered Microscopy Plot,,video,40,64cd17005ddcfc11a73f6a160a37928483976126352d39f6dbc920f774b3f694,https://cdn.feralfileassets.com/previews/0c3fa80b-712a-4688-b01a-fb904c658b76/1655634363/preview.mp4,200,video/mp4
on-screen-presence-kpb,5440b100-26fe-41b6-b55e-96ff06b5a94a,The Interfered Microscopy Plot,,image,1,24e3b75c4541e2e6b72f3e5fb5861f7fe758fab2710f4a3ff43282d42992647d,https://cdn.feralfileassets.com/previews/5440b100-26fe-41b6-b55e-96ff06b5a94a/1655362048/preview.png,200,image/png
on-screen-presence-kpb,725023bf-1604-4f3b-8e57-100500682b29,Sketches in Iron,,video,18,08882a3ad9e5f584ccfa7e45d698a5b9e1aee276045c7ccaa73486b206c80536,https://cdn.feralfileassets.com/previews/725023bf-1604-4f3b-8e57-100500682b29/1654766580/preview.mp4,200,video/mp4
on-screen-presence-kpb,7b77f5d5-fefc-4a77-a40c-e9e8e5f8f9cb,Rewilded Topography #1 ,,video,47,d8ef905d2fd25225f053933df0d47b5e290b91fb0ed7fc5cc46af19331ed6de6,https://cdn.feralfileassets.com/previews/7b77f5d5-fefc-4a77-a40c-e9e8e5f8f9cb/1679631642/preview.mp4,200,video/mp4
on-screen-presence-kpb,90b82f85-dda3-417b-8af3-7e2d9a8756ba,Movie on 06-03-22 at 1.00 PM,,video,1,4269228f8696f8bf66f8b357828ff7ce25df4006661339604288b0b2707b23a7,https://cdn.feralfileassets.com/previews/90b82f85-dda3-417b-8af3-7e2d9a8756ba/1655449061/preview.mp4,200,video/mp4
on-screen-presence-kpb,abf1fd61-b911-402b-9e2e-d7dcf96c4d82,Sketches in Iron,,image,1,9e2137db96425c36070e1c95f0d43ab81a9c33b9e3d2e232d931b13ac4f0c366,https://cdn.feralfileassets.com/previews/abf1fd61-b911-402b-9e2e-d7dcf96c4d82/1654769374/preview.png,200,image/png
on-screen-presence-kpb,c328998f-27d4-496f-acea-7c971416110e,Every Icon: BlockPrint,,video,25,cb173dec866b7e4663ee81cb81ca77c3861210c25731dd363fe48fafacf99972,https://cdn.feralfileassets.com/previews/c328998f-27d4-496f-acea-7c971416110e/1651621817/preview.mov,200,video/quicktime
on-screen-presence-kpb,d0a3c28f-7e45-4a53-bb8a-ea8677f1da91,Rewilded Topography #1 ,,video,1,a86b061ed3ba3eb0a21af1bb216ff50ae5c931804dd5e970494ff7a42c5de214,https://cdn.feralfileassets.com/previews/d0a3c28f-7e45-4a53-bb8a-ea8677f1da91/1679392375/preview.mp4,200,video/mp4
on-screen-presence-kpb,df0fce01-b539-4e05-8087-68f3b371c8a8,Every Icon: BlockPrint,,image,1,9d445934ad50d703f2b9e5f2ff3d995920414df015e9c058f307097ab2515df2,https://cdn.feralfileassets.com/previews/df0fce01-b539-4e05-8087-68f3b371c8a8/1655374303/preview.jpg,200,image/jpeg
on-screen-presence-kpb,fd2cbf3b-152e-4ed1-b2ae-21f65b2e2d0f,Movie on 06-03-22 at 1.00 PM,,video,44,dafe99965c1c6675935db27fd19c2d7b58715d77596038b25e6adf7998d2fd2f,https://cdn.feralfileassets.com/previews/fd2cbf3b-152e-4ed1-b2ae-21f65b2e2d0f/1655634158/preview.mp4,200,video/mp4
p1x3l-n36,18125d2a-d424-496f-9949-9c3e625f114e,POST 2,,software,5,440071a454c154f9ed091cea871a90cb0823b7cf87b0e20e2a2db61236f95f24,https://cdn.feralfileassets.com/previews/18125d2a-d424-496f-9949-9c3e625f114e/1632387574/?edition_number=22&blockchain=bitmark,200,text/html
p1x3l-n36,26433d62-bb36-46f8-bc8e-ed7214967cc2,k.f0,,software,3,1122acaa08a308f9a4519716a6db0acace054d8c999719f1bca216398e2496c0,https://cdn.feralfileassets.com/previews/26433d62-bb36-46f8-bc8e-ed7214967cc2/1631214206/?edition_number=22&blockchain=bitmark,200,text/html
p1x3l-n36,3620d7ce-0677-4c59-be8e-0638632dc43b,k.a9,,software,3,1b031f3ccd17fb6e0316322b47f5a9f4f5be5dcf049a8697976f2b947da31afa,https://cdn.feralfileassets.com/previews/3620d7ce-0677-4c59-be8e-0638632dc43b/1631214470/?edition_number=28&blockchain=bitmark,200,text/html
p1x3l-n36,4f6816b5-3d84-4715-b025-c8a837030b49,Hatless,,animated gif,15,1b51615e54f4756128937b59580802baa1d4f4937754bddd3dabec14dcc902b1,https://cdn.feralfileassets.com/previews/4f6816b5-3d84-4715-b025-c8a837030b49/1631260821/?edition_number=9&blockchain=bitmark,200,text/html; charset=utf-8
p1x3l-n36,5d7e9132-059f-44d9-a6a9-3c8a9b688965,POST 1,,software,6,014346f0dbac009a279bfcd6042fb8ea3c907b1e7aea75f621f7662056034014,https://cdn.feralfileassets.com/previews/5d7e9132-059f-44d9-a6a9-3c8a9b688965/1632387593/?edition_number=27&blockchain=bitmark,200,text/html
p1x3l-n36,6862d0b4-252f-469d-8327-c0d79f8b4a67,4 ORBS,,animated gif,10,17d53c54cc888593dd625003aa97c7b8b193c26151e3ec08f13b101420cd2432,https://cdn.feralfileassets.com/previews/6862d0b4-252f-469d-8327-c0d79f8b4a67/1631208788/?edition_number=22&blockchain=bitmark,200,text/html; charset=utf-8
p1x3l-n36,af4fe2af-67bb-4440-9885-621d5c3bf965,Picnic 002,,animated gif,11,14a7d817e330e55c94bbed8c35020518389d31be6c22f2c8dea2d14076b750e1,https://cdn.feralfileassets.com/previews/af4fe2af-67bb-4440-9885-621d5c3bf965/1631287161/preview.gif,200,image/gif
p1x3l-n36,ebe3df0f-f765-410e-b2fa-edd39dcf5369,3 ORBS,,animated gif,8,21db5433d4c60a99bde7f20415da934dfe8c77c4f96537cb7549f592e8e348f7,https://cdn.feralfileassets.com/previews/ebe3df0f-f765-410e-b2fa-edd39dcf5369/1631817212/?edition_number=9&blockchain=bitmark,200,text/html; charset=utf-8
p1x3l-n36,f548cb77-a829-42ea-b097-3b54603a0d8f,Picnic 001,,animated gif,14,0afb406d8295b76c213cdac1bb94e3301e5e969508d7ddb4976747ea6411d3fd,https://cdn.feralfileassets.com/previews/f548cb77-a829-42ea-b097-3b54603a0d8f/1631287550/preview.gif,200,image/gif
p1x3l-n36,f6d4f5f8-7f31-48c9-871e-b2cf4d4270aa,Mirror Arm,,animated gif,6,31fcab455fabee8885b129cadfdee060db7cc7531fc86f772cca42b3b72ff1e0,https://cdn.feralfileassets.com/previews/f6d4f5f8-7f31-48c9-871e-b2cf4d4270aa/1631260875/?edition_number=26&blockchain=bitmark,200,text/html; charset=utf-8
polyarrythmia-dbb,03c9301f-e338-4419-8830-3e790fdc936b,Kubo Final,,audio,39,0a2032fb0cd1604937ac6ce7468e2c0dd7f518f69faa0f8bcc52e9647021b13e,https://cdn.feralfileassets.com/previews/03c9301f-e338-4419-8830-3e790fdc936b/1634763480/?edition_number=61&blockchain=bitmark,200,text/html; charset=utf-8
polyarrythmia-dbb,21a5bd39-64d0-490b-b578-6c6ecd317b7a,Simultan Dub,,audio,48,020bd20344b2839930d5dfe997a5d71c6ce8139844da42659188632e9be8f222,https://cdn.feralfileassets.com/previews/21a5bd39-64d0-490b-b578-6c6ecd317b7a/1634757768/?edition_number=25&blockchain=bitmark,200,text/html; charset=utf-8
polyarrythmia-dbb,25a0daeb-ec6d-4bfd-8a24-11c44beb5629,Seizures Palace,,audio,48,0628d90c614e767d9945164448e3e9e231da10221bd65133535539a08de0fb8e,https://cdn.feralfileassets.com/previews/25a0daeb-ec6d-4bfd-8a24-11c44beb5629/1634763514/?edition_number=72&blockchain=bitmark,200,text/html; charset=utf-8
polyarrythmia-dbb,398716ae-a05b-43bb-adb8-48e56114af6a,Vectoria,,audio,45,048fa07dc7a6ad7abfc7bbdc197c586669d42754cb9848e548d82e0aabeebf59,https://cdn.feralfileassets.com/previews/398716ae-a05b-43bb-adb8-48e56114af6a/1634712504/?edition_number=45&blockchain=bitmark,200,text/html; charset=utf-8
polyarrythmia-dbb,3e8f638a-c7e2-403a-98d8-c185411825bd,Acrylic Interval,,audio,43,0910c4315c9d0c180b13678a2a5cf5636c8d0dea1617345625a6309bc84c3c44,https://cdn.feralfileassets.com/previews/3e8f638a-c7e2-403a-98d8-c185411825bd/1634763505/?edition_number=86&blockchain=bitmark,200,text/html; charset=utf-8
polyarrythmia-dbb,93544620-dff8-4ae5-8194-3f527e8cc91e,Contrafictionary,,audio,42,05925363ce5af4d7414a7244bd46689e97199a90993f147534affdec6a941e5a,https://cdn.feralfileassets.com/previews/93544620-dff8-4ae5-8194-3f527e8cc91e/1634763453/?edition_number=14&blockchain=bitmark,200,text/html; charset=utf-8
polyarrythmia-dbb,dc8dddb8-7b4e-4d60-80da-071b92444514,Model Illusion,,audio,48,071469bff4a0c63172ff97bf15b1e6765020eb7d20145e0fc08300283053fb63,https://cdn.feralfileassets.com/previews/dc8dddb8-7b4e-4d60-80da-071b92444514/1634763492/?edition_number=55&blockchain=bitmark,200,text/html; charset=utf-8
polyarrythmia-dbb,e885a572-1acc-4b0c-9c63-c3f8e49bd302,Aufgezeichnete Luft,,audio,44,0ace7d5f8e5be602942ce6ea3a36b8455a61e4e220882f316cadac81bac73841,https://cdn.feralfileassets.com/previews/e885a572-1acc-4b0c-9c63-c3f8e49bd302/1634763439/?edition_number=25&blockchain=bitmark,200,text/html; charset=utf-8
polyarrythmia-dbb,ec014e95-c9de-4d2e-b464-d95c3f7ae19c,Glissbob,,audio,48,025ee36192480aa8343b6699671a8c8ae8f9e9265fb840e12d02e1de7290203d,https://cdn.feralfileassets.com/previews/ec014e95-c9de-4d2e-b464-d95c3f7ae19c/1634763465/?edition_number=29&blockchain=bitmark,200,text/html; charset=utf-8
primordium-i8m,05c97416-7379-4d26-a61d-61277b939d3f,36 Points #18,,software,1,6e143f0c3b14840d60265f6d735570493c48bdd351653582e52c3dcead4d704b,https://cdn.feralfileassets.com/previews/05c97416-7379-4d26-a61d-61277b939d3f/1725624172/index.html,200,text/html; charset=utf-8
primordium-i8m,0f7a9421-44df-4d9c-a0d0-f850e4fdd43f,36 Points #17,,software,1,09d668256b0a405a1a156121f60d371b713fe64d4963d67272f2570e6efbcf83,https://cdn.feralfileassets.com/previews/0f7a9421-44df-4d9c-a0d0-f850e4fdd43f/1725624153/index.html,200,text/html; charset=utf-8
primordium-i8m,102f320e-2315-49a5-b0d9-bb96da1bf820,36 Points #19,,software,1,dfaef0889902a62703d6f98cdef368744c6f8aa127ef8962fb3669d6029b12c9,https://cdn.feralfileassets.com/previews/102f320e-2315-49a5-b0d9-bb96da1bf820/1725624195/index.html,200,text/html; charset=utf-8
primordium-i8m,193dc737-9fe3-4f98-8714-c484cb4ce3e8,36 Points #16,,software,1,324698ccf966efc67b56dde7dd2ee878a93dde0ea650f34e21b5c0389ede6212,https://cdn.feralfileassets.com/previews/193dc737-9fe3-4f98-8714-c484cb4ce3e8/1725624129/index.html,200,text/html; charset=utf-8
primordium-i8m,2da1ec21-e476-40df-bc45-fb07573bdfe5,36 Points #10,,software,1,b4db309c7d31cbd17fb3b269f2ef5411985b5467517c68e511d771d2f453984c,https://cdn.feralfileassets.com/previews/2da1ec21-e476-40df-bc45-fb07573bdfe5/1725623878/index.html,200,text/html; charset=utf-8
primordium-i8m,2dbd7ac7-afe2-43fd-a83c-2156406c158e,36 Points #08,,software,1,64a70b517100437f82aa7bc0ba30810c365c717861ef40e04561f7fd5cb47261,https://cdn.feralfileassets.com/previews/2dbd7ac7-afe2-43fd-a83c-2156406c158e/1725623822/index.html,200,text/html; charset=utf-8
primordium-i8m,35b11663-0ced-4c14-9113-b5d763da0040,36 Points #34,,software,1,98bb0da97fea54243f045387732ac923775f934715f5cd23752349e84b349089,https://cdn.feralfileassets.com/previews/35b11663-0ced-4c14-9113-b5d763da0040/1725624529/index.html,200,text/html; charset=utf-8
primordium-i8m,361076b7-b4f5-4b47-b800-8c1f31100271,36 Points #23,,software,1,27e32cd86caff09f8f18ef2c99cc919707c5f86a645b3c84766b041eb0f99d70,https://cdn.feralfileassets.com/previews/361076b7-b4f5-4b47-b800-8c1f31100271/1725624277/index.html,200,text/html; charset=utf-8
primordium-i8m,500ccc6e-d7ad-443f-a9df-0bf709b3b3c9,36 Points #27,,software,1,eb9ca142f12a2c96a2d3b17928150e0065ef7c73a2a715cf169225fe4acd6f73,https://cdn.feralfileassets.com/previews/500ccc6e-d7ad-443f-a9df-0bf709b3b3c9/1725624373/index.html,200,text/html; charset=utf-8
primordium-i8m,669bc223-2deb-48f3-b5ba-e44d086bee6c,36 Points #21,,software,1,77b220fb67b61366329aad896069388ef0d6012b83d163db2dee49f214b70e66,https://cdn.feralfileassets.com/previews/669bc223-2deb-48f3-b5ba-e44d086bee6c/1725624238/index.html,200,text/html; charset=utf-8
primordium-i8m,6835b45f-7f3f-4caf-8a74-d52b35a24df1,36 Points #36,,software,1,bb0727dee198c6256d334d617723d12e53f3c54cfe43ef4b6c3b7d1cf2580a27,https://cdn.feralfileassets.com/previews/6835b45f-7f3f-4caf-8a74-d52b35a24df1/1725624582/index.html,200,text/html; charset=utf-8
primordium-i8m,6f5db274-ea1f-47b6-82ab-13b0ad650d36,36 Points #03,,software,1,e8fbb47a56b0395d1d25593143033d7597a7f3179323c5e923128f1c07e7894d,https://cdn.feralfileassets.com/previews/6f5db274-ea1f-47b6-82ab-13b0ad650d36/1725623638/index.html,200,text/html; charset=utf-8
primordium-i8m,78e56727-5b72-4f98-bbef-67ed004a635d,36 Points #35,,software,2,b3d6e4f36b471788e1f2674b45cf0fc92c5066e9a0944b1b5f6cf61ac29b96b7,https://cdn.feralfileassets.com/previews/78e56727-5b72-4f98-bbef-67ed004a635d/1725624560/index.html,200,text/html; charset=utf-8
primordium-i8m,7ad28960-94f5-465f-b586-9d7834da476b,36 Points #15,,software,1,436865acc80db26b65bae1e3d870c057e910c53f8abfec1410a9831a29d58f73,https://cdn.feralfileassets.com/previews/7ad28960-94f5-465f-b586-9d7834da476b/1725624110/index.html,200,text/html; charset=utf-8
primordium-i8m,7ba57167-a13e-4033-b07e-c7094f74410c,Embryogenesis,,video,29,0a4cb3fdf0ef43cc0a147e15c777dcc5fa8c58c3647a08125c4299e5aceb8c15,https://cdn.feralfileassets.com/previews/7ba57167-a13e-4033-b07e-c7094f74410c/1644855236/preview.mp4,200,video/mp4
primordium-i8m,7e2aceea-c9f0-4afc-a4c6-8d37dda61d02,36 Points #22,,software,1,91716b177e60a9c69db44252cc2ece60999369b4380134a137e5f9aa37a4109f,https://cdn.feralfileassets.com/previews/7e2aceea-c9f0-4afc-a4c6-8d37dda61d02/1725624255/index.html,200,text/html; charset=utf-8
primordium-i8m,7e92539c-65ce-426b-a243-9b043d0defda,36 Points #25,,software,1,7b8006ce5ca594df2264b8492e10da52df0d842aec52bd3f97b9ed1e11e22889,https://cdn.feralfileassets.com/previews/7e92539c-65ce-426b-a243-9b043d0defda/1725624330/index.html,200,text/html; charset=utf-8
primordium-i8m,81c8f5d2-9f23-4584-8ee5-f7c975dc7951,36 Points #11,,software,1,c534e7615606007a1b29de9323e262022ce509457aadf8179afeb5c86a423271,https://cdn.feralfileassets.com/previews/81c8f5d2-9f23-4584-8ee5-f7c975dc7951/1725624011/index.html,200,text/html; charset=utf-8
primordium-i8m,94c4b51e-3c29-4568-9545-0556b290e14b,36 Points #12,,software,1,301c18b451e2d4de2f341ed97d6f9d47c1e166aa28b255d70d63ee272ce6b257,https://cdn.feralfileassets.com/previews/94c4b51e-3c29-4568-9545-0556b290e14b/1725624039/index.html,200,text/html; charset=utf-8
primordium-i8m,9ddfcfcf-2e67-480d-9d3f-feb885acbafb,36 Points #26,,software,2,9a84cc2833c0ff8fcef5a5695f7829409421c31241a5872229794243d4331174,https://cdn.feralfileassets.com/previews/9ddfcfcf-2e67-480d-9d3f-feb885acbafb/1725624348/index.html,200,text/html; charset=utf-8
primordium-i8m,a2ba079e-319b-425a-b3df-6bb68c1b7343,36 Points #02,,software,1,b7e4237804af8883af444173b838e2d1b52ec150d6550785ada3d12f5a80e29d,https://cdn.feralfileassets.com/previews/a2ba079e-319b-425a-b3df-6bb68c1b7343/1725623570/index.html,200,text/html; charset=utf-8
primordium-i8m,a3d23452-f377-4d0e-9a67-ecce7a182927,Tapestry,,image,1,0e8a52c95130b6990f205a717f8876d878a7adc3fb60482832fd4f9e1cc01771,https://cdn.feralfileassets.com/previews/a3d23452-f377-4d0e-9a67-ecce7a182927/1644823296/preview.jpg,200,image/jpeg
primordium-i8m,b0cd5f03-3a5b-4be3-9c58-b05d2b388c5a,36 Points #30,,software,1,d8feb2edc36c42de68004de77e0c65372a647ec49bd588af4dde1e6bd4581061,https://cdn.feralfileassets.com/previews/b0cd5f03-3a5b-4be3-9c58-b05d2b388c5a/1725624437/index.html,200,text/html; charset=utf-8
primordium-i8m,bfecf42e-41e0-46a7-a948-435c5439d574,36 Points #04,,software,1,c4d40e188641a1b00c1b12ce3ad95d18c817dd74767b54c5fa2876f1ef942b7b,https://cdn.feralfileassets.com/previews/bfecf42e-41e0-46a7-a948-435c5439d574/1725623694/index.html,200,text/html; charset=utf-8
primordium-i8m,c32b4f0b-d3dc-43b8-bce2-011b82e57c97,36 Points #07,,software,1,54f4da608a656d99beb64173aa37b097faaef5d3e77805892b24dd6b345b3462,https://cdn.feralfileassets.com/previews/c32b4f0b-d3dc-43b8-bce2-011b82e57c97/1725623799/index.html,200,text/html; charset=utf-8
primordium-i8m,cb0fc2d2-1e7b-4a39-b518-2be692a52ffc,36 Points #28,,software,1,9cc5dbdb507e62b98afc45e89f27382b53daf924ec5dc321914399025f084bdd,https://cdn.feralfileassets.com/previews/cb0fc2d2-1e7b-4a39-b518-2be692a52ffc/1725624391/index.html,200,text/html; charset=utf-8
primordium-i8m,cddc55e9-15b1-453e-9f5f-359171be96b5,36 Points #13,,software,1,3b4ba742ac49fd9725f7121ef26efb95c3438f5520ef94453ae81cb5ed52b9a0,https://cdn.feralfileassets.com/previews/cddc55e9-15b1-453e-9f5f-359171be96b5/1725624066/index.html,200,text/html; charset=utf-8
primordium-i8m,cf4a1884-2d79-4875-bba1-20206a8a489c,36 Points #31,,software,1,3e7961dd24cfd5aa33a89d2b7b5383e5e5dae19cd2546ea99c4d5c576c87fb5c,https://cdn.feralfileassets.com/previews/cf4a1884-2d79-4875-bba1-20206a8a489c/1725624456/index.html,200,text/html; charset=utf-8
primordium-i8m,dc560d90-2d89-45be-a639-ebc3ab496f43,36 Points #32,,software,1,6f0c2ea5497ca0071114720799df784ef5b85f38fd5a95f9f9a1a34831541e48,https://cdn.feralfileassets.com/previews/dc560d90-2d89-45be-a639-ebc3ab496f43/1725624479/index.html,200,text/html; charset=utf-8
primordium-i8m,e15a896b-84f6-442d-be9e-3faeb088bfb0,36 Points #20,,software,1,3b41f9eafb9ef44915423829b0daef669de6a73f59df031205ae4114dfbf74ad,https://cdn.feralfileassets.com/previews/e15a896b-84f6-442d-be9e-3faeb088bfb0/1725624214/index.html,200,text/html; charset=utf-8
primordium-i8m,e496c840-27ce-4988-80a3-e99cd123d107,36 Points #14,,software,1,93904a1b7e32e651867e4490519910132c8cbc9c5ebb74b421e9b8336d74d5aa,https://cdn.feralfileassets.com/previews/e496c840-27ce-4988-80a3-e99cd123d107/1725624091/index.html,200,text/html; charset=utf-8
primordium-i8m,e5437c4c-e32c-40e4-9b0a-074db2d11a6a,36 Points #06,,software,1,878c62557644c731e0114ce1ac90e5d871f6f44c517d646e4106dba3048c13cf,https://cdn.feralfileassets.com/previews/e5437c4c-e32c-40e4-9b0a-074db2d11a6a/1725623770/index.html,200,text/html; charset=utf-8
primordium-i8m,e9c74592-8483-4511-adb2-16ef4730ca1a,36 Points Display Edition,,software,1,6a8bd126fb8570d79e14c929e2d09234e9930e56377fb23ab482dcd4066db75e,https://cdn.feralfileassets.com/previews/e9c74592-8483-4511-adb2-16ef4730ca1a/1644976484/?edition_number=0&blockchain=bitmark,200,text/html; charset=utf-8
primordium-i8m,f004b2e2-91bf-4517-8815-faea12a3f062,36 Points #24,,software,1,5987eae01486de1110d0e2e33166e0a7ef3403c825ade0843aa60556ec7fc88c,https://cdn.feralfileassets.com/previews/f004b2e2-91bf-4517-8815-faea12a3f062/1725624305/index.html,200,text/html; charset=utf-8
primordium-i8m,f128ae45-67bf-41f7-bef6-cdb30ec3c02b,36 Points #29,,software,1,ce84b06f2aa27df135a4aff6191c1e6f86f4cc5e890c5c2c3c487eb13fefd9dc,https://cdn.feralfileassets.com/previews/f128ae45-67bf-41f7-bef6-cdb30ec3c02b/1725624409/index.html,200,text/html; charset=utf-8
primordium-i8m,f421b0af-2ebc-4fa3-a9c1-de2ae7662c3e,36 Points #33,,software,1,ab4a56c0db0eda8ed3ac8c0b93c164aefcbe42e0469fee711f7a1dd85b8e9c89,https://cdn.feralfileassets.com/previews/f421b0af-2ebc-4fa3-a9c1-de2ae7662c3e/1725624504/index.html,200,text/html; charset=utf-8
primordium-i8m,f4cf4ad5-b654-48d3-8ea0-85ec65eb17fa,36 Points #05,,software,1,730b8b4732c7c7922d882cf3170fa838c0c33c3078652b3d97b551ce7a6016e9,https://cdn.feralfileassets.com/previews/f4cf4ad5-b654-48d3-8ea0-85ec65eb17fa/1725623734/index.html,200,text/html; charset=utf-8
primordium-i8m,f65cb7b3-89e2-47eb-9e73-3b371105e15e,36 Points #01,,software,1,193bd961e48d180ccfbd7da520637b1520a6ca50cd22b2516840952d78ee4961,https://cdn.feralfileassets.com/previews/f65cb7b3-89e2-47eb-9e73-3b371105e15e/1725620464/index.html,200,text/html; charset=utf-8
primordium-i8m,ff673a40-0bfb-4ac9-b6a3-2d9cc8385463,36 Points #09,,software,1,49ca5f6ab978f2227d28dfb847dcf1b575b57f2c7d8326c278c5490df33c2473,https://cdn.feralfileassets.com/previews/ff673a40-0bfb-4ac9-b6a3-2d9cc8385463/1725623849/index.html,200,text/html; charset=utf-8
reflections-in-the-water-9ov,063ccfde-866d-4dbd-95ed-5213336cfbca,Strange Fruit,,video,32,162e810bbf15e43bafa61211d23d623fb0e630684afdb4b6a8a1a98cdca20cfa,https://cdn.feralfileassets.com/previews/063ccfde-866d-4dbd-95ed-5213336cfbca/1632743139/preview.mp4,200,video/mp4
reflections-in-the-water-9ov,3224d677-f521-415d-86c0-1f2f9c47abef,CUSP - Marsh Birds,,video,32,0b7c6cbf20a6000a72575f5a06d35e426f24c5fa9a739adf3f568d7fbd14aa2a,https://cdn.feralfileassets.com/previews/3224d677-f521-415d-86c0-1f2f9c47abef/1632440301/preview.mp4,200,video/mp4
reflections-in-the-water-9ov,4a58d6e4-d014-4ea3-9837-f7892fd48157,Venuses (quantum bodies watched by Open Pose algorithm),,video,33,021d60eae045e06d47cf97e2bd34d194564873d71ed7f3cff2ba70b8dee7cc53,https://cdn.feralfileassets.com/previews/4a58d6e4-d014-4ea3-9837-f7892fd48157/1632512625/preview.mp4,200,video/mp4
reflections-in-the-water-9ov,6ceb34ad-a8e2-40af-ada7-121a778ec352,Contemplating Motion,,video,31,088fe9de0876ecf2c0744561147aafcebebbc524f59c33f85134e6564c71a7ff,https://cdn.feralfileassets.com/previews/6ceb34ad-a8e2-40af-ada7-121a778ec352/1632752834/preview.mp4,200,video/mp4
reflections-in-the-water-9ov,7462201d-7fd6-4ee9-83f6-4e4b35c39de1,There once was a jellyfish ...,,video,21,03d109d45f103f85995f6584b09b377ecf1ae17603c10ffb876bb5eedf3986bc,https://cdn.feralfileassets.com/previews/7462201d-7fd6-4ee9-83f6-4e4b35c39de1/1632297823/preview.mp4,200,video/mp4
reflections-in-the-water-9ov,83c776c3-262e-4f1d-95f9-97f6d2ccb7cd,Fragments of Self,,video,36,03cd4a47fe138ea4a35799a3a31419e014633566d276a11cc81624d7500687f1,https://cdn.feralfileassets.com/previews/83c776c3-262e-4f1d-95f9-97f6d2ccb7cd/1632574381/preview.mp4,200,video/mp4
reflections-in-the-water-9ov,8718cfaf-3a37-4112-bc66-c3654d2fb302,Pixie,,video,34,02e860e3c771ef6528e2724901751c679da98c60b9ceeded17ec6fdb4ec8613d,https://cdn.feralfileassets.com/previews/8718cfaf-3a37-4112-bc66-c3654d2fb302/1632771101/preview.mp4,200,video/mp4
reflections-in-the-water-9ov,92a0c691-c281-4a93-ae1f-48d5eacd0ee3,"Leaves of Manifold, of Red and Gold",,animated gif,26,139cf54a19b219d0b90eeadeb5391450bcb0fc21b712157d559fae0454d92604,https://cdn.feralfileassets.com/previews/92a0c691-c281-4a93-ae1f-48d5eacd0ee3/1632824880/preview.gif,200,image/gif
reflections-in-the-water-9ov,d26432cc-df0d-42c3-94db-098332b438b6,Neighbors,,video,29,04ebd5489d9f98dc3be2a8c9d1e9ff2de6309553a26dc04fa9101e93a3a722b1,https://cdn.feralfileassets.com/previews/d26432cc-df0d-42c3-94db-098332b438b6/1632998045/preview.mp4,200,video/mp4
reflections-in-the-water-9ov,d7f80e10-a227-4272-bd58-2da08703d460,Vague Recollection,,software,22,17f1401566b59a63a0771b5fd187df00eb88ef9512ce26694618084f08599e20,https://cdn.feralfileassets.com/previews/d7f80e10-a227-4272-bd58-2da08703d460/1632732499/?edition_number=71&blockchain=bitmark,200,text/html; charset=utf-8
reflections-in-the-water-9ov,e1b87ae6-d871-4e70-8df1-f9cd7dbd09f9,"Fragments:30.2051 N, 90.1121 W",,video,26,0b5c92348f482a52e28f10eb26433e4f02205bc08cc1d551e140566f9f60aa33,https://cdn.feralfileassets.com/previews/e1b87ae6-d871-4e70-8df1-f9cd7dbd09f9/1632751432/preview.mp4,200,video/mp4
reflections-in-the-water-9ov,f27c6217-e4c0-4f82-b8b7-d38c8653b0dd,Solstice Sky Dream,,video,31,09ba2c2a31e78f5656f6f76d2c6f49b4d98f32006799ba24fe165ad0a332fcc1,https://cdn.feralfileassets.com/previews/f27c6217-e4c0-4f82-b8b7-d38c8653b0dd/1632474304/preview.mp4,200,video/mp4
social-codes-pcl,00f8e853-e20e-49bb-9f2f-8190507b8066,Scrampled,,software,11,152e83edfc9f9cae0a4bb4a413495978748325703bdd88422f15270e847ea648,https://cdn.feralfileassets.com/previews/00f8e853-e20e-49bb-9f2f-8190507b8066/1615449076/?edition_number=71&blockchain=bitmark,200,text/html
social-codes-pcl,07c766f0-edc4-45fd-be50-83f89228b08c,dada data,,software,11,b328e4b3e1b53e35946d22084932e9394be04af6de1b792d815dddca7bdaf027,https://cdn.feralfileassets.com/previews/07c766f0-edc4-45fd-be50-83f89228b08c/1615370392/?edition_number=70&blockchain=bitmark,200,text/html
social-codes-pcl,1f060e42-3437-444c-b823-a8b8532c449c,1DE94,,software,11,7c5a9c52fcf0a7ae7818293133afc873ad789e3878c333cc6447ff5a532d7b8d,https://cdn.feralfileassets.com/previews/1f060e42-3437-444c-b823-a8b8532c449c/1615550075/?edition_number=4&blockchain=bitmark,200,text/html
social-codes-pcl,28cad12d-50f2-4d82-a77d-1284cf934b8c,Shimmer,,software,10,12746dbc4d7371de11286b3d3186fc42df81dbc13fe9ecbee4e86d2bcac45009,https://cdn.feralfileassets.com/previews/28cad12d-50f2-4d82-a77d-1284cf934b8c/1615815656/?edition_number=74&blockchain=bitmark,200,text/html
social-codes-pcl,2a727b17-7890-4464-913d-3fe5ad2af4ae,Transparent Grit,,software,4,f981165772c8a16dcc0bb52971ef3907e5be8efa19782b2d121a57a1181b965d,https://cdn.feralfileassets.com/previews/2a727b17-7890-4464-913d-3fe5ad2af4ae/1615474528/?edition_number=55&blockchain=bitmark,200,text/html
social-codes-pcl,33e55482-5dac-40b8-972e-750c374d69bb,Lamia,,software,8,95167f22a089861e0f212341feea7685fb16e7bc63cf19ae2be9e7153b60b943,https://cdn.feralfileassets.com/previews/33e55482-5dac-40b8-972e-750c374d69bb/1615652677/?edition_number=67&blockchain=bitmark,200,text/html
social-codes-pcl,43c29566-9fad-42ce-aab9-1c4947164d94,Arrels,,software,12,8ff574bc598db98e948ed892c04a1aa58021df179b07bf96f524ce0d1bceaa76,https://cdn.feralfileassets.com/previews/43c29566-9fad-42ce-aab9-1c4947164d94/1615728457/?edition_number=74&blockchain=bitmark,200,text/html; charset=utf-8
social-codes-pcl,5af4af6f-1e6b-4e45-95db-7b4de60fe0ca,enchanting luxuriance,,software,10,6be3b615eaeb72b9986d7d122102cbc04a85e83b35c0adc59e5e1864d20a85af,https://cdn.feralfileassets.com/previews/5af4af6f-1e6b-4e45-95db-7b4de60fe0ca/1615757683/?edition_number=74&blockchain=bitmark,200,text/html
social-codes-pcl,69518c54-2bc5-4b90-b606-675529c7593d,can I go where you go?,,software,7,f425efa480988e94513e2223529c8c74a2c5a396c90e52ac4df4fc88dd977062,https://cdn.feralfileassets.com/previews/69518c54-2bc5-4b90-b606-675529c7593d/1615845070/?edition_number=71&blockchain=bitmark,200,text/html
social-codes-pcl,9983bf66-380e-4af3-bee9-237c492f18a0,uneasy dream,,software,6,859cc745fc4888771de964a162cb5b574508728629b6f0f38c5d70d447f3bfda,https://cdn.feralfileassets.com/previews/9983bf66-380e-4af3-bee9-237c492f18a0/1615757415/?edition_number=72&blockchain=bitmark,200,text/html
ten-whistlegraphs-thv,1e0b019f-60fa-4ae2-96ab-78796310ce0d,Time To Grow,,software,2,eea74c735ee6fda109c50f0732cee5c84c0173ecf7cab73c8148b12c5d88e991,https://cdn.feralfileassets.com/previews/1e0b019f-60fa-4ae2-96ab-78796310ce0d/1653025342/?edition_number=2&blockchain=bitmark,200,text/html; charset=utf-8
ten-whistlegraphs-thv,2998a10b-8ddc-4344-9f3d-710ab5ec9287,Butterfly Cosplayer,,software,2,515d5581e3d8a43104ed309b2a82ea00fe455a0b88c419d72cd238ec27cd6f60,https://cdn.feralfileassets.com/previews/2998a10b-8ddc-4344-9f3d-710ab5ec9287/1653025295/?edition_number=2&blockchain=bitmark,200,text/html; charset=utf-8
ten-whistlegraphs-thv,3110459a-bcad-4dd9-a43d-a0f1eaddc0f8,Slinky Dog,,software,3,0088fb88fd4877ecf1aa83d85efc86736c7d70339105838451955c0ee87f18a8,https://cdn.feralfileassets.com/previews/3110459a-bcad-4dd9-a43d-a0f1eaddc0f8/1653025712/?edition_number=2&blockchain=bitmark,200,text/html; charset=utf-8
ten-whistlegraphs-thv,3a13e193-725f-4a07-b5fa-51f36fc79050,People Pleaser,,software,3,8ea0626ff149d89d471b2664406efb127b7c8482698a72cfcafc2ac30b045779,https://cdn.feralfileassets.com/previews/3a13e193-725f-4a07-b5fa-51f36fc79050/1653025795/?edition_number=4&blockchain=bitmark,200,text/html; charset=utf-8
ten-whistlegraphs-thv,5eb92ed1-7e81-4b2f-a24c-8e2a67c085e8,Lately When I Fly,,software,3,44607e5cc0c5c68db5eb6606ef763f5c655691c72bda9f4286b2368efac065b2,https://cdn.feralfileassets.com/previews/5eb92ed1-7e81-4b2f-a24c-8e2a67c085e8/1653025637/?edition_number=5&blockchain=bitmark,200,text/html; charset=utf-8
ten-whistlegraphs-thv,71e492dd-e8e6-4b1e-8bf1-ee6d8708e04e,What’s Inside Your Heart?,,software,2,466af230652060bbd529f9aba05bc6de38e79a66ea436db46eb8f5c7ac9fc3d3,https://cdn.feralfileassets.com/previews/71e492dd-e8e6-4b1e-8bf1-ee6d8708e04e/1653025825/?edition_number=2&blockchain=bitmark,200,text/html; charset=utf-8
ten-whistlegraphs-thv,9ce5936e-a888-4302-a998-146823306098,Puzzle,,software,2,d1a166b968292814878e46ab08bcd4a37aab4c8944cb8cbda056ba6b135cbcd0,https://cdn.feralfileassets.com/previews/9ce5936e-a888-4302-a998-146823306098/1653025678/?edition_number=2&blockchain=bitmark,200,text/html; charset=utf-8
ten-whistlegraphs-thv,a187efae-f936-4363-8f77-61b650548144,I Don’t Need an iPhone,,software,2,df42727e85bfbfff2b50fa6c3062318fcef57eef8c4b4cd198a6b62d542266a1,https://cdn.feralfileassets.com/previews/a187efae-f936-4363-8f77-61b650548144/1653025606/?edition_number=2&blockchain=bitmark,200,text/html; charset=utf-8
ten-whistlegraphs-thv,edc8b7d3-e95c-4056-93d3-d29d1258195f,Loner,,software,3,65518bd713ce3efcea344b384eb7452aa2ff6290204ef0be97f0ceaba0a79e35,https://cdn.feralfileassets.com/previews/edc8b7d3-e95c-4056-93d3-d29d1258195f/1653025489/?edition_number=2&blockchain=bitmark,200,text/html; charset=utf-8
ten-whistlegraphs-thv,f0cf5ba9-4d45-45a7-aafa-a340ccb1dca8,Mommy Wow,,software,3,6d68759d4b9fa200c1a0268affa37b3381999c98db4db4d9a45224ef72198f70,https://cdn.feralfileassets.com/previews/f0cf5ba9-4d45-45a7-aafa-a340ccb1dca8/1653025764/?edition_number=3&blockchain=bitmark,200,text/html; charset=utf-8
the-bardo-unpacking-the-real-a2j,2a57c29f-fa5b-440d-8dee-2d58cdb9238c,The Mystery [v5-dv1] ,,3d,70,1f553239017bc6503d9d700d289e6b81e4403f8f28640bedd9ed8c7b9f7490b4,https://cdn.feralfileassets.com/previews/2a57c29f-fa5b-440d-8dee-2d58cdb9238c/1620669376/?edition_number=197&blockchain=bitmark,200,text/html
the-bardo-unpacking-the-real-a2j,3a9f6d14-d53d-4d5c-b55a-f0e5793d5d0e,"Spectrality (from The Divers, IX)",,3d,104,1da2079fade20c9bf84b0d082e3ee0e9a21ea4b7cc3661144e6946e072116cf0,https://cdn.feralfileassets.com/previews/3a9f6d14-d53d-4d5c-b55a-f0e5793d5d0e/1620350770/?edition_number=200&blockchain=bitmark,200,text/html
the-bardo-unpacking-the-real-a2j,6bcc9b62-0ca3-4fdc-8232-0a3f2d4adf13,peep-o-rama,,3d,98,7d31d8c141771bf4257cd1ebfb1b79bc0b8138faaf7b42be384d311dd81de64b,https://cdn.feralfileassets.com/previews/6bcc9b62-0ca3-4fdc-8232-0a3f2d4adf13/1620666173/?edition_number=2&blockchain=bitmark,200,text/html
the-bardo-unpacking-the-real-a2j,7764ae91-0392-48fb-b68c-796d701bed08,Earmark,,software,131,aa2d71facbba7535c18b10c659ad55d2401260609aa56c2b026894acdb160b21,https://cdn.feralfileassets.com/previews/7764ae91-0392-48fb-b68c-796d701bed08/1620416013/?edition_number=98&blockchain=bitmark,200,text/html
the-bardo-unpacking-the-real-a2j,adc4221c-4f00-4193-ac82-c4d9b1a0b681,Kiki.object,,animated gif,98,d402fdf6bf51fe6a7b91e498c7c011598a5b20cbbdfbe4f38cff7fc4d8e278f2,https://cdn.feralfileassets.com/previews/adc4221c-4f00-4193-ac82-c4d9b1a0b681/1620671843/?edition_number=100&blockchain=bitmark,200,text/html
the-bardo-unpacking-the-real-a2j,e9aab828-96ae-4d16-b155-6bb9fded9f34,Slipstream 001,,video,68,50ef79f5303aebb25d5a0823489c90141c211d6c8a6b1e7f61530ab7b95d85a1,https://cdn.feralfileassets.com/previews/e9aab828-96ae-4d16-b155-6bb9fded9f34/1620621299/compressed.mp4,200,video/mp4
the-bardo-unpacking-the-real-a2j,faa504eb-868c-4134-a7b2-eef051b9abbc,it's a matter of perspective,,software,119,3fcb4f37e2a8d9d79bdc7a769a473a531cba303590f6276c169104af4ca3b436,https://cdn.feralfileassets.com/previews/faa504eb-868c-4134-a7b2-eef051b9abbc/1620642833/?edition_number=197&blockchain=bitmark,200,text/html
the-long-cut-bqv,06dccbad-8fee-4c3c-934a-7eb45bd0b9d1,Free Fall Study III,,video,26,0204c315f93a78cc71d3f285b970002f86af4abbf4cfcbfeecf92cdf24975aa8,https://cdn.feralfileassets.com/previews/06dccbad-8fee-4c3c-934a-7eb45bd0b9d1/1627392674/compressed.mp4,200,video/mp4
the-long-cut-bqv,1703b594-d76d-49a5-a6c8-ce04f85550ed,Steering Pixels,,video,22,0714d112c06bbccc325362ac17c63e05c746ec8ce084065215c418a75ae2b6e3,https://cdn.feralfileassets.com/previews/1703b594-d76d-49a5-a6c8-ce04f85550ed/1627323098/compressed.mp4,200,video/mp4
the-long-cut-bqv,231fa61b-eb94-40d7-9a5c-0d5c7e94f1ed,"E-dream: We’ll stay, forever, in this way (2020 selected)",,video,25,135bba7f3499fef85f528c79f13bfe85326d1d4d9ab1b9e108ac431735d18e55,https://cdn.feralfileassets.com/previews/231fa61b-eb94-40d7-9a5c-0d5c7e94f1ed/1627666801/compressed.mp4,200,video/mp4
the-long-cut-bqv,252527ee-2232-45e0-9ead-27379ff26219,Abstract Oracle Miner 0009328437,,software,18,19e85e674f633245ee293e75a537b01ae74df84695fbfe949610871d1fc50f5d,https://cdn.feralfileassets.com/previews/252527ee-2232-45e0-9ead-27379ff26219/1627998769/?edition_number=2&blockchain=bitmark,200,text/html
the-long-cut-bqv,2d1f1330-d66a-4e9e-afd6-c17e5e55f2c4,"In endless flow of absolute truth, there are innumerable relative conjecture.",,software,24,171a566d3e08013d95cfaf585d15b953e1b27e1408522f14bb69de34dfd739b3,https://cdn.feralfileassets.com/previews/2d1f1330-d66a-4e9e-afd6-c17e5e55f2c4/1627893099/?edition_number=45&blockchain=bitmark,200,text/html; charset=utf-8
the-long-cut-bqv,5472181b-3d22-436b-88fb-bb3e07fa073d,Satellite,,video,24,163699442f23a8c1fa35ce332eac960ea472a63e04547745552186a8bef96786,https://cdn.feralfileassets.com/previews/5472181b-3d22-436b-88fb-bb3e07fa073d/1627539250/compressed.mp4,200,video/mp4
the-long-cut-bqv,78850fcd-afca-4757-a9c6-9c847cb3c49d,The One Who Lived Yesterday,,video,22,1d5f515c8ae6835f25ff421a952b62c3d747aba71c32fbd9f922d65bb19771ef,https://cdn.feralfileassets.com/previews/78850fcd-afca-4757-a9c6-9c847cb3c49d/1627351315/compressed.mp4,200,video/mp4
unsupervised-sla,29b720ff-fcbf-4467-a53d-e79a90ad0d60,Unsupervised — Machine Hallucinations — MoMA,,software,1,0c11960809c91528105fc5d910bc26c4563eac4da30fd5b489535cdd5c295b98,https://cdn.feralfileassets.com/previews/29b720ff-fcbf-4467-a53d-e79a90ad0d60/1637059159/preview.mp4,200,video/mp4
unsupervised-sla,29cd44b3-2ed9-4d8b-beb5-073d248a1a00,Unsupervised — Machine Hallucinations — MoMA Dreams — I,,image,11,053bcbc144b652cb11657d6f9bc631652f7db53a94f36f287a9e23500eef81e5,https://cdn.feralfileassets.com/previews/29cd44b3-2ed9-4d8b-beb5-073d248a1a00/1637046398/preview.jpg,200,image/jpeg
unsupervised-sla,31bc21a0-c834-49a3-866f-d4839cbe14df,Unsupervised — Machine Hallucinations — MoMA Dreams — G,,image,12,13b9dce3d202b01462dd1a0631c92c554134afbed9f37f6d536d537033a2467b,https://cdn.feralfileassets.com/previews/31bc21a0-c834-49a3-866f-d4839cbe14df/1637046340/preview.jpg,200,image/jpeg
unsupervised-sla,61c2c2b6-4f2c-4e1b-9e45-23faf3e76594,Unsupervised — Machine Hallucinations — MoMA Dreams — D,,image,8,060f5b84abd53a4b5178cf8897ee2fdf53465317f2a046baf44c663d8f0b43b3,https://cdn.feralfileassets.com/previews/61c2c2b6-4f2c-4e1b-9e45-23faf3e76594/1637046237/preview.jpg,200,image/jpeg
unsupervised-sla,6a0781b7-93ff-4cef-9a92-6e197990be57,Unsupervised — Machine Hallucinations — MoMA Dreams — H,,image,14,1149b195f64fb7880c257be49d885aedf2361a1466294d0c6409cca0b09be808,https://cdn.feralfileassets.com/previews/6a0781b7-93ff-4cef-9a92-6e197990be57/1637046365/preview.jpg,200,image/jpeg
unsupervised-sla,821dd86a-8764-441f-af58-95c857a7c4d3,Unsupervised — Machine Hallucinations — MoMA Dreams — B,,image,10,32e9bc1c6c6d8851ad2083501e925ac13ccd7e2318e72dfafd1bba2e0830a14d,https://cdn.feralfileassets.com/previews/821dd86a-8764-441f-af58-95c857a7c4d3/1637046150/preview.jpg,200,image/jpeg
unsupervised-sla,96f1663b-5216-4758-aa7f-3a70e6d9d45b,Unsupervised — Machine Hallucinations — MoMA Generative Study 1,,video,1,8030847d1102064cf0d0d3a94c45211d5512d986a2181d27fdfd3ee031c9cf3f,https://cdn.feralfileassets.com/previews/96f1663b-5216-4758-aa7f-3a70e6d9d45b/1637052748/preview.mp4,200,video/mp4
unsupervised-sla,c3b2c10b-91c6-4e2f-83bc-fcb5068e98be,Unsupervised — Machine Hallucinations — MoMA Dreams — C,,image,9,064d6abe60ceaf0ad9de49717d09b6de01ffaad8bc582af262b964424cfa5d12,https://cdn.feralfileassets.com/previews/c3b2c10b-91c6-4e2f-83bc-fcb5068e98be/1637046206/preview.jpg,200,image/jpeg
unsupervised-sla,c4c9bfde-13bc-4cf5-bc4d-817280673ec3,Unsupervised — Machine Hallucinations — MoMA Dreams — E,,image,8,298dca127d59abc71516d8ba026b05f9de218c71c705e67c044c1ce0babc56da,https://cdn.feralfileassets.com/previews/c4c9bfde-13bc-4cf5-bc4d-817280673ec3/1637046282/preview.jpg,200,image/jpeg
unsupervised-sla,d35cdb38-917f-42f3-9914-e276dc5f0ded,Unsupervised — Machine Hallucinations — MoMA Dreams — A,,image,9,673b1867d990295c943d9a36b4c053c8e9c90942929dcf1dd4fbcda2fd90acb3,https://cdn.feralfileassets.com/previews/d35cdb38-917f-42f3-9914-e276dc5f0ded/1637045388/preview.jpg,200,image/jpeg
unsupervised-sla,d6e1e0f1-7a9d-46f1-a691-bf0604e755b5,Unsupervised — Machine Hallucinations — MoMA Fluid Dreams,,video,1,31f2afc4decc1ec9bae93f7897f71c1b64d18032bb2bf8ca6d41862cb783df1b,https://cdn.feralfileassets.com/previews/d6e1e0f1-7a9d-46f1-a691-bf0604e755b5/1637053622/preview.mp4,200,video/mp4
unsupervised-sla,e362fa91-c218-45df-8167-d7e7c3440052,Unsupervised — Machine Hallucinations — MoMA Dreams — F,,image,8,1865f68516f0489fa1762e12b0c31b243a68fce99238408a397fbb4114d47624,https://cdn.feralfileassets.com/previews/e362fa91-c218-45df-8167-d7e7c3440052/1637046314/preview.jpg,200,image/jpeg
unsupervised-sla,e601569d-5611-4a82-93ba-a7f55b260001,Unsupervised — Data Universe — MoMA,,video,563,e894dec73e78be5744390447f766e03e5e41e8b82db845b687bce19ef3c784b3,https://cdn.feralfileassets.com/previews/e601569d-5611-4a82-93ba-a7f55b260001/1637053763/preview.mp4,200,video/mp4
wetware-tkl,2ee448fc-b02a-4f74-a8c0-0e4da84f7ab1,MAJLIS AL-JINN: Huma + The Archive,,video,60,046f767eff0d3a8b7c70730d2258f47288655490ea58a25a88e39ee5b2274fd0,https://cdn.feralfileassets.com/previews/2ee448fc-b02a-4f74-a8c0-0e4da84f7ab1/1653333598/preview.mp4,200,video/mp4
wetware-tkl,434b4eab-f8ed-4e75-b80f-5377e08ca430,Contested Zone,,image,63,0012000bb5788cf7ce5786255686cffab551f988628b41a3630226b51500e8b8,https://cdn.feralfileassets.com/previews/434b4eab-f8ed-4e75-b80f-5377e08ca430/1654582787/preview.jpg,200,image/jpeg
wetware-tkl,522055e6-e5d8-41b5-8cad-9823c9666e2a,Estroworld Now: The Quarantine Edition,,3d,68,0102ddf936fcce78a506646948f620adc7a6419eb1cd3b6d82b45727ffc27c8d,https://cdn.feralfileassets.com/previews/522055e6-e5d8-41b5-8cad-9823c9666e2a/1654421582/?edition_number=51&blockchain=bitmark,200,text/html; charset=utf-8
wetware-tkl,6d1a279d-0ddc-4067-84e4-0e0e96fd36fb,Housewives Making Drugs,,video,65,01619e27adeefad9e7812079df0423f9af11236b06c5d85d9e983b37b675ff80,https://cdn.feralfileassets.com/previews/6d1a279d-0ddc-4067-84e4-0e0e96fd36fb/1653572076/preview.mp4,200,video/mp4
wetware-tkl,9849f146-aef6-4614-9f8e-6bbf82fba520,Bindigrl,,animated gif,65,00527ca84081b54390c95175ec3cac4d8b2d60340008e830d206c82fbff1c346,https://cdn.feralfileassets.com/previews/9849f146-aef6-4614-9f8e-6bbf82fba520/1654120458/preview.gif,200,image/gif
wetware-tkl,9d72a792-cd60-40b6-a8aa-59bc41a9cacb,Social Capital Fights,,video,64,03744d42ff8b1262269f545d44aa8e07f391faeed6bfd73e8c7605fa1730d214,https://cdn.feralfileassets.com/previews/9d72a792-cd60-40b6-a8aa-59bc41a9cacb/1652956835/preview.mp4,200,video/mp4
wetware-tkl,bb118c17-1444-4c39-9587-64aa126d6f58,Cyberflesh Girlmonster-4 Recuperated Stills,,image,67,03a3678088306a251c5d378a11ac228cecd0d5bdd454ab24277c83077134ca7c,https://cdn.feralfileassets.com/previews/bb118c17-1444-4c39-9587-64aa126d6f58/1653352241/preview.jpg,200,image/jpeg
wetware-tkl,c4c506d9-a409-471a-bbf9-012bcfb1fa73,Putins a WASTEMAN,,video,69,05461afa633ca71ee7f5125038359013aefd81d0139aa05e74346c3094b0526d,https://cdn.feralfileassets.com/previews/c4c506d9-a409-471a-bbf9-012bcfb1fa73/1652955933/preview.mp4,200,video/mp4
wetware-tkl,f00cd40d-0fe5-4805-953f-9a52ff6da2ac,TimeTravellerTM Trailer,,video,69,082133e34c3e6dc814117a03c7e98141ccff3004a5724077db6abafa526d8811,https://cdn.feralfileassets.com/previews/f00cd40d-0fe5-4805-953f-9a52ff6da2ac/1653696268/preview.mp4,200,video/mp4
wetware-tkl,f5f51874-1c4c-42f8-9433-423fd791d6a8,"IKU: Expand, an interface",,video,57,001117393b10450330620779a1fe74f9ca356bb7d9d91e8ebe1e2d7d5550cc5e,https://cdn.feralfileassets.com/previews/f5f51874-1c4c-42f8-9433-423fd791d6a8/1653419879/preview.mp4,200,video/mp4
wetware-tkl,f8d24d67-7cd9-4465-9665-2c063ae4e073,A la recherche de l'information perdue,,image,67,0160419323a05446b34cc9a2eba6faa2c13395df383fd8b3a6a3e5f12c08c1ce,https://cdn.feralfileassets.com/previews/f8d24d67-7cd9-4465-9665-2c063ae4e073/1653679068/preview.png,200,image/png
