series_id,cid,bytes,files,synced_at,verified
00f8e853-e20e-49bb-9f2f-8190507b8066,bafybeieevi7otn2qlkiojtbx2hdpeeaqv24n4nmoi7hispvvspbb2ppyfy,364907998,18,2026-08-03T21:47:37Z,true
03c9301f-e338-4419-8830-3e790fdc936b,bafybeieri6cmzieyadfmuc7a6rf5fqe6skn6dwa2khro4euucj7ikk3r7u,428382094,27,2026-08-03T21:48:25Z,true
05c97416-7379-4d26-a61d-61277b939d3f,bafybeiduauytlixl3xerjqnbaq73d2npiim2bkeflpavrnmdx66guov5ua,367859100,36,2026-08-03T21:49:10Z,true
063ccfde-866d-4dbd-95ed-5213336cfbca,bafybeigm72alzwctmru2xzbuv4is2wgpvsxmqjrhcrenlug3j6ggnmyr5i,437312354,10,2026-08-03T21:49:43Z,true
0698273e-13fc-43e9-910e-0f6d81827a01,bafybeibzbskdaqkph42dwcc4nxj65yoxqw2s66kvptmjq6thvto7tndsiu,2857834752,7,2026-08-03T21:55:07Z,true
06dccbad-8fee-4c3c-934a-7eb45bd0b9d1,bafybeifxsa334seer4g6tjrdi5nrasbxpvaf4liamhf257v5jlrpvp6lci,590236980,6,2026-08-03T21:55:55Z,true
07c766f0-edc4-45fd-be50-83f89228b08c,bafybeicdzq262k5kbjp4nta2de6ranlt44hv2glv5ldfphykqqg2bb67yy,365474953,13,2026-08-03T21:57:22Z,true
094b8bd3-a89b-4127-937f-faef6c6eee96,bafybeidgyes76zhactav3bkm6epsorq3gq6ccjwrki2rktrgowpicdf22u,539733897,6,2026-08-03T21:58:19Z,true
0c3fa80b-712a-4688-b01a-fb904c658b76,bafybeibm3vo3hq5h35hpuga2zrbfi7ety4hmz5w6zo7qfhxaixwma55hgi,21387810976,10,2026-08-03T22:46:29Z,true
0f7a9421-44df-4d9c-a0d0-f850e4fdd43f,bafybeidyzd54zbfcgzjolduf23yo5mjg353e744bd3nc3a7piy3ifrlbde,367913882,43,2026-08-03T22:47:07Z,true
102f320e-2315-49a5-b0d9-bb96da1bf820,bafybeiawofx6hkobzdefwrabj7ymgzuchxkmxnzvifsoc65yo55kr36gca,367864849,36,2026-08-03T22:47:35Z,true
11b4449b-e435-4737-bd14-81cd3366ac89,bafybeifh2fltt4ll5fqdnzbwiy5dnvtfvdpilha2e5mly33wjmqfsgylba,6973835,16,2026-08-03T22:47:45Z,true
1703b594-d76d-49a5-a6c8-ce04f85550ed,bafybeihsjavr4ytw5cjffjvazvj5ntqfsxkvwnszw4ieu3fl2fdnlttaii,713000670,6,2026-08-03T22:48:39Z,true
17b11372-d1b1-405a-8b54-13b3e1a0738e,bafybeihdckfhdu46ssu4mkfk4f26vdobpsojynf6qwyaytj3iquc6rrj5y,6626631,10,2026-08-03T22:48:49Z,true
18125d2a-d424-496f-9949-9c3e625f114e,bafybeih56gd4zfi3geayd76x6bpkn7fjxjauh7ss2gd3teyhmlzdxa2aci,5089119234,125,2026-08-03T22:56:21Z,true
193dc737-9fe3-4f98-8714-c484cb4ce3e8,bafybeihsiccbnoudddflvqbp2vqxpzd6liq45c4mwwupavengta4hvoynm,367861019,36,2026-08-03T22:56:51Z,true
19c097b4-c440-44e9-b6a8-eb97f3b4513a,bafybeie4tpjzlddwq4pdyjvdxuh2nqttozvp2gpo64qyaqzyk3z23jn4xu,1369058722,6,2026-08-03T22:59:04Z,true
1b1ffd48-5fc2-4d19-a563-364e00ddfb01,bafybeifw37f4euezltudfp3ln6smn6wnhehzjq7hj2u77kiac55scykkve,590133253,785,2026-08-03T23:00:22Z,true
1b205395-6654-4174-b170-45c82866270b,bafybeictb2bj26igmdxjfuvdrpwqwvkm6febsquz3kmxbknjxl5rsoshzq,440583889,12,2026-08-03T23:01:00Z,true
1b6bd73c-b612-4c24-a837-e5afe08616f7,bafybeic6zoze4c5wowu2q5xexfsl6bfqmsoig6f4263awx3ej336sv2orq,6974271,16,2026-08-03T23:01:10Z,true
1e0b019f-60fa-4ae2-96ab-78796310ce0d,bafybeigtrqy3sz2h7wthyghuwgey5s5zk366jlehrpoce4zvu3e5xfqwfq,815638106,395,2026-08-03T23:02:39Z,true
1f060e42-3437-444c-b823-a8b8532c449c,bafybeiaowfr53qzugzulh2wcjzlma6v3zobllas3pd22kcbofbaj4o76ua,366863214,15,2026-08-03T23:03:09Z,true
1fdd923d-91f0-4b28-a51a-8d01da7cc562,bafybeig2bjwgn2a6ghnhvu7qf5cbmpm4ktzcucuxogokkd4vkbzlktehyi,6625293,10,2026-08-03T23:03:19Z,true
21a5bd39-64d0-490b-b578-6c6ecd317b7a,bafybeict42lavd3zaox4nb6bk7nvsgo3un3kqmwcl4rbsqtw5nmtw7rgg4,1026317459,29,2026-08-03T23:04:35Z,true
231fa61b-eb94-40d7-9a5c-0d5c7e94f1ed,bafybeiggeumyvwigcon7o72hhyad6h64gmi55a3hjqpfy2eclb75jlie2y,202560386,6,2026-08-03T23:04:56Z,true
23d93636-48be-42be-8b9c-59083b481079,bafybeigunmeztdzqmsgnvdsilv3vydx4us22pujmz2ytfd7jfyzke5mfey,6973278,16,2026-08-03T23:05:06Z,true
252527ee-2232-45e0-9ead-27379ff26219,bafybeiawv4yxg5yc6hr7yywqf2n2w5qiowyidfrfurosrr7ymztgajpc6u,511373220,1006,2026-08-03T23:06:18Z,true
25a0daeb-ec6d-4bfd-8a24-11c44beb5629,bafybeibnx6bcloccezfiemyqdkkhrn6d3mqqa24t4of5w27ihb5t2qyj5y,914669207,28,2026-08-03T23:07:37Z,true
25a3d5d3-43a6-495e-bf18-e0583fa11f72,bafybeibkn5bxuicnhuoe3cagzck2sd67uhbp7caai7duhv5ymkfvu7ar6e,1670247063,6,2026-08-03T23:10:08Z,true
26433d62-bb36-46f8-bc8e-ed7214967cc2,bafybeify2zeabtidvqlg4msnjjm2yndnga6vmh54zmpho4irz442fh5ll4,374643673,18,2026-08-03T23:11:18Z,true
28cad12d-50f2-4d82-a77d-1284cf934b8c,bafybeiacgr4nlmieo6smcapcguxzjy3bjbtkjfu3ozsiwiqwymvmwvgovm,364581548,10,2026-08-03T23:11:52Z,true
2998a10b-8ddc-4344-9f3d-710ab5ec9287,bafybeicobys42tsdhkig5qbdrc27ehrqko7vy6ejnssor72ngapxpaviei,870210638,397,2026-08-03T23:13:23Z,true
29b720ff-fcbf-4467-a53d-e79a90ad0d60,bafybeiewbci54mcuxaf3tkeqv6rj7valvj4sw5pinavamvunaxixbophme,9462196881,6,2026-08-03T23:35:38Z,true
29cd44b3-2ed9-4d8b-beb5-073d248a1a00,bafybeieqpbnvqdkcxivywoum6dsxtb5ciehowhhpwotmydm6j3m2rwmjb4,316081647,6,2026-08-03T23:36:40Z,true
2a57c29f-fa5b-440d-8dee-2d58cdb9238c,bafybeia6roqxnxhix3243fgcokjpotiwr6vdqwpowdultwvg7rwgcbfklq,1193520104,23,2026-08-03T23:41:37Z,true
2a727b17-7890-4464-913d-3fe5ad2af4ae,bafybeicsco5e2lkbyvgaqmymxyc5xguseo5trcedb4skcrwihg3bx6rrw4,365984161,10,2026-08-03T23:42:16Z,true
2d1f1330-d66a-4e9e-afd6-c17e5e55f2c4,bafybeiciq4woo2bmlcrdg4h2frlv4izmpvuwfnq5koqdj2hbrt36m7z32i,402608466,95,2026-08-03T23:43:01Z,true
2da1ec21-e476-40df-bc45-fb07573bdfe5,bafybeigplv3szo3unblyj2gpcohxc743fbod2jhlppvinsxn6dyi7z35uq,367857102,36,2026-08-03T23:43:56Z,true
2dbd7ac7-afe2-43fd-a83c-2156406c158e,bafybeidhblkpai7wkafvxc7ekr7eltya5w7jvj7m42vqpeurjpnk6mfvbi,367859821,36,2026-08-03T23:44:43Z,true
2e68b1a3-6370-4ad5-af12-153de80637eb,bafybeigdm767ngpdhm3oz4tlizqyvnyrhrqwjxd6lrdgduprz3syq5hzqi,6626115,10,2026-08-03T23:44:54Z,true
2ee448fc-b02a-4f74-a8c0-0e4da84f7ab1,bafybeibhvwrgqdd3agtmi5alejzklrdwewf4v6ag325gxaixvla7vjp5k4,687555691,6,2026-08-03T23:47:34Z,true
2fb649d0-3ed2-4539-8ea2-e073b85e9a21,bafybeignug5bwyrd6gjat3qvny37v4c4padxupmzbya4ardqv6mwq24pja,997319118,1583,2026-08-03T23:50:40Z,true
30780351-fa82-47f1-9a2d-7d331f460995,bafybeigzh5ry3tosiqsmhqmfs4jmhlq4l6aoxy2kjtlqk5tihg45elbmsq,6626445,10,2026-08-03T23:50:51Z,true
3110459a-bcad-4dd9-a43d-a0f1eaddc0f8,bafybeiax7cme5qagnacgabj5le3frhg4goplxzgyoncmxx2iin7lysa2a4,639663596,393,2026-08-03T23:52:37Z,true
31a680b4-c00a-4eac-8729-cba633c91c54,bafybeib5mbnyh3s3pbpoophkn5if3nfcaljhxgomtizzij6e4i6skywuve,753669637,23,2026-08-03T23:53:56Z,true
31bc21a0-c834-49a3-866f-d4839cbe14df,bafybeigg55usboqwovt2hdtg3dhjcjsxj2ty2fka7ogde474qmarynpmqi,271013897,6,2026-08-03T23:54:30Z,true
31eb3d1f-9bf5-4f87-b1ea-b9a4a98a348b,bafybeidh5i7bp3xoqyldjjbob5mc4jyxxcupoaacirdbceh3sepxepkbiq,323023109,6,2026-08-03T23:55:03Z,true
3224d677-f521-415d-86c0-1f2f9c47abef,bafybeicllvhrbufjx3mmckamacmbmj5zulwc7pikyoizc7z5v65orexdga,4869828359,8,2026-08-04T00:06:57Z,true
33e55482-5dac-40b8-972e-750c374d69bb,bafybeicyr67aors2ppetayopqpcn42em5v4dpeo56ki65fsnjaej7c3tpm,366231326,15,2026-08-04T00:08:05Z,true
34f52c05-cde0-4dee-880b-df96eebf37be,bafybeiamizldgiapenyoyulhpvxcx6hhgprpx7nj3wshp4xynxxqbtb3f4,6626953,10,2026-08-04T00:08:18Z,true
35b11663-0ced-4c14-9113-b5d763da0040,bafybeiaj7oththdzkzs6zjwseh4a625f2rzmqg3tts36ugjad6h56pl6eq,367864216,36,2026-08-04T00:10:00Z,true
361076b7-b4f5-4b47-b800-8c1f31100271,bafybeieqvvxxamxzzf7jkg3s2q75ywqwaciv66s24iiychxys63mnfld4y,367864733,36,2026-08-04T00:10:48Z,true
3620d7ce-0677-4c59-be8e-0638632dc43b,bafybeigtcztnz3tv3v4jnavliz4prfkzseyuokf2vglbkulctgqp3jumti,373943518,17,2026-08-04T00:11:33Z,true
37e6066c-9997-4939-ac9a-e92685e71cf6,bafybeicbg4xiensgxclzhzmejtahye6broyfb5ru7gact7h6hajrqljd4y,6626160,10,2026-08-04T00:11:45Z,true
398716ae-a05b-43bb-adb8-48e56114af6a,bafybeihhbbixxlc3phvir4as6y54t5d777lo6fr3272q5bcuaj4ilj2mpa,1318391739,29,2026-08-04T00:15:13Z,true
3a13e193-725f-4a07-b5fa-51f36fc79050,bafybeif4jcuviufllzgduwbmmx7w7vilccczzqu7rrqtoxyd5p7w2jfeya,1186470928,393,2026-08-04T00:18:25Z,true
3a9f6d14-d53d-4d5c-b55a-f0e5793d5d0e,bafybeierrxf7ih34ahwnrvjay46fv76iw5lmqdu3f3pq6mozuzfzcityo4,381280648,17,2026-08-04T00:18:57Z,true
3aca483a-59b7-4839-b66e-74d5e75c4735,bafybeic257wji377535f6wj5ain2fuwhw3wsf37phn65rsbuxrqw3ppnma,6973247,16,2026-08-04T00:20:07Z,true
3e8f638a-c7e2-403a-98d8-c185411825bd,bafybeiagd2jnhomuidaeksivexvbmmpqvaxemdmhz2xgpkhu7cjfmkesxm,464562363,28,2026-08-04T00:20:44Z,true
412f980a-0fbc-4458-983a-85a1d81b6371,bafybeieankt47rfuamjp6b6kajriqea72tbirvyihqp4ptwccbuxanxucq,120524083,6,2026-08-04T00:21:01Z,true
434b4eab-f8ed-4e75-b80f-5377e08ca430,bafybeidicl46ejxjpe2w6j2bgr55qkfcqerbymz7zutmkfdt7cbvqrs2am,44322819,15,2026-08-04T00:21:14Z,true
43c29566-9fad-42ce-aab9-1c4947164d94,bafybeidjwmuz3a7kkv72i67n75bjgo2rx7ejmg22hm4e6275trzso2643y,500348077,18,2026-08-04T00:21:57Z,true
43f6164c-d901-4e87-815a-c6689d05b48f,bafybeigi4wxi2uisvz4x6kr6c3cvtis7ecun4da3yxe6n7at6wcj26ebfi,6973804,16,2026-08-04T00:22:07Z,true
47ab1047-708d-4f36-b5de-68e5995e175f,bafybeie53f3d2zzcqawwb6vkrxjrp2aqbziym5qryzlvnw7wlkmioaqyje,6626033,10,2026-08-04T00:22:16Z,true
47db4cae-c786-4bb3-8735-e932ab81ed7f,bafybeia5dvt44c2qd6clgvq6jpn5bkyaqbf7gh7pmtopk3vr2gmjawe7xq,796814841,151,2026-08-04T00:23:22Z,true
48f6b892-d3aa-4eae-87db-040e195e00a5,bafybeidwj7djbflrcmmlj27mwmyjbt745jeumo64vzq42ggjwirzzacxoi,32840495,6,2026-08-04T00:23:35Z,true
496bd7c1-d524-44fd-b8d6-9eb03fb9f320,bafybeiahr2sgd3vakxbgdfhudgd7o3zeyyeiqekhp37lixag6rc36stbv4,261663044,6,2026-08-04T00:24:01Z,true
4a58d6e4-d014-4ea3-9837-f7892fd48157,bafybeiboe6htxcqfhkbczn4cm3pbcxnc3qlacrtfj6vkre7r65pwx3acre,203498543,6,2026-08-04T00:24:22Z,true
4ac90d22-2b94-4dad-8685-3df950746010,bafybeih23umej2xwtoshb43c5awowlw2s7xgp2kkibq3mqd3gx2guycote,6973234,16,2026-08-04T00:24:32Z,true
4f3fe912-d226-48b1-8120-56566426d110,bafybeie6vlj7z2j67ztz7fy7pxwqlktvm2dujyh5f52cxfbrvwlf4ev26u,1622543605,6,2026-08-04T00:27:14Z,true
4f6816b5-3d84-4715-b025-c8a837030b49,bafybeihqrazspyqdoxrpngewiua6miqtg6txuonfnxvhfccsdp3afr6xji,25881491,18,2026-08-04T00:27:25Z,true
4f69d4eb-5f33-4d3b-a0ac-cc4189bf1f83,bafybeiddzotkgk5zgq2i77rhqs5l3io4gyzi3hl3doy4pbven7pxrqzbii,6973768,16,2026-08-04T00:28:34Z,true
500ccc6e-d7ad-443f-a9df-0bf709b3b3c9,bafybeibidw7ai6o26o36myvbykjoespazfogie54o3e427sdbjmn6crtfm,367862680,36,2026-08-04T00:29:06Z,true
50aa02eb-dccf-4003-99a2-69a1f62cb337,bafybeidmh6ydom3pxsuvgzyjatqyluwvos46gpm3aimw5vjrlhswmagyhy,1254937286,6,2026-08-04T00:30:51Z,true
51a53d4e-c60f-4582-8edc-c9998ed40a24,bafybeihoraaza7slxryygiusthopg2q5xe2vn4b3pxqp7oadgc6hokde54,376146279,66,2026-08-04T00:31:21Z,true
522055e6-e5d8-41b5-8cad-9823c9666e2a,bafybeicvqfwxrp2pscpwpohccunn2f4q7pndz74pdrzwp2llcqhxrr46c4,697378111,37,2026-08-04T00:32:15Z,true
5440b100-26fe-41b6-b55e-96ff06b5a94a,bafybeiakdubxwnck4evy5owr2rdys4doxfsraswug2rwricbysaep7w574,17077679826,11,2026-08-04T01:00:42Z,true
5472181b-3d22-436b-88fb-bb3e07fa073d,bafybeigytoeg4kw6argrw6vhy4erqk2r4ontw56lnkkno2nutkff2jasku,592421069,7,2026-08-04T01:01:21Z,true
5af4af6f-1e6b-4e45-95db-7b4de60fe0ca,bafybeigs4ctgxsqylxoxs5hexdgjmb6vzknsclyfrbczpmheqelxexpft4,365815967,16,2026-08-04T01:01:47Z,true
5d7e9132-059f-44d9-a6a9-3c8a9b688965,bafybeig5r7sq6z2e4z64ud46ozybluc2dzn3jstmz6s4rdgh56n2oym6iq,4362830247,107,2026-08-04T01:06:19Z,true
5e0a93aa-22d0-4305-8bdd-5806dab5503a,bafybeift6sgbkz2ce4bxi5srx5cj5oef3fn7deu5m7xhdzxmrpcbikcmqq,3791728017,1756,2026-08-04T01:10:07Z,true
5eb92ed1-7e81-4b2f-a24c-8e2a67c085e8,bafybeibkzjpgmlst3encr3nnekhydaxvrce7gnbbn2fqefx7x2ncqkjbya,1374652898,393,2026-08-04T01:11:56Z,true
6053b698-2016-4c05-9353-6941635c1609,bafybeidi4zayanprs73wm6ctjm42766psmqeuknoncdxdaey5xbvaobwa4,6680392278,9,2026-08-04T01:20:18Z,true
61c2c2b6-4f2c-4e1b-9e45-23faf3e76594,bafybeih2b3zz3wk7sg6frg77gxy5x65eczgpwrom72acggv3ntd5xfqqnm,279583506,6,2026-08-04T01:20:46Z,true
669bc223-2deb-48f3-b5ba-e44d086bee6c,bafybeiekubxeejk4isqqdk3mvzispt3p5lzqwfyjdklklihteouwawuiam,367863371,36,2026-08-04T01:21:14Z,true
6835b45f-7f3f-4caf-8a74-d52b35a24df1,bafybeidavyoar65ugcipgv62k4efnm4ak3wq7dpzpluxlofkzzuntn45jq,367857188,36,2026-08-04T01:21:39Z,true
685f39aa-f9ca-4bfd-84af-d69ad3f8b2c3,bafybeifybay75hl3s4jftjcgt4ejeirtqpf4tr6gfsvozdiduszxctqywq,4187791,6,2026-08-04T01:21:47Z,true
6862d0b4-252f-469d-8327-c0d79f8b4a67,bafybeib22w2uqcuz4by4pbks424nxle5d2v7p57baoanxk2mrghgohwdqe,6008505976,95,2026-08-04T01:29:30Z,true
69518c54-2bc5-4b90-b606-675529c7593d,bafybeiekydzjieevnvejyzeylcb537lomykxqirxdzzixsjptnld5teiui,426730822,29,2026-08-04T01:30:11Z,true
6a0781b7-93ff-4cef-9a92-6e197990be57,bafybeici5d46oflrjrwxkmgyztlardxekpr5pticvcyagqcs22vlkuknqm,161425847,6,2026-08-04T01:30:33Z,true
6b095c1c-b367-4f4c-b583-6f0ae975e463,bafybeicyjrxmqinalnopezucwd2f7qt6hvsz7sgik3mthfr3xk3wnzamom,179874502,10,2026-08-04T01:31:50Z,true
6bcc9b62-0ca3-4fdc-8232-0a3f2d4adf13,bafybeibwtanhwslfpsrie457udacbbkvqiobli4cfilov6kbtna5ybyxde,5043262699,18,2026-08-04T01:39:15Z,true
6ceb34ad-a8e2-40af-ada7-121a778ec352,bafybeieimhp3lpb54zr27dnjntozwsxvqvoitammkv5qkfjqs6pne4pvsu,25470855619,16,2026-08-04T02:08:11Z,true
6d1a279d-0ddc-4067-84e4-0e0e96fd36fb,bafybeieulfkcysuqtgpg3bpz3ttzdsf4hdop4wbym3yf2netidmnvww2aa,2054654799,6,2026-08-04T02:10:26Z,true
6dde453e-259f-49b7-b5db-02c7a41d049b,bafybeidmclahatecjksuzij3udypgxbhhcvshitgamvwbxhukg3jpyfora,6625960,10,2026-08-04T02:10:35Z,true
6e0b8c01-5b11-4ceb-b40a-c1d8efa4a66a,bafybeia56zidt3lqekzcmbwcdbychrnaua7ovo7ajxwdgk27rqemxy5n7i,728911206,45,2026-08-04T02:11:25Z,true
6f5db274-ea1f-47b6-82ab-13b0ad650d36,bafybeiaovhpygo6at2svrxbmlsfwyvzuwhcxxoarfpbpyyacx6infa4j2i,367858041,36,2026-08-04T02:11:50Z,true
71e492dd-e8e6-4b1e-8bf1-ee6d8708e04e,bafybeidx55bbgrs4btysw5qqb7ber7lew6rj4pacclg3h3cp5icuppjqcy,1421945454,395,2026-08-04T02:13:50Z,true
725023bf-1604-4f3b-8e57-100500682b29,bafybeig3rxzsua6lhk2ec4rrludgrehph3au3qrbqln2sqsizs7u4rdxjq,1981124979,9,2026-08-04T02:17:54Z,true
7462201d-7fd6-4ee9-83f6-4e4b35c39de1,bafybeiewdtlsn2u6z6rzgy5hsvktlr7ji4gshnlpiehnzs7cnivc6demmi,569488906,6,2026-08-04T02:18:39Z,true
746f680d-9a6c-4125-9486-3271bdbe7e6e,bafybeif7kl7iehevionejdw67kce3hrw3i32vbjy35n3u7gndl2nl2fnz4,1244898638,6,2026-08-04T02:20:03Z,true
7764ae91-0392-48fb-b68c-796d701bed08,bafybeiflzhzqrxhibhs3v6krmnxkqf2i5zizpy4ew7daoddzldji34uevm,2633395084,630,2026-08-04T02:23:26Z,true
78850fcd-afca-4757-a9c6-9c847cb3c49d,bafybeih4sxrbaatq5c5dk5byitrjssd2jlch4revihkyyzihdfjgizjhr4,850896028,6,2026-08-04T02:24:22Z,true
78e56727-5b72-4f98-bbef-67ed004a635d,bafybeih3ietvcvra4eroraxgjbl3zoommzfe3bwzneobr574d4lqjum22u,367858611,36,2026-08-04T02:24:46Z,true
79cb077a-355b-4694-a787-f023abf070de,bafybeic2gf5uhyqtke3g3kxd2ydnmintpnamjmkztos5aiumzy5uwgsyqy,7268918998,9,2026-08-04T02:33:15Z,true
7ad28960-94f5-465f-b586-9d7834da476b,bafybeiaozarvquwdhcparzyqrcaekuam3umuilhlxf42vugi62y27hvxnq,367861566,36,2026-08-04T02:34:38Z,true
7b77f5d5-fefc-4a77-a40c-e9e8e5f8f9cb,bafybeigy6l47vgui4z5f5cot2rpycspngari34ldf2ynecfwkeve3tmk74,39077586234,9,2026-08-04T03:27:38Z,true
7ba57167-a13e-4033-b07e-c7094f74410c,bafybeicjxkhpyk5ojyw6zit6d4c4a6dwtybzkzrqp7hjb2ehwe36ei7oce,16646490522,8,2026-08-04T03:48:00Z,true
7e2aceea-c9f0-4afc-a4c6-8d37dda61d02,bafybeicwhw2pl4zgedl3j7womi2muwsmsmveg4qi7i2k5jmlqpgpq7ea7u,367862516,36,2026-08-04T03:48:22Z,true
7e92539c-65ce-426b-a243-9b043d0defda,bafybeibe5hzxrgni2v6wbx6wybkirfs23wti77cy5pk3vdz4mzw3hsn3bi,367863873,36,2026-08-04T03:48:41Z,true
81c8f5d2-9f23-4584-8ee5-f7c975dc7951,bafybeieeesftnsithyhto44i2vme2rfqls2auub4oa2r42kknqfa5a7vpi,367854914,36,2026-08-04T03:49:02Z,true
821dd86a-8764-441f-af58-95c857a7c4d3,bafybeiglbibh37slgehm44l4l7j6fdbuu5xw2bmc6l3jxwf4h4yn63iu6u,149314986,6,2026-08-04T03:49:17Z,true
83c776c3-262e-4f1d-95f9-97f6d2ccb7cd,bafybeigzivh4xfvykmngitsonfrzla33wg5gyj4k6pseshjbgatebz6xmu,2204078812,7,2026-08-04T03:51:30Z,true
8711ddf0-0474-4a8d-a5ec-30c7f42977df,bafybeifdrgmic7h3oco5cri7j2dm2xq3dkw7zkgwzlcliukxu3d3fxvf7u,302189138,6,2026-08-04T03:51:52Z,true
8718cfaf-3a37-4112-bc66-c3654d2fb302,bafybeigpqo26mvaxijlitvyifi5r2fzqwrpuafhuhwedhjcjqdutkkht3a,15301766280,12,2026-08-04T04:08:50Z,true
87eafff7-a8c6-4d3f-bc51-3e23bc745125,bafybeieibnz2w3g2lmrkerkw5s2fopsodkr7kuzwerxoowgxsq3zq2uhbu,7319565,22,2026-08-04T04:09:00Z,true
89c348c1-6e78-4e00-ac3f-f58c9e732731,bafybeiaf2flxg3beijmsvlvrgqvjvhccmu6htjri7iuntoa7ohmwhbijoq,812414754,36,2026-08-04T04:09:47Z,true
8d97e575-0837-4092-bca1-10d58195e414,bafybeicgodciymtufs265gzsoxcvfmct6yrlvlzywjtdqbb27t5fchr5ea,39968420,6,2026-08-04T04:09:57Z,true
8fc2a19f-4393-4fa4-aee0-91c365232cef,bafybeiakqt6qkyt5zleohpnzfbgbjestpucdhgecl7t24x5vf6n4psa2li,6974073,16,2026-08-04T04:10:06Z,true
90b82f85-dda3-417b-8af3-7e2d9a8756ba,bafybeiej5izkmfqfpurwz3yztupggjd5rgcp2jyp43kbqmsqsq4erghlwe,3881831971,9,2026-08-04T04:14:39Z,true
91a3ea94-f606-40a9-9e39-611bdcb46fdd,bafybeielda3tqfkjdpjwqkbvmc476emexjp32nyjijex7vekdr3mrry2gm,5663241,6,2026-08-04T04:14:48Z,true
92a0c691-c281-4a93-ae1f-48d5eacd0ee3,bafybeieggigrkkj6ta5hhvpuppsnp63hepaaprbrfnyxettiwlu2zipzoe,80809827,7,2026-08-04T04:15:01Z,true
93544620-dff8-4ae5-8194-3f527e8cc91e,bafybeieu2pn2d5jj2vdj5walkwxgraxf6fuwkxzqrlqfouwzgpfhldm6a4,605477748,28,2026-08-04T04:15:44Z,true
94c4b51e-3c29-4568-9545-0556b290e14b,bafybeica5xymlytcddeqadjdcrtbfocjjefbs5n6xiq6hxoayugiagb67m,367859938,36,2026-08-04T04:16:09Z,true
96f1663b-5216-4758-aa7f-3a70e6d9d45b,bafybeicyfrsbg6t3xvcq7ybr5vjwkjpxtblhumvrqfl5uqssuwh46pyvla,9481635050,6,2026-08-04T04:27:00Z,true
9841c727-f5c8-40e4-b995-0716eeff843f,bafybeidtiywaimofnd5hpqjkfdmycfqqj5vpglh5wvmxtvv7b2cpv754qy,312606017,6,2026-08-04T04:27:24Z,true
9849f146-aef6-4614-9f8e-6bbf82fba520,bafybeiazohczudfjrdebq3oq5zgbtaxw3lcrc6o7mezvyu5txc5w6lmdjy,5211641,7,2026-08-04T04:27:31Z,true
9983bf66-380e-4af3-bee9-237c492f18a0,bafybeigxyznfndn4oq6ugjjkyit3dubuhao2pqu5qrr4ft77u6wkyziknq,366164849,25,2026-08-04T04:27:57Z,true
99d373e5-cc9d-45e8-8aa5-1ed47e481791,bafybeibisamrcykrgb7q4txzdddmofqnpkhbnz54pobqttddu3sx4x6qey,483431025,594,2026-08-04T04:28:47Z,true
9ce5936e-a888-4302-a998-146823306098,bafybeiawppq5i47xhmoqt6fye7y2z6ad3tn7zhn6cdtilxenkex6wprhvq,1429084154,393,2026-08-04T04:30:30Z,true
9d72a792-cd60-40b6-a8aa-59bc41a9cacb,bafybeieybj2u7lfl6yccux7fi3b7povwubuttjyqz6dxhbhjikrju44yui,403640417,7,2026-08-04T04:30:53Z,true
9ddfcfcf-2e67-480d-9d3f-feb885acbafb,bafybeihhk7saxmepmzykc5fkuvqneelq5vcut7p6gjcbuhy6bapx7szdze,367861797,36,2026-08-04T04:31:16Z,true
a187efae-f936-4363-8f77-61b650548144,bafybeidzh42sgs5c7b752ejo5qy72yfhnic5e6p4xef53ewkcheigabaqq,1400627651,397,2026-08-04T04:33:47Z,true
a1b6689f-5236-471a-97a6-70ea0879dd42,bafybeidjvuuqd4rcjdqrk3u4z2urjsu5zdbehsww3gntwft7o6elueciqu,13132371,36,2026-08-04T04:33:56Z,true
a2ba079e-319b-425a-b3df-6bb68c1b7343,bafybeihgtuqckjlmwlrt6443nuse5qis4ricbfhr3eqhvzelkhfaybr3tu,367912530,43,2026-08-04T04:34:19Z,true
a3d23452-f377-4d0e-9a67-ecce7a182927,bafybeih6qo7lin5btznnkyzund4tf5smuc7dfwkqlhqtpcaz35orcfymam,316228962,9,2026-08-04T04:34:42Z,true
a566dd50-6194-4e88-8aec-59cebbc1ed55,bafybeickuux7rjvdfppzz7elpr2j22ob4dzj5puukuizn22g6mhvxsfigm,17680243820,571,2026-08-04T04:53:52Z,true
a7d428ec-48e2-492b-a6f1-36d7cadf3da7,bafybeicekxy4c4ftpcwtljf2tjyfm5op5jgtnep3y3r3ddnor7owf4mcwm,14819525,8,2026-08-04T04:54:03Z,true
abf1fd61-b911-402b-9e2e-d7dcf96c4d82,bafybeibiuacko6m3mu6kiqar77t2gr74kwgvo3tbslzekoh7gewkvqkjaa,1756927079,11,2026-08-04T04:56:09Z,true
adc4221c-4f00-4193-ac82-c4d9b1a0b681,bafybeic4rofxoonb3izbevqnvd5lgeehxer6u5thee2h2eehuwfynz6ujm,126644830,21,2026-08-04T04:56:26Z,true
af4fe2af-67bb-4440-9885-621d5c3bf965,bafybeice7up3tvdszmosb6efryeitgijbclsa5schmwbum2js5m3ifzbfe,8591182,7,2026-08-04T04:56:36Z,true
b0cd5f03-3a5b-4be3-9c58-b05d2b388c5a,bafybeigsivruuabqti5uhzch4mbghzmzlia6y6xpq2fv4rhg2lmtruxugu,367859822,36,2026-08-04T04:57:01Z,true
b3dacae7-dcc3-40e1-9dd4-9e2047398c01,bafybeif6cp53jrc2kfqjvm5kxk7mszp333h2z2miwduj7kswgdokks7jti,461864577,6,2026-08-04T04:57:38Z,true
b4a46d9c-fa16-4a2c-a11d-03b49d5b1e63,bafybeigve2vxjndo5otog643oldxirwhkrisb2z4g5tjfi62mb5jzg6yuy,6625456,10,2026-08-04T04:57:47Z,true
bb118c17-1444-4c39-9587-64aa126d6f58,bafybeigfviaq4me5kn3t7scd727r2prtd742xncx65b7b2aqt7ojw5z7ni,8168964,6,2026-08-04T04:57:56Z,true
bfecf42e-41e0-46a7-a948-435c5439d574,bafybeietdmp4qqz4ff7ap6udg55ojdd4a7yrsvfgh7fjc23t3h4zf2htae,367860409,36,2026-08-04T04:58:23Z,true
c328998f-27d4-496f-acea-7c971416110e,bafybeiecs6igub4xpl3oy6h32b7hianrat45bgd73w24hbf3l62ywcvxci,6499698999,8,2026-08-04T05:07:07Z,true
c32b4f0b-d3dc-43b8-bce2-011b82e57c97,bafybeigohkc5ahfmgvlrsauenotffqbqaiyqf72ujk3utxhkzm423wwjwu,367863753,36,2026-08-04T05:07:34Z,true
c35a9579-e93c-4c57-9b02-7a923d8fd66a,bafybeic23crmkvj65cr3gcdwggibvgrr57yholog5r2x5mzjo5k5vngkq4,255467686,10,2026-08-04T05:07:58Z,true
c3b2c10b-91c6-4e2f-83bc-fcb5068e98be,bafybeic2xk2bmtz2omz2jy4sybtltbxwznzp6ozaokmmdwgcp3pj5ro7pm,223764696,6,2026-08-04T05:09:19Z,true
c40d0e81-c8dd-44a3-9fc8-2caa36101516,bafybeibxl7dmpqczx5y4axxoqmwjjl3yiair33pteooif6os4ub5hcjfjy,151177520,6,2026-08-04T05:09:35Z,true
c4c506d9-a409-471a-bbf9-012bcfb1fa73,bafybeic6ux6ijptxx7p56i7ubgio22iarydn7o7ryiodrs4427aylsrc7e,527013627,6,2026-08-04T05:10:14Z,true
c4c9bfde-13bc-4cf5-bc4d-817280673ec3,bafybeiava7peexwfa2zul3wxlajtxpdaesdtjtpmdpkhm6w3gobmsjmct4,291448081,6,2026-08-04T05:10:42Z,true
c66d0636-30c1-4227-819c-0e69924fc7a1,bafybeibcfdvmxnn36wal5pddhahpcj6paith2nalvhpj6dtpkinewwygka,27431860,6,2026-08-04T05:10:53Z,true
c6b9fe72-76f2-4c2e-93b5-5251a5b222f6,bafybeiajtkalsbb6pop24ajc3gyylquwhgacspxib4bhjbohevznvlxtke,10198581118,7,2026-08-04T05:25:06Z,true
c974b77f-3734-4952-9cea-1dcd591cc48d,bafybeientzsntutw3ws36zdngk44d5ytz65wmfism4mevsagcmrf3ox4i4,1464525942,7,2026-08-04T05:26:55Z,true
ca471793-baf8-43db-bf1a-b811f4608297,bafybeiguolfo5yzqen7qalxv5mngx5z7rgfdfvqhl5u2bi5otnuel2awg4,2971602268,23,2026-08-04T05:30:44Z,true
cb0fc2d2-1e7b-4a39-b518-2be692a52ffc,bafybeifwrphc6svbetx6ecur4f4cciyrbrf7yjz3gubachnyslqv46753a,367858802,36,2026-08-04T05:31:12Z,true
cddc55e9-15b1-453e-9f5f-359171be96b5,bafybeihpeprynlanyswuitig5hks23rp4d7c3ojp3gkd4cbj6dxvuebt64,367861280,36,2026-08-04T05:31:38Z,true
ce3a3a9a-e894-40a1-b531-95027b1328eb,bafybeiedt7lyjplpmmgdjktphfmruny77v5rjuks43ooj4zs6ozgslo2yy,3442257310,7,2026-08-04T05:36:22Z,true
ce7c5624-af01-4a1d-ad77-eee51cb54327,bafybeiapw6myktxzvtsytqs3jrodfjgpzivcwxvzaz33kk5eda4iutqevi,3951182465,6,2026-08-04T05:41:33Z,true
cee5b80c-af17-44d0-9a56-c17a68f92569,bafybeiej3lesjwhtldycq443en7bx2wzri76whtznlpypnjtss432ohu3i,565712556,1343,2026-08-04T05:43:37Z,true
cf435a8a-c4df-4606-9acc-809217ab367b,bafybeihaz7fqji5f7a2w3cevq5cw45puqbsgsuqh2gkzielig6qiuehrha,1260048954,6,2026-08-04T05:45:09Z,true
cf44b110-3b40-471a-8415-c805c80baae9,bafybeif6xns3qhmvai6g2h6dfo46ihigu3wucnkdk57klt76d7g4l4gsle,6974017,16,2026-08-04T05:46:20Z,true
cf4a1884-2d79-4875-bba1-20206a8a489c,bafybeievbllpvqitrta627yl6awnieonat5fpexydkfezz6pm4cg2fnpvy,367860393,36,2026-08-04T05:46:46Z,true
d0a3c28f-7e45-4a53-bb8a-ea8677f1da91,bafybeiaevw2mo4yj4uc7ftnezka7zguwqsb7iduc5buhy6xlomadvjppry,39379546486,10,2026-08-04T06:53:11Z,true
d137c01a-2c3b-427e-8de4-a7e5677aaeda,bafybeig6rcf2u2ei3p7qjzc47c6j4i43d4kk2vct2peyoasw2knqw4pd7q,140412866,8,2026-08-04T06:53:29Z,true
d26432cc-df0d-42c3-94db-098332b438b6,bafybeics72asrmvgajudujcpc4mz3oprzfjgayls5yb54hqqfbbefwmipa,1385947132,9,2026-08-04T06:55:01Z,true
d35cdb38-917f-42f3-9914-e276dc5f0ded,bafybeiauc3rxmakxayejpeq5yss4clapfcci74jby7hf2m73anjzbvtt4q,293598045,6,2026-08-04T06:55:23Z,true
d6e1e0f1-7a9d-46f1-a691-bf0604e755b5,bafybeieehrcp4bqilppgnaj45auvrtg4v4rwj5dlycdmzpi24tihl45fyu,9370059675,6,2026-08-04T07:07:36Z,true
d7f80e10-a227-4272-bd58-2da08703d460,bafybeie4qnsnkvjho73vptbxwrki7oxx3e26falu6r2qfqlyrhbunps4zm,388369419,12,2026-08-04T07:08:08Z,true
dc560d90-2d89-45be-a639-ebc3ab496f43,bafybeihm6vz6ipaptke2pyda4fdqs62gymrtvvwwpwj24fsvn5ahuodfqy,367860108,36,2026-08-04T07:09:28Z,true
dc8dddb8-7b4e-4d60-80da-071b92444514,bafybeibtidpltkb33zzplqgpgrda7viurn4yhydnus3g5kxlc4xfi7vh6y,625260907,27,2026-08-04T07:12:06Z,true
de81b4e2-0ece-4969-bb0f-2adb62cb2d4e,bafybeig5cxrfb74enus44qipxl4ihwpiptwfnja6waa4s5vwzkvnx7vrhq,82222601,6,2026-08-04T07:13:19Z,true
de90a7b8-c71c-4ffd-8f3f-365796469bc0,bafybeihjkbcyfatatmkrpwxsf4wuomwuiz3xodvevrdq637ihv72thogpe,10410389,6,2026-08-04T07:13:28Z,true
df0fce01-b539-4e05-8087-68f3b371c8a8,bafybeihinh2dkpuduhdr626quxlzemw5cluftcrmthdwe3eb6s2fdgb2oa,4369480338,14,2026-08-04T07:19:49Z,true
df6a7f8d-effe-4b0f-99e0-62a5924e5ee6,bafybeidacnfic5rhudbkulbkihtbm6y2jdkec7y6bflomd2ua6l7jtnn24,6626182,10,2026-08-04T07:19:58Z,true
e15a896b-84f6-442d-be9e-3faeb088bfb0,bafybeibitfclh2suz5ql5t4to42qlhhj3elmdiqkeh2doiwtpbj26beuuu,367859604,36,2026-08-04T07:20:27Z,true
e1b87ae6-d871-4e70-8df1-f9cd7dbd09f9,bafybeievbvlqss4rg7qx3x3dns66rfsz4rayh5eer2hm2xusv7uolub7yi,127572059,6,2026-08-04T07:20:44Z,true
e362fa91-c218-45df-8167-d7e7c3440052,bafybeif2sbjbzt54ue3opszbyg2cq4w3x757tybdayejihl2vdiluwunmi,125350849,6,2026-08-04T07:21:00Z,true
e496c840-27ce-4988-80a3-e99cd123d107,bafybeih2zze4nhv4fifj7bazsdndlooxwst5o5con7chcglsdlvdz64rgm,367856016,36,2026-08-04T07:22:22Z,true
e5437c4c-e32c-40e4-9b0a-074db2d11a6a,bafybeifgbobdoee74dfoxtodgmi3o3ov3xqspbs76f6cirdxjqds7ykgyi,367859210,36,2026-08-04T07:23:47Z,true
e601569d-5611-4a82-93ba-a7f55b260001,bafybeiawrkxqiht7iyqkt3rljwcmmau52mvkaclojeziqoigcx775mdetm,1252203391,6,2026-08-04T07:25:14Z,true
e6041b92-79ff-4ebe-a9b1-b9e7b089046d,bafybeic5h4j4jmfxylujkstwkbf4p7iahgavdywm632istqpg7rxx7fque,80870879,7,2026-08-04T07:25:29Z,true
e7252d16-c248-4de0-aade-433e9e7d2484,bafybeie6lzmdqpe37wetks7ve7y3frpkchdkhag4apdnjcoojblipz5sla,446333753,312,2026-08-04T07:26:14Z,true
e885a572-1acc-4b0c-9c63-c3f8e49bd302,bafybeic3aawt2dt45x5q3meex3azvp7gs2xsyuz45rmx7tvinajdms3tfe,671126394,27,2026-08-04T07:28:09Z,true
e9aab828-96ae-4d16-b155-6bb9fded9f34,bafybeiet5epjhrkoatc6bvg2djbiysbq66o2anranjkyzycuhu64haxyhe,105255212,6,2026-08-04T07:28:25Z,true
e9c74592-8483-4511-adb2-16ef4730ca1a,bafybeig3bmwlzbqdr4qmne4y7ylg4jzwblx6lqiwrudpbatylxycf5ovgi,365140302,14,2026-08-04T07:28:53Z,true
ebe3df0f-f765-410e-b2fa-edd39dcf5369,bafybeigtt4moe32rr7gu4oqy4gfmhpj4zf7lsmxbmvkofdscnz7jezo7wa,6098903324,319,2026-08-04T07:34:41Z,true
ec014e95-c9de-4d2e-b464-d95c3f7ae19c,bafybeiashvfbhybrvsgjo37vcbhw6h4i2ucqa7347pay5wb2zr2kjajwuy,449938835,27,2026-08-04T07:35:22Z,true
ed25109e-3e36-429d-aafd-a9cd12f854fb,bafybeidhndufg74y7igurso346l34dg5cxyk4k6cx4dvh42vvhg2bzbe3a,6973970,16,2026-08-04T07:35:32Z,true
edc8b7d3-e95c-4056-93d3-d29d1258195f,bafybeihcwkgikgqx444pv6omzt7vdjzqmiqrbidw7vxo3csvhmrebyrhg4,1641428101,395,2026-08-04T07:37:59Z,true
ee826cf5-9273-4b58-850c-0615668d9e2d,bafybeih6jdk6c7iz7bxdbnw25ra4z7nr2gwpinlgzqnd2vhbut466hocsa,6626438,10,2026-08-04T07:38:09Z,true
f004b2e2-91bf-4517-8815-faea12a3f062,bafybeidn3vuac4eiyqa5ug5pkdkan3xp22hvqzcskkusk3pnxdqood4f5q,367864634,36,2026-08-04T07:38:36Z,true
f00cd40d-0fe5-4805-953f-9a52ff6da2ac,bafybeihkgvv7l752qcpdi47v77wtzwdwufebl2spukhm2avcjyz54birg4,72195829,6,2026-08-04T07:38:50Z,true
f0750b82-282e-4eed-bdba-c4fb023fb684,bafybeicoxwrcpi2tr63ebywwk5rfpdync72rrxkyy4ymtwitnyl4icrgsu,6626188,10,2026-08-04T07:39:00Z,true
f0cf5ba9-4d45-45a7-aafa-a340ccb1dca8,bafybeigv2puw2ximac36gyghvv67tvdm7prjmkff3742thjieirbzukpgm,475753658,393,2026-08-04T07:39:48Z,true
f128ae45-67bf-41f7-bef6-cdb30ec3c02b,bafybeigxnjbnsvu27zq6diy2kntnyemk2dsdg5ydyibpixr75tols2t55e,367859516,36,2026-08-04T07:40:12Z,true
f27c6217-e4c0-4f82-b8b7-d38c8653b0dd,bafybeifiqu2kpctqlsefgjo4tlgavi6t45wz4qhiur6sf3yw262amuccq4,852242693,6,2026-08-04T07:41:22Z,true
f2db8c40-a2fb-4a93-be03-75ce3b3133f3,bafybeiap4hionam65txvvbzvk5trk6cydzwjm7yfkbzkbprnm6x6z25kru,848489224,107,2026-08-04T07:42:14Z,true
f3170ca8-2a0d-49ac-b307-d20fbfb15b0d,bafybeia6h53xfyi3ght27ojg5x4qk6wucmtldr4pis4nlkij4gjketbiru,310423760,8,2026-08-04T07:42:40Z,true
f421b0af-2ebc-4fa3-a9c1-de2ae7662c3e,bafybeiat3o2cd3two65t4ai4m6iacrzio5kxrkp7cfisrw53ba4r4ca3l4,367866101,36,2026-08-04T07:43:03Z,true
f4cf4ad5-b654-48d3-8ea0-85ec65eb17fa,bafybeicemfddfrldlz7u3her7d23rotfgujjbpqkzfrpkbvm2dg2sb4u6i,367860149,36,2026-08-04T07:43:29Z,true
f503f9fe-276c-4519-92b7-8a2239cfa489,bafybeicuxvu74piuhpkmld333qjmknqlnplzgudl67rvppmupwgs6fs5wa,13132843,8,2026-08-04T07:43:38Z,true
f548cb77-a829-42ea-b097-3b54603a0d8f,bafybeia3khfqwo55ldrbnhtywih2zypqnwsursmdaanvve2lfkhxsyvvbi,10382304,7,2026-08-04T07:43:47Z,true
f5f51874-1c4c-42f8-9433-423fd791d6a8,bafybeigkppmsp2c4lyedoprdb6izltpouk3ywuz3f5gwulexlfplp2rrsa,29549436,7,2026-08-04T07:43:58Z,true
f65cb7b3-89e2-47eb-9e73-3b371105e15e,bafybeihmp6yyugpztxujedettnssphom2hsluhlvk2k2xgxlbq3pdq2xxy,368002970,50,2026-08-04T07:44:21Z,true
f6d4f5f8-7f31-48c9-871e-b2cf4d4270aa,bafybeieoft34zixtyvma4bsozefetikcp4wuh77yabdycv5ae6u6w6zc6y,10456202,12,2026-08-04T07:44:31Z,true
f8d24d67-7cd9-4465-9665-2c063ae4e073,bafybeigpb2o5axk4h5uo7flhss7qbk5gvqye3eme7zbphagjknmn5qtxxy,176871255,9,2026-08-04T07:44:49Z,true
f97bf0da-0630-4847-952a-902060b8081c,bafybeib7mpj6as3blyxvzmr5vtykcmccfa5jlco62nvw7j3whkubmoka34,6973988,16,2026-08-04T07:45:58Z,true
faa504eb-868c-4134-a7b2-eef051b9abbc,bafybeiesrktgfogq73eti5wp56g76gsqtggrnuabtrbauusohwamuodcnq,412560390,24,2026-08-04T07:46:30Z,true
fd2cbf3b-152e-4ed1-b2ae-21f65b2e2d0f,bafybeiawycz3flztfssluvmezuonbs6ttid4s5e5qbgzl7blpxxqjihjt4,4957353088,8,2026-08-04T07:53:13Z,true
fe324a25-a5b3-4b17-bae4-8d4109f01fe7,bafybeihuuv44w6lmh6qngjo46ykmwyxw2cr2ptovsnv7gfuneqvwsgrv3q,6626275,10,2026-08-04T07:53:23Z,true
fe63cbf2-7377-4497-919b-853dd22c63e7,bafybeid3oolfuq6ehl65zskasluwazkvigdtytktbo65wxi4ynpzj7xqae,266741710,6,2026-08-04T07:54:43Z,true
ff673a40-0bfb-4ac9-b6a3-2d9cc8385463,bafybeicdnesa46ttad3ebst4c53qstpygwhwgwr6l6ricnsecdlm4etijy,367856360,36,2026-08-04T07:55:08Z,true
