series_id,artworks_bytes,artworks_objects,previews_bytes,previews_objects
00f8e853-e20e-49bb-9f2f-8190507b8066,364642560,8,265438,10
03c9301f-e338-4419-8830-3e790fdc936b,390324751,5,38057343,22
05c97416-7379-4d26-a61d-61277b939d3f,367691203,14,167897,22
063ccfde-866d-4dbd-95ed-5213336cfbca,208397825,7,228914529,3
0698273e-13fc-43e9-910e-0f6d81827a01,2762657422,6,95177330,1
06dccbad-8fee-4c3c-934a-7eb45bd0b9d1,544588047,5,45648933,1
07c766f0-edc4-45fd-be50-83f89228b08c,365012705,8,462248,5
094b8bd3-a89b-4127-937f-faef6c6eee96,535393486,5,4340411,1
0c3fa80b-712a-4688-b01a-fb904c658b76,17068057458,11,4319753518,2
0f7a9421-44df-4d9c-a0d0-f850e4fdd43f,367706035,15,207847,28
102f320e-2315-49a5-b0d9-bb96da1bf820,367696862,14,167987,22
11b4449b-e435-4737-bd14-81cd3366ac89,6604492,6,369343,10
1703b594-d76d-49a5-a6c8-ce04f85550ed,670492939,5,42507731,1
17b11372-d1b1-405a-8b54-13b3e1a0738e,6431126,5,195505,5
18125d2a-d424-496f-9949-9c3e625f114e,5088868440,80,250794,45
193dc737-9fe3-4f98-8714-c484cb4ce3e8,367693122,14,167897,22
19c097b4-c440-44e9-b6a8-eb97f3b4513a,1320297572,5,48761150,1
1b1ffd48-5fc2-4d19-a563-364e00ddfb01,380161418,17,209971835,768
1b205395-6654-4174-b170-45c82866270b,426511386,8,14072503,4
1b6bd73c-b612-4c24-a837-e5afe08616f7,6604952,6,369319,10
1e0b019f-60fa-4ae2-96ab-78796310ce0d,544058907,5,271579199,390
1f060e42-3437-444c-b823-a8b8532c449c,365604596,8,1258618,7
1fdd923d-91f0-4b28-a51a-8d01da7cc562,6429778,5,195515,5
21a5bd39-64d0-490b-b578-6c6ecd317b7a,980608765,7,45708694,22
231fa61b-eb94-40d7-9a5c-0d5c7e94f1ed,157907588,5,44652798,1
23d93636-48be-42be-8b9c-59083b481079,6603981,6,369297,10
252527ee-2232-45e0-9ead-27379ff26219,475586295,8,35786925,998
25a0daeb-ec6d-4bfd-8a24-11c44beb5629,838153813,5,76515394,23
25a3d5d3-43a6-495e-bf18-e0583fa11f72,1517126831,5,153120232,1
26433d62-bb36-46f8-bc8e-ed7214967cc2,370398196,10,4245477,8
28cad12d-50f2-4d82-a77d-1284cf934b8c,364509940,8,71608,2
2998a10b-8ddc-4344-9f3d-710ab5ec9287,580043211,5,290167427,392
29b720ff-fcbf-4467-a53d-e79a90ad0d60,8999284287,5,462912594,1
29cd44b3-2ed9-4d8b-beb5-073d248a1a00,306443778,5,9637869,1
2a57c29f-fa5b-440d-8dee-2d58cdb9238c,808885727,8,384634377,15
2a727b17-7890-4464-913d-3fe5ad2af4ae,365289954,8,694207,2
2d1f1330-d66a-4e9e-afd6-c17e5e55f2c4,395968109,8,6640357,87
2da1ec21-e476-40df-bc45-fb07573bdfe5,367689241,14,167861,22
2dbd7ac7-afe2-43fd-a83c-2156406c158e,367691962,14,167859,22
2e68b1a3-6370-4ad5-af12-153de80637eb,6430577,5,195538,5
2ee448fc-b02a-4f74-a8c0-0e4da84f7ab1,635372012,5,52183679,1
2fb649d0-3ed2-4539-8ea2-e073b85e9a21,417848694,34,579470424,1549
30780351-fa82-47f1-9a2d-7d331f460995,6430941,5,195504,5
3110459a-bcad-4dd9-a43d-a0f1eaddc0f8,427006274,5,212657322,388
31a680b4-c00a-4eac-8729-cba633c91c54,747982252,12,5687385,11
31bc21a0-c834-49a3-866f-d4839cbe14df,263499782,5,7514115,1
31eb3d1f-9bf5-4f87-b1ea-b9a4a98a348b,213430422,5,109592687,1
3224d677-f521-415d-86c0-1f2f9c47abef,4772119396,7,97708963,1
33e55482-5dac-40b8-972e-750c374d69bb,365455918,8,775408,7
34f52c05-cde0-4dee-880b-df96eebf37be,6431448,5,195505,5
35b11663-0ced-4c14-9113-b5d763da0040,367696229,14,167987,22
361076b7-b4f5-4b47-b800-8c1f31100271,367696746,14,167987,22
3620d7ce-0677-4c59-be8e-0638632dc43b,369698279,9,4245239,8
37e6066c-9997-4939-ac9a-e92685e71cf6,6430634,5,195526,5
398716ae-a05b-43bb-adb8-48e56114af6a,1256796832,7,61594907,22
3a13e193-725f-4a07-b5fa-51f36fc79050,790222120,5,396248808,388
3a9f6d14-d53d-4d5c-b55a-f0e5793d5d0e,378197070,8,3083578,9
3aca483a-59b7-4839-b66e-74d5e75c4735,6603946,6,369301,10
3e8f638a-c7e2-403a-98d8-c185411825bd,424398523,5,40163840,23
412f980a-0fbc-4458-983a-85a1d81b6371,110555500,5,9968583,1
434b4eab-f8ed-4e75-b80f-5377e08ca430,37427546,12,6895273,3
43c29566-9fad-42ce-aab9-1c4947164d94,477246545,8,23101532,10
43f6164c-d901-4e87-815a-c6689d05b48f,6604461,6,369343,10
47ab1047-708d-4f36-b5de-68e5995e175f,6430507,5,195526,5
47db4cae-c786-4bb3-8735-e932ab81ed7f,771845587,13,24969254,138
48f6b892-d3aa-4eae-87db-040e195e00a5,30130021,5,2710474,1
496bd7c1-d524-44fd-b8d6-9eb03fb9f320,245677780,5,15985264,1
4a58d6e4-d014-4ea3-9837-f7892fd48157,137159817,5,66338726,1
4ac90d22-2b94-4dad-8685-3df950746010,6603915,6,369319,10
4f3fe912-d226-48b1-8120-56566426d110,1510464161,5,112079444,1
4f6816b5-3d84-4715-b025-c8a837030b49,24118962,12,1762529,6
4f69d4eb-5f33-4d3b-a0ac-cc4189bf1f83,6604427,6,369341,10
500ccc6e-d7ad-443f-a9df-0bf709b3b3c9,367694693,14,167987,22
50aa02eb-dccf-4003-99a2-69a1f62cb337,1249828364,5,5108922,1
51a53d4e-c60f-4582-8edc-c9998ed40a24,374047020,8,2099259,58
522055e6-e5d8-41b5-8cad-9823c9666e2a,646741705,9,50636406,28
5440b100-26fe-41b6-b55e-96ff06b5a94a,17072929230,10,4750596,2
5472181b-3d22-436b-88fb-bb3e07fa073d,588347829,6,4073240,1
5af4af6f-1e6b-4e45-95db-7b4de60fe0ca,365189685,8,626282,8
5d7e9132-059f-44d9-a6a9-3c8a9b688965,4362644687,68,185560,39
5e0a93aa-22d0-4305-8bdd-5806dab5503a,2306732845,32,1484995172,1724
5eb92ed1-7e81-4b2f-a24c-8e2a67c085e8,916520148,5,458132750,388
6053b698-2016-4c05-9353-6941635c1609,6579054563,7,101337715,2
61c2c2b6-4f2c-4e1b-9e45-23faf3e76594,270082975,5,9500531,1
669bc223-2deb-48f3-b5ba-e44d086bee6c,367695384,14,167987,22
6835b45f-7f3f-4caf-8a74-d52b35a24df1,367689201,14,167987,22
685f39aa-f9ca-4bfd-84af-d69ad3f8b2c3,4142193,5,45598,1
6862d0b4-252f-469d-8327-c0d79f8b4a67,4994102772,13,1014403204,82
69518c54-2bc5-4b90-b606-675529c7593d,406647394,8,20083428,21
6a0781b7-93ff-4cef-9a92-6e197990be57,151413913,5,10011934,1
6b095c1c-b367-4f4c-b583-6f0ae975e463,87240692,7,92633810,3
6bcc9b62-0ca3-4fdc-8232-0a3f2d4adf13,4228566829,8,814695870,10
6ceb34ad-a8e2-40af-ada7-121a778ec352,25235548187,13,235307432,3
6d1a279d-0ddc-4067-84e4-0e0e96fd36fb,1577716511,5,476938288,1
6dde453e-259f-49b7-b5db-02c7a41d049b,6430422,5,195538,5
6e0b8c01-5b11-4ceb-b40a-c1d8efa4a66a,728623802,13,287404,32
6f5db274-ea1f-47b6-82ab-13b0ad650d36,367690183,14,167858,22
71e492dd-e8e6-4b1e-8bf1-ee6d8708e04e,948153795,5,473791659,390
725023bf-1604-4f3b-8e57-100500682b29,1737292844,7,243832135,2
7462201d-7fd6-4ee9-83f6-4e4b35c39de1,537434492,5,32054414,1
746f680d-9a6c-4125-9486-3271bdbe7e6e,1134383065,5,110515573,1
7764ae91-0392-48fb-b68c-796d701bed08,2220871435,8,412523649,622
78850fcd-afca-4757-a9c6-9c847cb3c49d,762064269,5,88831759,1
78e56727-5b72-4f98-bbef-67ed004a635d,367690624,14,167987,22
79cb077a-355b-4694-a787-f023abf070de,7082326622,7,186592376,2
7ad28960-94f5-465f-b586-9d7834da476b,367693669,14,167897,22
7b77f5d5-fefc-4a77-a40c-e9e8e5f8f9cb,38953875437,8,123710797,3
7ba57167-a13e-4033-b07e-c7094f74410c,16142284388,7,504206134,1
7e2aceea-c9f0-4afc-a4c6-8d37dda61d02,367694529,14,167987,22
7e92539c-65ce-426b-a243-9b043d0defda,367695886,14,167987,22
81c8f5d2-9f23-4584-8ee5-f7c975dc7951,367687017,14,167897,22
821dd86a-8764-441f-af58-95c857a7c4d3,140382285,5,8932701,1
83c776c3-262e-4f1d-95f9-97f6d2ccb7cd,2106572145,6,97506667,1
8711ddf0-0474-4a8d-a5ec-30c7f42977df,286632155,5,15556983,1
8718cfaf-3a37-4112-bc66-c3654d2fb302,14976413729,9,325352551,3
87eafff7-a8c6-4d3f-bc51-3e23bc745125,6777325,7,542240,15
89c348c1-6e78-4e00-ac3f-f58c9e732731,719511761,8,92902993,28
8d97e575-0837-4092-bca1-10d58195e414,35762839,5,4205581,1
8fc2a19f-4393-4fa4-aee0-91c365232cef,6604730,6,369343,10
90b82f85-dda3-417b-8af3-7e2d9a8756ba,3855954088,7,25877883,2
91a3ea94-f606-40a9-9e39-611bdcb46fdd,5458172,5,205069,1
92a0c691-c281-4a93-ae1f-48d5eacd0ee3,42869720,5,37940107,2
93544620-dff8-4ae5-8194-3f527e8cc91e,554013167,5,51464581,23
94c4b51e-3c29-4568-9545-0556b290e14b,367692041,14,167897,22
96f1663b-5216-4758-aa7f-3a70e6d9d45b,9024641085,5,456993965,1
9841c727-f5c8-40e4-b995-0716eeff843f,294986570,5,17619447,1
9849f146-aef6-4614-9f8e-6bbf82fba520,5152061,6,59580,1
9983bf66-380e-4af3-bee9-237c492f18a0,365326150,8,838699,17
99d373e5-cc9d-45e8-8aa5-1ed47e481791,382023263,18,101407762,576
9ce5936e-a888-4302-a998-146823306098,952966727,5,476117427,388
9d72a792-cd60-40b6-a8aa-59bc41a9cacb,303814443,6,99825974,1
9ddfcfcf-2e67-480d-9d3f-feb885acbafb,367693810,14,167987,22
a187efae-f936-4363-8f77-61b650548144,933650825,5,466976826,392
a1b6689f-5236-471a-97a6-70ea0879dd42,11238653,9,1893718,27
a2ba079e-319b-425a-b3df-6bb68c1b7343,367704462,15,208068,28
a3d23452-f377-4d0e-9a67-ecce7a182927,290152724,7,26076238,2
a566dd50-6194-4e88-8aec-59cebbc1ed55,15713408348,113,1966835472,458
a7d428ec-48e2-492b-a6f1-36d7cadf3da7,10688311,6,4131214,2
abf1fd61-b911-402b-9e2e-d7dcf96c4d82,1734161792,8,22765287,3
adc4221c-4f00-4193-ac82-c4d9b1a0b681,85895849,5,40748981,16
af4fe2af-67bb-4440-9885-621d5c3bf965,8142408,6,448774,1
b0cd5f03-3a5b-4be3-9c58-b05d2b388c5a,367691835,14,167987,22
b3dacae7-dcc3-40e1-9dd4-9e2047398c01,418486247,5,43378330,1
b4a46d9c-fa16-4a2c-a11d-03b49d5b1e63,6429918,5,195538,5
bb118c17-1444-4c39-9587-64aa126d6f58,7466334,5,702630,1
bfecf42e-41e0-46a7-a948-435c5439d574,367692551,14,167858,22
c328998f-27d4-496f-acea-7c971416110e,4338688098,7,2161010901,1
c32b4f0b-d3dc-43b8-bce2-011b82e57c97,367695894,14,167859,22
c35a9579-e93c-4c57-9b02-7a923d8fd66a,219951187,6,35516499,4
c3b2c10b-91c6-4e2f-83bc-fcb5068e98be,215130091,5,8634605,1
c40d0e81-c8dd-44a3-9fc8-2caa36101516,150742332,5,435188,1
c4c506d9-a409-471a-bbf9-012bcfb1fa73,352683294,5,174330333,1
c4c9bfde-13bc-4cf5-bc4d-817280673ec3,281810889,5,9637192,1
c66d0636-30c1-4227-819c-0e69924fc7a1,19814730,5,7617130,1
c6b9fe72-76f2-4c2e-93b5-5251a5b222f6,10066006944,6,132574174,1
c974b77f-3734-4952-9cea-1dcd591cc48d,1423577077,6,40948865,1
ca471793-baf8-43db-bf1a-b811f4608297,2464782240,8,506820028,15
cb0fc2d2-1e7b-4a39-b518-2be692a52ffc,367690815,14,167987,22
cddc55e9-15b1-453e-9f5f-359171be96b5,367693383,14,167897,22
ce3a3a9a-e894-40a1-b531-95027b1328eb,3281301843,6,160955467,1
ce7c5624-af01-4a1d-ad77-eee51cb54327,3943393139,5,7789326,1
cee5b80c-af17-44d0-9a56-c17a68f92569,385575528,30,180137028,1313
cf435a8a-c4df-4606-9acc-809217ab367b,1168015846,5,92033108,1
cf44b110-3b40-471a-8415-c805c80baae9,6604674,6,369343,10
cf4a1884-2d79-4875-bba1-20206a8a489c,367692406,14,167987,22
d0a3c28f-7e45-4a53-bb8a-ea8677f1da91,39167648425,8,211898061,4
d137c01a-2c3b-427e-8de4-a7e5677aaeda,120338890,6,20073976,2
d26432cc-df0d-42c3-94db-098332b438b6,1269938540,7,116008592,2
d35cdb38-917f-42f3-9914-e276dc5f0ded,284735286,5,8862759,1
d6e1e0f1-7a9d-46f1-a691-bf0604e755b5,8921888528,5,448171147,1
d7f80e10-a227-4272-bd58-2da08703d460,384444258,8,3925161,4
dc560d90-2d89-45be-a639-ebc3ab496f43,367692121,14,167987,22
dc8dddb8-7b4e-4d60-80da-071b92444514,571764919,5,53495988,22
de81b4e2-0ece-4969-bb0f-2adb62cb2d4e,76306294,5,5916307,1
de90a7b8-c71c-4ffd-8f3f-365796469bc0,8434485,5,1975904,1
df0fce01-b539-4e05-8087-68f3b371c8a8,4366027070,10,3453268,4
df6a7f8d-effe-4b0f-99e0-62a5924e5ee6,6430656,5,195526,5
e15a896b-84f6-442d-be9e-3faeb088bfb0,367691617,14,167987,22
e1b87ae6-d871-4e70-8df1-f9cd7dbd09f9,90102943,5,37469116,1
e362fa91-c218-45df-8167-d7e7c3440052,120116328,5,5234521,1
e496c840-27ce-4988-80a3-e99cd123d107,367688119,14,167897,22
e5437c4c-e32c-40e4-9b0a-074db2d11a6a,367691352,14,167858,22
e601569d-5611-4a82-93ba-a7f55b260001,1000001598,5,252201793,1
e6041b92-79ff-4ebe-a9b1-b9e7b089046d,68049597,5,12821282,2
e7252d16-c248-4de0-aade-433e9e7d2484,374273817,12,72059936,300
e885a572-1acc-4b0c-9c63-c3f8e49bd302,614241917,5,56884477,22
e9aab828-96ae-4d16-b155-6bb9fded9f34,99608479,5,5646733,1
e9c74592-8483-4511-adb2-16ef4730ca1a,365100175,8,40127,6
ebe3df0f-f765-410e-b2fa-edd39dcf5369,4031652964,11,2067250360,308
ec014e95-c9de-4d2e-b464-d95c3f7ae19c,410106146,5,39832689,22
ed25109e-3e36-429d-aafd-a9cd12f854fb,6604629,6,369341,10
edc8b7d3-e95c-4056-93d3-d29d1258195f,1094079730,5,547348371,390
ee826cf5-9273-4b58-850c-0615668d9e2d,6430922,5,195516,5
f004b2e2-91bf-4517-8815-faea12a3f062,367696647,14,167987,22
f00cd40d-0fe5-4805-953f-9a52ff6da2ac,58446695,5,13749134,1
f0750b82-282e-4eed-bdba-c4fb023fb684,6430651,5,195537,5
f0cf5ba9-4d45-45a7-aafa-a340ccb1dca8,317236074,5,158517584,388
f128ae45-67bf-41f7-bef6-cdb30ec3c02b,367691529,14,167987,22
f27c6217-e4c0-4f82-b8b7-d38c8653b0dd,805795966,5,46446727,1
f2db8c40-a2fb-4a93-be03-75ce3b3133f3,739952214,15,108537010,92
f3170ca8-2a0d-49ac-b307-d20fbfb15b0d,274974665,6,35449095,2
f421b0af-2ebc-4fa3-a9c1-de2ae7662c3e,367698114,14,167987,22
f4cf4ad5-b654-48d3-8ea0-85ec65eb17fa,367692291,14,167858,22
f503f9fe-276c-4519-92b7-8a2239cfa489,11091346,6,2041497,2
f548cb77-a829-42ea-b097-3b54603a0d8f,10006247,6,376057,1
f5f51874-1c4c-42f8-9433-423fd791d6a8,24089030,6,5460406,1
f65cb7b3-89e2-47eb-9e73-3b371105e15e,367722409,17,280561,33
f6d4f5f8-7f31-48c9-871e-b2cf4d4270aa,9944064,8,512138,4
f8d24d67-7cd9-4465-9665-2c063ae4e073,172067420,7,4803835,2
f97bf0da-0630-4847-952a-902060b8081c,6604647,6,369341,10
faa504eb-868c-4134-a7b2-eef051b9abbc,404617732,8,7942658,16
fd2cbf3b-152e-4ed1-b2ae-21f65b2e2d0f,3808253940,7,1149099148,2
fe324a25-a5b3-4b17-bae4-8d4109f01fe7,6430770,5,195505,5
fe63cbf2-7377-4497-919b-853dd22c63e7,207597195,5,59144515,1
ff673a40-0bfb-4ac9-b6a3-2d9cc8385463,367688501,14,167859,22
