dir_or_file,n_rows,n_tokens,n_distinct_urls,exhibitions,sample_url
https://cdn.feralfileassets.com/previews/4e7c1eba-7c17-4c38-9454-36c72ae98249/1717761156/,18096,9048,18096,46a0f68b-a657-4364-92a0-32a88b65fbd9,https://cdn.feralfileassets.com/previews/4e7c1eba-7c17-4c38-9454-36c72ae98249/1717761156/generated_images/crystal_1000_img.jpg?variant=small
https://cdn.feralfileassets.com/thumbnails/91765bc5-8815-4620-8268-80516d531dc0/1667336455,466,466,1,48a442ae-3003-483e-b107-e9d37ae694bc,https://cdn.feralfileassets.com/thumbnails/91765bc5-8815-4620-8268-80516d531dc0/1667336455
https://cdn.feralfileassets.com/previews/91765bc5-8815-4620-8268-80516d531dc0/1668956899/,466,466,466,48a442ae-3003-483e-b107-e9d37ae694bc,https://cdn.feralfileassets.com/previews/91765bc5-8815-4620-8268-80516d531dc0/1668956899/?edition_number=0&blockchain=ethereum&contract=0x2A86C5466f088caEbf94e071a77669BAe371CD87&token_id=25811853076941608055270457512038717433705462539422789705262203111341130500760&token_id_hash=0x657b8ee9784f92d891011d25d68a45a47499f7f9c7b1f95d11b18969d1222deb
https://cdn.feralfileassets.com/thumbnails/fa38844a-ecc1-45be-b260-ceab60504697/1670301091,156,156,1,24e7d8fd-01b9-4673-9f46-6f69118feda1,https://cdn.feralfileassets.com/thumbnails/fa38844a-ecc1-45be-b260-ceab60504697/1670301091
https://cdn.feralfileassets.com/previews/fa38844a-ecc1-45be-b260-ceab60504697/1670992452/,156,156,156,24e7d8fd-01b9-4673-9f46-6f69118feda1,https://cdn.feralfileassets.com/previews/fa38844a-ecc1-45be-b260-ceab60504697/1670992452/?edition_number=0&blockchain=ethereum&contract=0x6003994adeca13407e8dbee808280cc3ef2ab820&token_id=57129125216325247059066131395135709425197979245094347477997960213448800830459&token_id_hash=0x2528198338ad1492618c3cd6f22b2695234b082167b63d1a4e3d40d276e74796
https://cdn.feralfileassets.com/previews/71e2bed5-e224-4ead-8fea-88a8cc067dbe/1706081014/,128,128,128,6d5ee1fb-91ce-41ea-b81a-6b2f2b42e297,https://cdn.feralfileassets.com/previews/71e2bed5-e224-4ead-8fea-88a8cc067dbe/1706081014/index.html?edition_number=0&artwork_number=1&blockchain=ethereum&contract=0xBb12686c360e9057be3CD031140035A705e19ceC&token_id=2439046679443273982118864381573244666655869184&token_id_hash=0x24549d9c4200fb1c06d243fff577cb323640f16ab4352a8e0f0fcf30fa91f572
https://cdn.feralfileassets.com/previews/f56c905f-1a43-4759-b110-a684805ac2b6/1677738427/,200,100,200,484087f9-3121-4ad5-9056-e76c49ddceb7,https://cdn.feralfileassets.com/previews/f56c905f-1a43-4759-b110-a684805ac2b6/1677738427/?edition_number=0&blockchain=ethereum&contract=0xc4f0ee96676D3de800b9725eb628DE1C5a0CBea1&token_id=21448038574106388099498729698156229932988054978307315072895959449711736813719&token_id_hash=0x96af7d43efcc2469b7ff3d3198237ab1e71b240e6925eab7704822f5276cfac5
https://cdn.feralfileassets.com/previews/5041f962-1cde-463a-a68b-8fc4b12acad0/1678076231/,200,100,101,484087f9-3121-4ad5-9056-e76c49ddceb7,https://cdn.feralfileassets.com/previews/5041f962-1cde-463a-a68b-8fc4b12acad0/1678076231/_unique-thumbnails/0-large.jpg
https://cdn.feralfileassets.com/previews/91eda99c-03a0-4821-9726-eb9c31e12ab4/1678172231/,200,100,101,484087f9-3121-4ad5-9056-e76c49ddceb7,https://cdn.feralfileassets.com/previews/91eda99c-03a0-4821-9726-eb9c31e12ab4/1678172231/_unique-thumbnails/0-large.jpg
https://cdn.feralfileassets.com/previews/fb935df6-9ee2-4f45-aa0c-c31367aa6962/1674842809/,200,100,101,484087f9-3121-4ad5-9056-e76c49ddceb7,https://cdn.feralfileassets.com/previews/fb935df6-9ee2-4f45-aa0c-c31367aa6962/1674842809/_unique-thumbnails/0-large.jpg
https://cdn.feralfileassets.com/thumbnails/3a69abd1-7a86-4538-96ed-972252fc2ca0/1676248747,100,100,1,484087f9-3121-4ad5-9056-e76c49ddceb7,https://cdn.feralfileassets.com/thumbnails/3a69abd1-7a86-4538-96ed-972252fc2ca0/1676248747
https://cdn.feralfileassets.com/previews/3a69abd1-7a86-4538-96ed-972252fc2ca0/1676256304/,100,100,1,484087f9-3121-4ad5-9056-e76c49ddceb7,https://cdn.feralfileassets.com/previews/3a69abd1-7a86-4538-96ed-972252fc2ca0/1676256304/preview.mp4
https://cdn.feralfileassets.com/thumbnails/4a747b91-c7a5-41ea-a4a3-4b958d95ab00/1675980119,100,100,1,484087f9-3121-4ad5-9056-e76c49ddceb7,https://cdn.feralfileassets.com/thumbnails/4a747b91-c7a5-41ea-a4a3-4b958d95ab00/1675980119
https://cdn.feralfileassets.com/previews/4a747b91-c7a5-41ea-a4a3-4b958d95ab00/1676005874/,100,100,1,484087f9-3121-4ad5-9056-e76c49ddceb7,https://cdn.feralfileassets.com/previews/4a747b91-c7a5-41ea-a4a3-4b958d95ab00/1676005874/preview.mp4
https://cdn.feralfileassets.com/thumbnails/5d391c2a-8e9e-47ea-ac7d-79ff203e3095/1672891321,96,96,1,99aa32cb-9ed4-472b-89ca-61a73ff93be3,https://cdn.feralfileassets.com/thumbnails/5d391c2a-8e9e-47ea-ac7d-79ff203e3095/1672891321
https://cdn.feralfileassets.com/previews/5d391c2a-8e9e-47ea-ac7d-79ff203e3095/1675049635/,96,96,96,99aa32cb-9ed4-472b-89ca-61a73ff93be3,https://cdn.feralfileassets.com/previews/5d391c2a-8e9e-47ea-ac7d-79ff203e3095/1675049635/?edition_number=0&blockchain=ethereum&contract=0xE46A41b840176b62983FC71162dc9faEAC4D9bcB&token_id=61029430091907876109464895555898745746405742165657134445147979806674543220489&token_id_hash=0x1ff11ff79c5fa3e891be177365b5daa13f54e593f18bb2ecc21dee94011c3bf0
https://cdn.feralfileassets.com/previews/c6befe2e-1934-40ce-958c-2011e425c511/1672939318/,96,96,1,99aa32cb-9ed4-472b-89ca-61a73ff93be3,https://cdn.feralfileassets.com/previews/c6befe2e-1934-40ce-958c-2011e425c511/1672939318/preview.png
https://cdn.feralfileassets.com/thumbnails/3715c273-d19e-445f-ae02-61876334f1a7/1673656502,96,96,1,99aa32cb-9ed4-472b-89ca-61a73ff93be3,https://cdn.feralfileassets.com/thumbnails/3715c273-d19e-445f-ae02-61876334f1a7/1673656502
https://cdn.feralfileassets.com/previews/3715c273-d19e-445f-ae02-61876334f1a7/1673656685/,96,96,1,99aa32cb-9ed4-472b-89ca-61a73ff93be3,https://cdn.feralfileassets.com/previews/3715c273-d19e-445f-ae02-61876334f1a7/1673656685/preview.mp4
https://cdn.feralfileassets.com/thumbnails/9798c1fd-ccf2-4e2e-be26-fe146a398c85/1672841333,96,96,1,99aa32cb-9ed4-472b-89ca-61a73ff93be3,https://cdn.feralfileassets.com/thumbnails/9798c1fd-ccf2-4e2e-be26-fe146a398c85/1672841333
https://cdn.feralfileassets.com/previews/9798c1fd-ccf2-4e2e-be26-fe146a398c85/1672841404/,96,96,1,99aa32cb-9ed4-472b-89ca-61a73ff93be3,https://cdn.feralfileassets.com/previews/9798c1fd-ccf2-4e2e-be26-fe146a398c85/1672841404/preview.mp4
https://cdn.feralfileassets.com/thumbnails/bc82d0fb-eede-4947-aa97-fe085f46f0b4/1672665961,96,96,1,99aa32cb-9ed4-472b-89ca-61a73ff93be3,https://cdn.feralfileassets.com/thumbnails/bc82d0fb-eede-4947-aa97-fe085f46f0b4/1672665961
https://cdn.feralfileassets.com/previews/bc82d0fb-eede-4947-aa97-fe085f46f0b4/1672665977/,96,96,1,99aa32cb-9ed4-472b-89ca-61a73ff93be3,https://cdn.feralfileassets.com/previews/bc82d0fb-eede-4947-aa97-fe085f46f0b4/1672665977/preview.gif
https://cdn.feralfileassets.com/previews/f2cabb51-5eae-48a7-ba16-fc847c23e0fe/1675931007/,92,92,1,8bf192b1-5fc9-4bca-8156-a2e4c087df06,https://cdn.feralfileassets.com/previews/f2cabb51-5eae-48a7-ba16-fc847c23e0fe/1675931007/preview.jpg
https://cdn.feralfileassets.com/thumbnails/b5621c75-70f9-430f-852e-9d8fd9318917/1672890296,92,92,1,99aa32cb-9ed4-472b-89ca-61a73ff93be3,https://cdn.feralfileassets.com/thumbnails/b5621c75-70f9-430f-852e-9d8fd9318917/1672890296
https://cdn.feralfileassets.com/previews/b5621c75-70f9-430f-852e-9d8fd9318917/1675049149/,92,92,92,99aa32cb-9ed4-472b-89ca-61a73ff93be3,https://cdn.feralfileassets.com/previews/b5621c75-70f9-430f-852e-9d8fd9318917/1675049149/?edition_number=0&blockchain=ethereum&contract=0xE46A41b840176b62983FC71162dc9faEAC4D9bcB&token_id=58987192466841004628201111767945836073083865759174394385352028392528079468087&token_id_hash=0xb27356ed2447ddc8031ca54074deb75d3e2d5b63d09042b12c27160788b9b022
https://cdn.feralfileassets.com/previews/35086e3e-d2da-44c8-9806-87543a47c1b9/1675249729/,176,88,89,99aa32cb-9ed4-472b-89ca-61a73ff93be3,https://cdn.feralfileassets.com/previews/35086e3e-d2da-44c8-9806-87543a47c1b9/1675249729/_unique-thumbnails/0-large.jpg
https://cdn.feralfileassets.com/previews/7ad7ee07-883a-4989-a087-e3b03fd4a69d/1666536695/,71,71,1,77de6645-fe9d-44ab-8a89-94097d11e485,https://cdn.feralfileassets.com/previews/7ad7ee07-883a-4989-a087-e3b03fd4a69d/1666536695/preview.jpg
https://cdn.feralfileassets.com/previews/9e8992c9-91f0-48c7-a7c7-6ca7bcff9d6a/1668537579/,134,67,134,48a442ae-3003-483e-b107-e9d37ae694bc,https://cdn.feralfileassets.com/previews/9e8992c9-91f0-48c7-a7c7-6ca7bcff9d6a/1668537579/?edition_number=0&blockchain=ethereum&contract=0x2A86C5466f088caEbf94e071a77669BAe371CD87&token_id=15042014439770355205730296321097090521853295916950766059900103364979980239529&token_id_hash=0x762a02a969817d1b1c4995b5585cdf86acc21fe62b286da95ed1dc7d986a41b4
https://cdn.feralfileassets.com/previews/dd833c02-3847-40be-ab08-20d574aad3b9/1670991044/,24,12,24,24e7d8fd-01b9-4673-9f46-6f69118feda1,https://cdn.feralfileassets.com/previews/dd833c02-3847-40be-ab08-20d574aad3b9/1670991044/?edition_number=0&blockchain=ethereum&contract=0x6003994adeca13407e8dbee808280cc3ef2ab820&token_id=95719868769968552594329151316256029294014863017036376334895531914236467560112&token_id_hash=0x626cad4ce1bfbb38065e630350f171cd1e995b51b9550be9a777b2f3464f31e5
https://cdn.feralfileassets.com/previews/82115197-d516-4bd8-8498-227aaf30eb12/1663731416/,11,11,1,48a442ae-3003-483e-b107-e9d37ae694bc,https://cdn.feralfileassets.com/previews/82115197-d516-4bd8-8498-227aaf30eb12/1663731416/preview.png
https://cdn.feralfileassets.com/thumbnails/8dfe5559-b967-42f7-9f4a-f7cb1dae9008/1668959516,11,11,1,48a442ae-3003-483e-b107-e9d37ae694bc,https://cdn.feralfileassets.com/thumbnails/8dfe5559-b967-42f7-9f4a-f7cb1dae9008/1668959516
https://cdn.feralfileassets.com/thumbnails/a6463015-af79-43cf-ab25-84074828ac4b/1666709498,11,11,1,77de6645-fe9d-44ab-8a89-94097d11e485,https://cdn.feralfileassets.com/thumbnails/a6463015-af79-43cf-ab25-84074828ac4b/1666709498
https://cdn.feralfileassets.com/previews/a6463015-af79-43cf-ab25-84074828ac4b/1667592704/,11,11,11,77de6645-fe9d-44ab-8a89-94097d11e485,https://cdn.feralfileassets.com/previews/a6463015-af79-43cf-ab25-84074828ac4b/1667592704/?edition_number=0&blockchain=ethereum&contract=0x6e82e4B398Ca4137007ba69ddD6FF699334d13b5&token_id=18508392712335859217281546756689095982136889956180325835747044186697182425048
https://cdn.feralfileassets.com/thumbnails/5d67190d-28d7-493c-85c8-563c32de44ff/1666625198,11,11,1,77de6645-fe9d-44ab-8a89-94097d11e485,https://cdn.feralfileassets.com/thumbnails/5d67190d-28d7-493c-85c8-563c32de44ff/1666625198
https://cdn.feralfileassets.com/previews/5d67190d-28d7-493c-85c8-563c32de44ff/1667592434/,11,11,11,77de6645-fe9d-44ab-8a89-94097d11e485,https://cdn.feralfileassets.com/previews/5d67190d-28d7-493c-85c8-563c32de44ff/1667592434/?edition_number=0&blockchain=ethereum&contract=0x6e82e4B398Ca4137007ba69ddD6FF699334d13b5&token_id=26784186576786734221113338868184730699905253695798607540572045023095617009768
https://cdn.feralfileassets.com/thumbnails/9c797f06-41e2-4aa4-abfe-489485bea17e/1666627857,11,11,1,77de6645-fe9d-44ab-8a89-94097d11e485,https://cdn.feralfileassets.com/thumbnails/9c797f06-41e2-4aa4-abfe-489485bea17e/1666627857
https://cdn.feralfileassets.com/previews/9c797f06-41e2-4aa4-abfe-489485bea17e/1667593413/,11,11,11,77de6645-fe9d-44ab-8a89-94097d11e485,https://cdn.feralfileassets.com/previews/9c797f06-41e2-4aa4-abfe-489485bea17e/1667593413/?edition_number=0&blockchain=ethereum&contract=0x6e82e4B398Ca4137007ba69ddD6FF699334d13b5&token_id=104398116994341825170426578498298630082738464392540213104738174707054719211556
https://cdn.feralfileassets.com/thumbnails/bd0c4207-f8e7-49db-919e-e2913f39d59c/1667601386,11,11,1,77de6645-fe9d-44ab-8a89-94097d11e485,https://cdn.feralfileassets.com/thumbnails/bd0c4207-f8e7-49db-919e-e2913f39d59c/1667601386
https://cdn.feralfileassets.com/previews/bd0c4207-f8e7-49db-919e-e2913f39d59c/1667599797/,11,11,11,77de6645-fe9d-44ab-8a89-94097d11e485,https://cdn.feralfileassets.com/previews/bd0c4207-f8e7-49db-919e-e2913f39d59c/1667599797/?edition_number=0&blockchain=ethereum&contract=0x6e82e4B398Ca4137007ba69ddD6FF699334d13b5&token_id=92208933710796125770590251699325730336243064425460091178260788340701093768779
https://cdn.feralfileassets.com/thumbnails/f15bce66-da54-4f05-bc29-7ef15202b0c3/1666625606,11,11,1,77de6645-fe9d-44ab-8a89-94097d11e485,https://cdn.feralfileassets.com/thumbnails/f15bce66-da54-4f05-bc29-7ef15202b0c3/1666625606
https://cdn.feralfileassets.com/previews/f15bce66-da54-4f05-bc29-7ef15202b0c3/1667592496/,11,11,11,77de6645-fe9d-44ab-8a89-94097d11e485,https://cdn.feralfileassets.com/previews/f15bce66-da54-4f05-bc29-7ef15202b0c3/1667592496/?edition_number=0&blockchain=ethereum&contract=0x6e82e4B398Ca4137007ba69ddD6FF699334d13b5&token_id=34718018818869922919370887279228907780982832976222422378720431113664518558578
https://cdn.feralfileassets.com/thumbnails/cc86cf63-6b79-4bba-9613-e362851cbbdc/1666623515,11,11,1,77de6645-fe9d-44ab-8a89-94097d11e485,https://cdn.feralfileassets.com/thumbnails/cc86cf63-6b79-4bba-9613-e362851cbbdc/1666623515
https://cdn.feralfileassets.com/previews/cc86cf63-6b79-4bba-9613-e362851cbbdc/1667587386/,11,11,11,77de6645-fe9d-44ab-8a89-94097d11e485,https://cdn.feralfileassets.com/previews/cc86cf63-6b79-4bba-9613-e362851cbbdc/1667587386/?edition_number=0&blockchain=ethereum&contract=0x6e82e4B398Ca4137007ba69ddD6FF699334d13b5&token_id=67884599743201988766725462649025530234665379733525547672892980733959710599814
https://cdn.feralfileassets.com/thumbnails/527a291d-49f5-4ddc-81f6-0331f9e08be9/1666731421,11,11,1,77de6645-fe9d-44ab-8a89-94097d11e485,https://cdn.feralfileassets.com/thumbnails/527a291d-49f5-4ddc-81f6-0331f9e08be9/1666731421
https://cdn.feralfileassets.com/previews/527a291d-49f5-4ddc-81f6-0331f9e08be9/1667600061/,11,11,11,77de6645-fe9d-44ab-8a89-94097d11e485,https://cdn.feralfileassets.com/previews/527a291d-49f5-4ddc-81f6-0331f9e08be9/1667600061/?edition_number=0&blockchain=ethereum&contract=0x6e82e4B398Ca4137007ba69ddD6FF699334d13b5&token_id=103670424291181108903021494306982394267978572499721974093211453159646661892321
https://cdn.feralfileassets.com/thumbnails/7f70faea-dc2a-4613-b758-b53b9bd6d00d/1666620445,11,11,1,77de6645-fe9d-44ab-8a89-94097d11e485,https://cdn.feralfileassets.com/thumbnails/7f70faea-dc2a-4613-b758-b53b9bd6d00d/1666620445
https://cdn.feralfileassets.com/previews/7f70faea-dc2a-4613-b758-b53b9bd6d00d/1667638386/,11,11,11,77de6645-fe9d-44ab-8a89-94097d11e485,https://cdn.feralfileassets.com/previews/7f70faea-dc2a-4613-b758-b53b9bd6d00d/1667638386/?edition_number=0&blockchain=ethereum&contract=0x6e82e4B398Ca4137007ba69ddD6FF699334d13b5&token_id=101018397861100865329114328924892815187623142272647927988588693624037353186253
https://cdn.feralfileassets.com/thumbnails/d2bc4191-7730-45d8-9d1f-685d494f3e9e/1666842966,10,10,1,48a442ae-3003-483e-b107-e9d37ae694bc,https://cdn.feralfileassets.com/thumbnails/d2bc4191-7730-45d8-9d1f-685d494f3e9e/1666842966
https://cdn.feralfileassets.com/previews/d2bc4191-7730-45d8-9d1f-685d494f3e9e/1666842992/,10,10,1,48a442ae-3003-483e-b107-e9d37ae694bc,https://cdn.feralfileassets.com/previews/d2bc4191-7730-45d8-9d1f-685d494f3e9e/1666842992/preview.mp4
https://cdn.feralfileassets.com/thumbnails/867218d3-8421-4e45-b6b9-eca2fef44f5d/1668730526,8,8,1,48a442ae-3003-483e-b107-e9d37ae694bc,https://cdn.feralfileassets.com/thumbnails/867218d3-8421-4e45-b6b9-eca2fef44f5d/1668730526
https://cdn.feralfileassets.com/previews/867218d3-8421-4e45-b6b9-eca2fef44f5d/1665618979/,8,8,1,48a442ae-3003-483e-b107-e9d37ae694bc,https://cdn.feralfileassets.com/previews/867218d3-8421-4e45-b6b9-eca2fef44f5d/1665618979/preview.mp4
https://cdn.feralfileassets.com/previews/712ddea8-2492-4357-9f03-d1ff7e9ad4cf/1668642023/,12,6,12,48a442ae-3003-483e-b107-e9d37ae694bc,https://cdn.feralfileassets.com/previews/712ddea8-2492-4357-9f03-d1ff7e9ad4cf/1668642023/?edition_number=0&blockchain=ethereum&contract=0x2A86C5466f088caEbf94e071a77669BAe371CD87&token_id=23054627654022293378557484339859314570662620440316285194737095994444934294386&token_id_hash=0x2f5dad0542b7c454d8f29fa7efdd25020d3c93f19455d6fee579537da20f8719
https://cdn.feralfileassets.com/previews/6ed56114-2768-4625-84a9-7eda5baad6b8/1673657166/,10,5,6,99aa32cb-9ed4-472b-89ca-61a73ff93be3,https://cdn.feralfileassets.com/previews/6ed56114-2768-4625-84a9-7eda5baad6b8/1673657166/_unique-thumbnails/0-large.jpg
https://cdn.feralfileassets.com/thumbnails/f5d3ffb6-99fb-4c50-ac82-d9db3cfd3963/1666639443,4,4,1,48a442ae-3003-483e-b107-e9d37ae694bc,https://cdn.feralfileassets.com/thumbnails/f5d3ffb6-99fb-4c50-ac82-d9db3cfd3963/1666639443
https://cdn.feralfileassets.com/previews/f5d3ffb6-99fb-4c50-ac82-d9db3cfd3963/1666639970/,4,4,4,48a442ae-3003-483e-b107-e9d37ae694bc,https://cdn.feralfileassets.com/previews/f5d3ffb6-99fb-4c50-ac82-d9db3cfd3963/1666639970/?edition_number=0&blockchain=ethereum&contract=0x2A86C5466f088caEbf94e071a77669BAe371CD87&token_id=58808081037102973047914285344327235059767077645065607051796863932382238600160&token_id_hash=0xcee09949088f815585702a80384ba4a157a9f1fcc407eae1266764039c73346e
https://cdn.feralfileassets.com/thumbnails/03292b3d-769f-4235-a8ad-a3517e24f351/1668903882,4,4,1,48a442ae-3003-483e-b107-e9d37ae694bc,https://cdn.feralfileassets.com/thumbnails/03292b3d-769f-4235-a8ad-a3517e24f351/1668903882
https://cdn.feralfileassets.com/previews/03292b3d-769f-4235-a8ad-a3517e24f351/1668713860/,4,4,1,48a442ae-3003-483e-b107-e9d37ae694bc,https://cdn.feralfileassets.com/previews/03292b3d-769f-4235-a8ad-a3517e24f351/1668713860/preview.mp4
https://cdn.feralfileassets.com/thumbnails/4d3d60e8-0f7b-4578-b5a7-efae617c3ce2/1664939721,4,4,1,48a442ae-3003-483e-b107-e9d37ae694bc,https://cdn.feralfileassets.com/thumbnails/4d3d60e8-0f7b-4578-b5a7-efae617c3ce2/1664939721
https://cdn.feralfileassets.com/previews/4d3d60e8-0f7b-4578-b5a7-efae617c3ce2/1667251143/,4,4,1,48a442ae-3003-483e-b107-e9d37ae694bc,https://cdn.feralfileassets.com/previews/4d3d60e8-0f7b-4578-b5a7-efae617c3ce2/1667251143/preview.mp4
https://cdn.feralfileassets.com/thumbnails/5c46d607-e11d-477d-b38d-a9f5f2b7f6d9/1663400795,4,4,1,48a442ae-3003-483e-b107-e9d37ae694bc,https://cdn.feralfileassets.com/thumbnails/5c46d607-e11d-477d-b38d-a9f5f2b7f6d9/1663400795
https://cdn.feralfileassets.com/previews/5c46d607-e11d-477d-b38d-a9f5f2b7f6d9/1663401360/,4,4,4,48a442ae-3003-483e-b107-e9d37ae694bc,https://cdn.feralfileassets.com/previews/5c46d607-e11d-477d-b38d-a9f5f2b7f6d9/1663401360/?edition_number=0&blockchain=ethereum&contract=0x2A86C5466f088caEbf94e071a77669BAe371CD87&token_id=69037219782415170039743351977361926117918379142220489214116017537486336548224&token_id_hash=0x2bd150ae012a1c9d5925c1edeb86c23040a44bce78e69a8d7d94339308292619
https://cdn.feralfileassets.com/thumbnails/51de9ede-43ee-43a8-8af5-3771d73eacc7/1668903858,4,4,1,48a442ae-3003-483e-b107-e9d37ae694bc,https://cdn.feralfileassets.com/thumbnails/51de9ede-43ee-43a8-8af5-3771d73eacc7/1668903858
https://cdn.feralfileassets.com/previews/51de9ede-43ee-43a8-8af5-3771d73eacc7/1668713628/,4,4,1,48a442ae-3003-483e-b107-e9d37ae694bc,https://cdn.feralfileassets.com/previews/51de9ede-43ee-43a8-8af5-3771d73eacc7/1668713628/preview.mp4
https://cdn.feralfileassets.com/thumbnails/b8e62a5d-cbe8-46c6-8d5c-fd66e06a0984/1668903788,4,4,1,48a442ae-3003-483e-b107-e9d37ae694bc,https://cdn.feralfileassets.com/thumbnails/b8e62a5d-cbe8-46c6-8d5c-fd66e06a0984/1668903788
https://cdn.feralfileassets.com/previews/b8e62a5d-cbe8-46c6-8d5c-fd66e06a0984/1668713694/,4,4,1,48a442ae-3003-483e-b107-e9d37ae694bc,https://cdn.feralfileassets.com/previews/b8e62a5d-cbe8-46c6-8d5c-fd66e06a0984/1668713694/preview.mp4
https://cdn.feralfileassets.com/thumbnails/c601cac7-6a3b-410f-baa2-a86f4a6be10d/1668903870,4,4,1,48a442ae-3003-483e-b107-e9d37ae694bc,https://cdn.feralfileassets.com/thumbnails/c601cac7-6a3b-410f-baa2-a86f4a6be10d/1668903870
https://cdn.feralfileassets.com/previews/c601cac7-6a3b-410f-baa2-a86f4a6be10d/1668713764/,4,4,1,48a442ae-3003-483e-b107-e9d37ae694bc,https://cdn.feralfileassets.com/previews/c601cac7-6a3b-410f-baa2-a86f4a6be10d/1668713764/preview.mp4
https://cdn.feralfileassets.com/thumbnails/e03b37b6-2d2d-41d1-ac24-673e08600ac8/1667836183,4,4,1,48a442ae-3003-483e-b107-e9d37ae694bc,https://cdn.feralfileassets.com/thumbnails/e03b37b6-2d2d-41d1-ac24-673e08600ac8/1667836183
https://cdn.feralfileassets.com/previews/e03b37b6-2d2d-41d1-ac24-673e08600ac8/1667836783/,4,4,1,48a442ae-3003-483e-b107-e9d37ae694bc,https://cdn.feralfileassets.com/previews/e03b37b6-2d2d-41d1-ac24-673e08600ac8/1667836783/preview.gif
https://cdn.feralfileassets.com/thumbnails/8323eb9a-b406-4fbc-8550-fcd12213440a/1666618556,4,4,1,77de6645-fe9d-44ab-8a89-94097d11e485,https://cdn.feralfileassets.com/thumbnails/8323eb9a-b406-4fbc-8550-fcd12213440a/1666618556
https://cdn.feralfileassets.com/previews/8323eb9a-b406-4fbc-8550-fcd12213440a/1667584931/,4,4,4,77de6645-fe9d-44ab-8a89-94097d11e485,https://cdn.feralfileassets.com/previews/8323eb9a-b406-4fbc-8550-fcd12213440a/1667584931/?edition_number=0&blockchain=ethereum&contract=0x6e82e4B398Ca4137007ba69ddD6FF699334d13b5&token_id=83546164136789563436808252890115554093142535498547881756265405968490982747232
https://cdn.feralfileassets.com/thumbnails/32f1b099-448d-4e6d-8358-70a64e005903/1666619126,4,4,1,77de6645-fe9d-44ab-8a89-94097d11e485,https://cdn.feralfileassets.com/thumbnails/32f1b099-448d-4e6d-8358-70a64e005903/1666619126
https://cdn.feralfileassets.com/previews/32f1b099-448d-4e6d-8358-70a64e005903/1667585109/,4,4,4,77de6645-fe9d-44ab-8a89-94097d11e485,https://cdn.feralfileassets.com/previews/32f1b099-448d-4e6d-8358-70a64e005903/1667585109/?edition_number=0&blockchain=ethereum&contract=0x6e82e4B398Ca4137007ba69ddD6FF699334d13b5&token_id=31658398539211567249775841645446054699032188246536879923555153674548343085940
https://cdn.feralfileassets.com/thumbnails/d90151ff-0159-4973-a7a6-724b04c01547/1666620306,4,4,1,77de6645-fe9d-44ab-8a89-94097d11e485,https://cdn.feralfileassets.com/thumbnails/d90151ff-0159-4973-a7a6-724b04c01547/1666620306
https://cdn.feralfileassets.com/previews/d90151ff-0159-4973-a7a6-724b04c01547/1667585771/,4,4,4,77de6645-fe9d-44ab-8a89-94097d11e485,https://cdn.feralfileassets.com/previews/d90151ff-0159-4973-a7a6-724b04c01547/1667585771/?edition_number=0&blockchain=ethereum&contract=0x6e82e4B398Ca4137007ba69ddD6FF699334d13b5&token_id=38691948804591133143284137495105900800364423599931822770633671069054284343615
https://cdn.feralfileassets.com/previews/949ddc52-1007-4f79-a355-e287a7b55fc6/1670988648/,6,3,6,24e7d8fd-01b9-4673-9f46-6f69118feda1,https://cdn.feralfileassets.com/previews/949ddc52-1007-4f79-a355-e287a7b55fc6/1670988648/?edition_number=0&blockchain=ethereum&contract=0x6003994adeca13407e8dbee808280cc3ef2ab820&token_id=100892839160060167571202380200459532184539179465012354262131066914373071764417&token_id_hash=0x7e99c248ffc0ad2c6ce0b7eeceda9fe7cd5cf5779b5d53450ee1297b5a0f7f39
https://cdn.feralfileassets.com/previews/8d857653-9b06-4789-bf98-b5646b0c3f47/1670990379/,6,3,6,24e7d8fd-01b9-4673-9f46-6f69118feda1,https://cdn.feralfileassets.com/previews/8d857653-9b06-4789-bf98-b5646b0c3f47/1670990379/?edition_number=0&blockchain=ethereum&contract=0x6003994adeca13407e8dbee808280cc3ef2ab820&token_id=62186715774995435029814843775832455593531258371274455388532309026170987997016&token_id_hash=0x38a7324c675c6378a9d21e81f964a4879472d2bfe4d2d2bd5adc67b5b1792d44
https://cdn.feralfileassets.com/previews/d9002d0a-d209-43da-b71b-f4a9c0024af5/1670989718/,6,3,6,24e7d8fd-01b9-4673-9f46-6f69118feda1,https://cdn.feralfileassets.com/previews/d9002d0a-d209-43da-b71b-f4a9c0024af5/1670989718/?edition_number=0&blockchain=ethereum&contract=0x6003994adeca13407e8dbee808280cc3ef2ab820&token_id=43812773355323655352919296225043877433270052855456306374873853632824884117360&token_id_hash=0x88ce3862a87a9f71d3348ffa450c52e00bc329e2f9256ecf600690dbbdddca40
https://cdn.feralfileassets.com/previews/9de55d58-68f1-455a-9a41-4296ecc56cad/1670989027/,6,3,6,24e7d8fd-01b9-4673-9f46-6f69118feda1,https://cdn.feralfileassets.com/previews/9de55d58-68f1-455a-9a41-4296ecc56cad/1670989027/?edition_number=0&blockchain=ethereum&contract=0x6003994adeca13407e8dbee808280cc3ef2ab820&token_id=89391130809448363084087070038276728334099349534674600029855304563645247032792&token_id_hash=0x06e55928f35bdf761d7be89b454eaf22874d3ec52b1fc33f2e69b9954e069c7a
https://cdn.feralfileassets.com/thumbnails/47f31603-9721-403b-94b5-d24ab9fb8256/1672939099,3,3,1,99aa32cb-9ed4-472b-89ca-61a73ff93be3,https://cdn.feralfileassets.com/thumbnails/47f31603-9721-403b-94b5-d24ab9fb8256/1672939099
https://cdn.feralfileassets.com/previews/47f31603-9721-403b-94b5-d24ab9fb8256/1672939106/,3,3,1,99aa32cb-9ed4-472b-89ca-61a73ff93be3,https://cdn.feralfileassets.com/previews/47f31603-9721-403b-94b5-d24ab9fb8256/1672939106/preview.mp4
https://cdn.feralfileassets.com/thumbnails/b45f236a-f29f-4e0a-94b4-e894cb7566e7/1675926380,2,2,1,8bf192b1-5fc9-4bca-8156-a2e4c087df06,https://cdn.feralfileassets.com/thumbnails/b45f236a-f29f-4e0a-94b4-e894cb7566e7/1675926380
https://cdn.feralfileassets.com/previews/b45f236a-f29f-4e0a-94b4-e894cb7566e7/1675926395/,2,2,1,8bf192b1-5fc9-4bca-8156-a2e4c087df06,https://cdn.feralfileassets.com/previews/b45f236a-f29f-4e0a-94b4-e894cb7566e7/1675926395/preview.mp4
https://cdn.feralfileassets.com/thumbnails/af10361f-ee39-4e5b-88d0-6c43e8d9bab5/1675929051,2,2,1,8bf192b1-5fc9-4bca-8156-a2e4c087df06,https://cdn.feralfileassets.com/thumbnails/af10361f-ee39-4e5b-88d0-6c43e8d9bab5/1675929051
https://cdn.feralfileassets.com/previews/af10361f-ee39-4e5b-88d0-6c43e8d9bab5/1675929058/,2,2,1,8bf192b1-5fc9-4bca-8156-a2e4c087df06,https://cdn.feralfileassets.com/previews/af10361f-ee39-4e5b-88d0-6c43e8d9bab5/1675929058/preview.mp4
https://cdn.feralfileassets.com/thumbnails/07f145a0-1131-4366-a422-a6e18999d054/1675930104,2,2,1,8bf192b1-5fc9-4bca-8156-a2e4c087df06,https://cdn.feralfileassets.com/thumbnails/07f145a0-1131-4366-a422-a6e18999d054/1675930104
https://cdn.feralfileassets.com/previews/07f145a0-1131-4366-a422-a6e18999d054/1675930114/,2,2,1,8bf192b1-5fc9-4bca-8156-a2e4c087df06,https://cdn.feralfileassets.com/previews/07f145a0-1131-4366-a422-a6e18999d054/1675930114/preview.mp4
https://cdn.feralfileassets.com/thumbnails/c570b9bd-d434-4e95-8295-801cc9458b03/1675925652,2,2,1,8bf192b1-5fc9-4bca-8156-a2e4c087df06,https://cdn.feralfileassets.com/thumbnails/c570b9bd-d434-4e95-8295-801cc9458b03/1675925652
https://cdn.feralfileassets.com/previews/c570b9bd-d434-4e95-8295-801cc9458b03/1675925666/,2,2,1,8bf192b1-5fc9-4bca-8156-a2e4c087df06,https://cdn.feralfileassets.com/previews/c570b9bd-d434-4e95-8295-801cc9458b03/1675925666/preview.mp4
https://cdn.feralfileassets.com/thumbnails/ce6dc4ca-13d5-4cda-ba15-9d3201873384/1675927158,2,2,1,8bf192b1-5fc9-4bca-8156-a2e4c087df06,https://cdn.feralfileassets.com/thumbnails/ce6dc4ca-13d5-4cda-ba15-9d3201873384/1675927158
https://cdn.feralfileassets.com/previews/ce6dc4ca-13d5-4cda-ba15-9d3201873384/1675927167/,2,2,1,8bf192b1-5fc9-4bca-8156-a2e4c087df06,https://cdn.feralfileassets.com/previews/ce6dc4ca-13d5-4cda-ba15-9d3201873384/1675927167/preview.mp4
https://cdn.feralfileassets.com/thumbnails/866f3fab-e74a-46fe-ba92-651b95e356e9/1675928531,2,2,1,8bf192b1-5fc9-4bca-8156-a2e4c087df06,https://cdn.feralfileassets.com/thumbnails/866f3fab-e74a-46fe-ba92-651b95e356e9/1675928531
https://cdn.feralfileassets.com/previews/866f3fab-e74a-46fe-ba92-651b95e356e9/1675928540/,2,2,1,8bf192b1-5fc9-4bca-8156-a2e4c087df06,https://cdn.feralfileassets.com/previews/866f3fab-e74a-46fe-ba92-651b95e356e9/1675928540/preview.mp4
https://cdn.feralfileassets.com/thumbnails/c281ce58-3507-4f6f-bb15-540a88ee553f/1675927583,2,2,1,8bf192b1-5fc9-4bca-8156-a2e4c087df06,https://cdn.feralfileassets.com/thumbnails/c281ce58-3507-4f6f-bb15-540a88ee553f/1675927583
https://cdn.feralfileassets.com/previews/c281ce58-3507-4f6f-bb15-540a88ee553f/1675927590/,2,2,1,8bf192b1-5fc9-4bca-8156-a2e4c087df06,https://cdn.feralfileassets.com/previews/c281ce58-3507-4f6f-bb15-540a88ee553f/1675927590/preview.mp4
https://cdn.feralfileassets.com/thumbnails/412568f3-8e46-4058-baa8-b2d907578f0c/1675929742,2,2,1,8bf192b1-5fc9-4bca-8156-a2e4c087df06,https://cdn.feralfileassets.com/thumbnails/412568f3-8e46-4058-baa8-b2d907578f0c/1675929742
https://cdn.feralfileassets.com/previews/412568f3-8e46-4058-baa8-b2d907578f0c/1675929748/,2,2,1,8bf192b1-5fc9-4bca-8156-a2e4c087df06,https://cdn.feralfileassets.com/previews/412568f3-8e46-4058-baa8-b2d907578f0c/1675929748/preview.mp4
https://cdn.feralfileassets.com/thumbnails/4c2da678-ac66-4b85-8fd5-75fc26ba0a5b/1670290538,1,1,1,24e7d8fd-01b9-4673-9f46-6f69118feda1,https://cdn.feralfileassets.com/thumbnails/4c2da678-ac66-4b85-8fd5-75fc26ba0a5b/1670290538
https://cdn.feralfileassets.com/previews/4c2da678-ac66-4b85-8fd5-75fc26ba0a5b/1670988429/,1,1,1,24e7d8fd-01b9-4673-9f46-6f69118feda1,https://cdn.feralfileassets.com/previews/4c2da678-ac66-4b85-8fd5-75fc26ba0a5b/1670988429/?edition_number=0&blockchain=ethereum&contract=0x6003994adeca13407e8dbee808280cc3ef2ab820&token_id=31407201287127526542816856047451791715680458487654720084356565537967265406231&token_id_hash=0xb80728bb82a1f8145807cf2432c7b60ffb9776e9952c3495d24ab17cec1ee6d8
https://cdn.feralfileassets.com/thumbnails/d247736f-14d8-4e9a-8408-3f2328ae4459/1670290096,1,1,1,24e7d8fd-01b9-4673-9f46-6f69118feda1,https://cdn.feralfileassets.com/thumbnails/d247736f-14d8-4e9a-8408-3f2328ae4459/1670290096
https://cdn.feralfileassets.com/previews/d247736f-14d8-4e9a-8408-3f2328ae4459/1670988316/,1,1,1,24e7d8fd-01b9-4673-9f46-6f69118feda1,https://cdn.feralfileassets.com/previews/d247736f-14d8-4e9a-8408-3f2328ae4459/1670988316/?edition_number=0&blockchain=ethereum&contract=0x6003994adeca13407e8dbee808280cc3ef2ab820&token_id=19926596094255126125166421402975005060328841433878809074115704782911025446719&token_id_hash=0xf1b1692581af839311065e972fb488ef67649e972131d7a8c8be3d990bd67104
https://cdn.feralfileassets.com/thumbnails/d78f0375-3173-4a51-a52e-a211b79acf88/1672841623,1,1,1,99aa32cb-9ed4-472b-89ca-61a73ff93be3,https://cdn.feralfileassets.com/thumbnails/d78f0375-3173-4a51-a52e-a211b79acf88/1672841623
https://cdn.feralfileassets.com/previews/d78f0375-3173-4a51-a52e-a211b79acf88/1672841629/,1,1,1,99aa32cb-9ed4-472b-89ca-61a73ff93be3,https://cdn.feralfileassets.com/previews/d78f0375-3173-4a51-a52e-a211b79acf88/1672841629/preview.mp4
