contract,token_id,exhibition,resource,url,host,reason
0x9294c5787f5BC7462E991fE8B6FeaC75F433ac39,86538852424518247587746376800362690666100157706322679248233552625902012024337,56049bb2-d5ea-4947-b6ec-fc99408f92cf,animation_url,https://aesthetic.computer/wg~w0w,aesthetic.computer,"ten-whistlegraphs: overlay artifact, product decision"
0x9294c5787f5BC7462E991fE8B6FeaC75F433ac39,86538852424518247587746376800362690666100157706322679248233552625902012024338,56049bb2-d5ea-4947-b6ec-fc99408f92cf,animation_url,https://aesthetic.computer/wg~w0w,aesthetic.computer,"ten-whistlegraphs: overlay artifact, product decision"
0x9294c5787f5BC7462E991fE8B6FeaC75F433ac39,86538852424518247587746376800362690666100157706322679248233552625902012024339,56049bb2-d5ea-4947-b6ec-fc99408f92cf,animation_url,https://aesthetic.computer/wg~w0w,aesthetic.computer,"ten-whistlegraphs: overlay artifact, product decision"
0x9294c5787f5BC7462E991fE8B6FeaC75F433ac39,86538852424518247587746376800362690666100157706322679248233552625902012024334,56049bb2-d5ea-4947-b6ec-fc99408f92cf,animation_url,https://aesthetic.computer/wg~w0w,aesthetic.computer,"ten-whistlegraphs: overlay artifact, product decision"
0x9294c5787f5BC7462E991fE8B6FeaC75F433ac39,24298776145658945174247534552747357352865717842153506789353982151598247785049,56049bb2-d5ea-4947-b6ec-fc99408f92cf,animation_url,https://aesthetic.computer/wg~imab,aesthetic.computer,"ten-whistlegraphs: overlay artifact, product decision"
0x9294c5787f5BC7462E991fE8B6FeaC75F433ac39,24298776145658945174247534552747357352865717842153506789353982151598247785047,56049bb2-d5ea-4947-b6ec-fc99408f92cf,animation_url,https://aesthetic.computer/wg~imab,aesthetic.computer,"ten-whistlegraphs: overlay artifact, product decision"
0x9294c5787f5BC7462E991fE8B6FeaC75F433ac39,24298776145658945174247534552747357352865717842153506789353982151598247785050,56049bb2-d5ea-4947-b6ec-fc99408f92cf,animation_url,https://aesthetic.computer/wg~imab,aesthetic.computer,"ten-whistlegraphs: overlay artifact, product decision"
0x9294c5787f5BC7462E991fE8B6FeaC75F433ac39,24298776145658945174247534552747357352865717842153506789353982151598247785045,56049bb2-d5ea-4947-b6ec-fc99408f92cf,animation_url,https://aesthetic.computer/wg~imab,aesthetic.computer,"ten-whistlegraphs: overlay artifact, product decision"
0x9294c5787f5BC7462E991fE8B6FeaC75F433ac39,24298776145658945174247534552747357352865717842153506789353982151598247785048,56049bb2-d5ea-4947-b6ec-fc99408f92cf,animation_url,https://aesthetic.computer/wg~imab,aesthetic.computer,"ten-whistlegraphs: overlay artifact, product decision"
0x9294c5787f5BC7462E991fE8B6FeaC75F433ac39,106617214819159678257385672898805288300932347841372762354364063342458165013563,56049bb2-d5ea-4947-b6ec-fc99408f92cf,animation_url,https://aesthetic.computer/wg~idni,aesthetic.computer,"ten-whistlegraphs: overlay artifact, product decision"
0x9294c5787f5BC7462E991fE8B6FeaC75F433ac39,106617214819159678257385672898805288300932347841372762354364063342458165013561,56049bb2-d5ea-4947-b6ec-fc99408f92cf,animation_url,https://aesthetic.computer/wg~idni,aesthetic.computer,"ten-whistlegraphs: overlay artifact, product decision"
0x9294c5787f5BC7462E991fE8B6FeaC75F433ac39,106617214819159678257385672898805288300932347841372762354364063342458165013562,56049bb2-d5ea-4947-b6ec-fc99408f92cf,animation_url,https://aesthetic.computer/wg~idni,aesthetic.computer,"ten-whistlegraphs: overlay artifact, product decision"
0x9294c5787f5BC7462E991fE8B6FeaC75F433ac39,106617214819159678257385672898805288300932347841372762354364063342458165013558,56049bb2-d5ea-4947-b6ec-fc99408f92cf,animation_url,https://aesthetic.computer/wg~idni,aesthetic.computer,"ten-whistlegraphs: overlay artifact, product decision"
0x9294c5787f5BC7462E991fE8B6FeaC75F433ac39,106617214819159678257385672898805288300932347841372762354364063342458165013560,56049bb2-d5ea-4947-b6ec-fc99408f92cf,animation_url,https://aesthetic.computer/wg~idni,aesthetic.computer,"ten-whistlegraphs: overlay artifact, product decision"
0x9294c5787f5BC7462E991fE8B6FeaC75F433ac39,48627848289168186202030308937714736044114237960234647429111876172184646170842,56049bb2-d5ea-4947-b6ec-fc99408f92cf,animation_url,https://aesthetic.computer/wg~puzz,aesthetic.computer,"ten-whistlegraphs: overlay artifact, product decision"
0x9294c5787f5BC7462E991fE8B6FeaC75F433ac39,48627848289168186202030308937714736044114237960234647429111876172184646170839,56049bb2-d5ea-4947-b6ec-fc99408f92cf,animation_url,https://aesthetic.computer/wg~puzz,aesthetic.computer,"ten-whistlegraphs: overlay artifact, product decision"
0x9294c5787f5BC7462E991fE8B6FeaC75F433ac39,48627848289168186202030308937714736044114237960234647429111876172184646170841,56049bb2-d5ea-4947-b6ec-fc99408f92cf,animation_url,https://aesthetic.computer/wg~puzz,aesthetic.computer,"ten-whistlegraphs: overlay artifact, product decision"
0x9294c5787f5BC7462E991fE8B6FeaC75F433ac39,48627848289168186202030308937714736044114237960234647429111876172184646170843,56049bb2-d5ea-4947-b6ec-fc99408f92cf,animation_url,https://aesthetic.computer/wg~puzz,aesthetic.computer,"ten-whistlegraphs: overlay artifact, product decision"
0x9294c5787f5BC7462E991fE8B6FeaC75F433ac39,48627848289168186202030308937714736044114237960234647429111876172184646170844,56049bb2-d5ea-4947-b6ec-fc99408f92cf,animation_url,https://aesthetic.computer/wg~puzz,aesthetic.computer,"ten-whistlegraphs: overlay artifact, product decision"
0x9294c5787f5BC7462E991fE8B6FeaC75F433ac39,48863705250211320275622564439647195889824043854931170294905496688084877045408,56049bb2-d5ea-4947-b6ec-fc99408f92cf,animation_url,https://aesthetic.computer/wg~lonr,aesthetic.computer,"ten-whistlegraphs: overlay artifact, product decision"
0x9294c5787f5BC7462E991fE8B6FeaC75F433ac39,48863705250211320275622564439647195889824043854931170294905496688084877045406,56049bb2-d5ea-4947-b6ec-fc99408f92cf,animation_url,https://aesthetic.computer/wg~lonr,aesthetic.computer,"ten-whistlegraphs: overlay artifact, product decision"
0x9294c5787f5BC7462E991fE8B6FeaC75F433ac39,48863705250211320275622564439647195889824043854931170294905496688084877045403,56049bb2-d5ea-4947-b6ec-fc99408f92cf,animation_url,https://aesthetic.computer/wg~lonr,aesthetic.computer,"ten-whistlegraphs: overlay artifact, product decision"
0x9294c5787f5BC7462E991fE8B6FeaC75F433ac39,48863705250211320275622564439647195889824043854931170294905496688084877045405,56049bb2-d5ea-4947-b6ec-fc99408f92cf,animation_url,https://aesthetic.computer/wg~lonr,aesthetic.computer,"ten-whistlegraphs: overlay artifact, product decision"
0x9294c5787f5BC7462E991fE8B6FeaC75F433ac39,50781673747654174516923144225176619745350592720897459998062260049775886871857,56049bb2-d5ea-4947-b6ec-fc99408f92cf,animation_url,https://aesthetic.computer/wg~grow,aesthetic.computer,"ten-whistlegraphs: overlay artifact, product decision"
0x9294c5787f5BC7462E991fE8B6FeaC75F433ac39,50781673747654174516923144225176619745350592720897459998062260049775886871855,56049bb2-d5ea-4947-b6ec-fc99408f92cf,animation_url,https://aesthetic.computer/wg~grow,aesthetic.computer,"ten-whistlegraphs: overlay artifact, product decision"
0x9294c5787f5BC7462E991fE8B6FeaC75F433ac39,50781673747654174516923144225176619745350592720897459998062260049775886871858,56049bb2-d5ea-4947-b6ec-fc99408f92cf,animation_url,https://aesthetic.computer/wg~grow,aesthetic.computer,"ten-whistlegraphs: overlay artifact, product decision"
0x9294c5787f5BC7462E991fE8B6FeaC75F433ac39,50781673747654174516923144225176619745350592720897459998062260049775886871853,56049bb2-d5ea-4947-b6ec-fc99408f92cf,animation_url,https://aesthetic.computer/wg~grow,aesthetic.computer,"ten-whistlegraphs: overlay artifact, product decision"
0x9294c5787f5BC7462E991fE8B6FeaC75F433ac39,50781673747654174516923144225176619745350592720897459998062260049775886871856,56049bb2-d5ea-4947-b6ec-fc99408f92cf,animation_url,https://aesthetic.computer/wg~grow,aesthetic.computer,"ten-whistlegraphs: overlay artifact, product decision"
0x9294c5787f5BC7462E991fE8B6FeaC75F433ac39,43440340913191970997055432036860088166881864832930550389106931634251630631802,56049bb2-d5ea-4947-b6ec-fc99408f92cf,animation_url,https://aesthetic.computer/wg~l8ly,aesthetic.computer,"ten-whistlegraphs: overlay artifact, product decision"
0x9294c5787f5BC7462E991fE8B6FeaC75F433ac39,43440340913191970997055432036860088166881864832930550389106931634251630631804,56049bb2-d5ea-4947-b6ec-fc99408f92cf,animation_url,https://aesthetic.computer/wg~l8ly,aesthetic.computer,"ten-whistlegraphs: overlay artifact, product decision"
0x9294c5787f5BC7462E991fE8B6FeaC75F433ac39,43440340913191970997055432036860088166881864832930550389106931634251630631801,56049bb2-d5ea-4947-b6ec-fc99408f92cf,animation_url,https://aesthetic.computer/wg~l8ly,aesthetic.computer,"ten-whistlegraphs: overlay artifact, product decision"
0x9294c5787f5BC7462E991fE8B6FeaC75F433ac39,43440340913191970997055432036860088166881864832930550389106931634251630631799,56049bb2-d5ea-4947-b6ec-fc99408f92cf,animation_url,https://aesthetic.computer/wg~l8ly,aesthetic.computer,"ten-whistlegraphs: overlay artifact, product decision"
0x9294c5787f5BC7462E991fE8B6FeaC75F433ac39,68974134701855428354182141599600792533566538025482641696241806564154388734492,56049bb2-d5ea-4947-b6ec-fc99408f92cf,animation_url,https://aesthetic.computer/wg~sdog,aesthetic.computer,"ten-whistlegraphs: overlay artifact, product decision"
0x9294c5787f5BC7462E991fE8B6FeaC75F433ac39,68974134701855428354182141599600792533566538025482641696241806564154388734494,56049bb2-d5ea-4947-b6ec-fc99408f92cf,animation_url,https://aesthetic.computer/wg~sdog,aesthetic.computer,"ten-whistlegraphs: overlay artifact, product decision"
0x9294c5787f5BC7462E991fE8B6FeaC75F433ac39,68974134701855428354182141599600792533566538025482641696241806564154388734493,56049bb2-d5ea-4947-b6ec-fc99408f92cf,animation_url,https://aesthetic.computer/wg~sdog,aesthetic.computer,"ten-whistlegraphs: overlay artifact, product decision"
0x9294c5787f5BC7462E991fE8B6FeaC75F433ac39,68974134701855428354182141599600792533566538025482641696241806564154388734490,56049bb2-d5ea-4947-b6ec-fc99408f92cf,animation_url,https://aesthetic.computer/wg~sdog,aesthetic.computer,"ten-whistlegraphs: overlay artifact, product decision"
0x9294c5787f5BC7462E991fE8B6FeaC75F433ac39,83514432246577316979638673645814160012988148299041711046662933236138898072369,56049bb2-d5ea-4947-b6ec-fc99408f92cf,animation_url,https://aesthetic.computer/wg~wiyh,aesthetic.computer,"ten-whistlegraphs: overlay artifact, product decision"
0x9294c5787f5BC7462E991fE8B6FeaC75F433ac39,83514432246577316979638673645814160012988148299041711046662933236138898072372,56049bb2-d5ea-4947-b6ec-fc99408f92cf,animation_url,https://aesthetic.computer/wg~wiyh,aesthetic.computer,"ten-whistlegraphs: overlay artifact, product decision"
0x9294c5787f5BC7462E991fE8B6FeaC75F433ac39,83514432246577316979638673645814160012988148299041711046662933236138898072367,56049bb2-d5ea-4947-b6ec-fc99408f92cf,animation_url,https://aesthetic.computer/wg~wiyh,aesthetic.computer,"ten-whistlegraphs: overlay artifact, product decision"
0x9294c5787f5BC7462E991fE8B6FeaC75F433ac39,83514432246577316979638673645814160012988148299041711046662933236138898072371,56049bb2-d5ea-4947-b6ec-fc99408f92cf,animation_url,https://aesthetic.computer/wg~wiyh,aesthetic.computer,"ten-whistlegraphs: overlay artifact, product decision"
0x9294c5787f5BC7462E991fE8B6FeaC75F433ac39,83514432246577316979638673645814160012988148299041711046662933236138898072370,56049bb2-d5ea-4947-b6ec-fc99408f92cf,animation_url,https://aesthetic.computer/wg~wiyh,aesthetic.computer,"ten-whistlegraphs: overlay artifact, product decision"
0x9294c5787f5BC7462E991fE8B6FeaC75F433ac39,60482846104413848287324598659494249655072542489687088459959218169946856246651,56049bb2-d5ea-4947-b6ec-fc99408f92cf,animation_url,https://aesthetic.computer/wg~ppl,aesthetic.computer,"ten-whistlegraphs: overlay artifact, product decision"
0x9294c5787f5BC7462E991fE8B6FeaC75F433ac39,60482846104413848287324598659494249655072542489687088459959218169946856246655,56049bb2-d5ea-4947-b6ec-fc99408f92cf,animation_url,https://aesthetic.computer/wg~ppl,aesthetic.computer,"ten-whistlegraphs: overlay artifact, product decision"
0x9294c5787f5BC7462E991fE8B6FeaC75F433ac39,60482846104413848287324598659494249655072542489687088459959218169946856246653,56049bb2-d5ea-4947-b6ec-fc99408f92cf,animation_url,https://aesthetic.computer/wg~ppl,aesthetic.computer,"ten-whistlegraphs: overlay artifact, product decision"
0x9294c5787f5BC7462E991fE8B6FeaC75F433ac39,60482846104413848287324598659494249655072542489687088459959218169946856246656,56049bb2-d5ea-4947-b6ec-fc99408f92cf,animation_url,https://aesthetic.computer/wg~ppl,aesthetic.computer,"ten-whistlegraphs: overlay artifact, product decision"
