"title","edition","artwork_id","token_id","swap_metadata_cid","status","is_migration","swap_created_at","swap_updated_at","tx_id","preview_uri","preview_ipfs_uri","thumbnail_uri","thumbnail_ipfs_uri","artwork_updated_at"
"36 Points #01",1,"44fd180930afd8626bfa248a120f0723383cfb28f23250a922f39ac1207494ff","6229100147646990607419186448973685356003330360291535307888976845307913171916",QmXzVncURE6ayxZTwQWnUbA4LF8pMpiaUbgwxWYc76nVD3,complete,true,2023-04-06 23:58:51.083 +0800,2023-04-07 00:01:28.434 +0800,"",previews/f65cb7b3-89e2-47eb-9e73-3b371105e15e/1725620464/index.html,ipfs://QmULUtZqzwwPcR5b2cmMzJTjgq3CJNUktx6rEBBVho4x8g,https://imagedelivery.net/5BJzhBHeVhlhbn58hvcXAQ/46dda78f-541a-4438-3d71-be8e7f2be900,ipfs://QmSa4cAK6nb344PpnxjyiXRkm9m9GgVZggN6eQ2cfpEn7a,2025-12-26 16:59:26.000 +0800
"36 Points #02",1,"31de7942720d414c9faccca0ed5b8bd6ee06177f9331ee93db435149a7ae48bd","60555235769946072280257368134421579233129900805931125862653074656717210657350",QmdSfeZhbsXHmVQdW9ZWgE5ef8Ek2nuN15hRPaaLSokBBJ,complete,true,2023-04-15 00:26:19.215 +0800,2023-04-15 00:28:29.325 +0800,"",previews/a2ba079e-319b-425a-b3df-6bb68c1b7343/1725623570/index.html,ipfs://QmX3jGgBHKK4JkptQN248ZFmyPH3d5zyBQzgcXhKgXYgiq,https://imagedelivery.net/5BJzhBHeVhlhbn58hvcXAQ/0b6deec8-366c-4232-3b5e-a7bd76c3fb00,ipfs://QmUrg8sUgyht4eL9jXRke7GwqWzWB9td2Xnnxw6pZRGHbL,2025-12-26 16:59:25.000 +0800
"36 Points #03",1,a84553164de68015c476d80cc9405d1a2528b007a9e49119aab69cf08ec62e73,"11664021220004922721158142696805109385017351455970048986406817807233226597982",QmVFhaA9SjbrM3AAH4wMx3aptTUVMwTgcHt8Y5i35J7kk7,complete,true,2023-04-15 00:26:20.986 +0800,2023-04-15 04:08:48.571 +0800,"",previews/6f5db274-ea1f-47b6-82ab-13b0ad650d36/1725623638/index.html,ipfs://QmZkpq1V956YyfMcaEvwSfN1xybCmcJzZhNQxvGkwVe9nd,https://imagedelivery.net/5BJzhBHeVhlhbn58hvcXAQ/d6760b65-6f9f-46e3-50b9-097144f6b400,ipfs://Qmav4YYQoVEa942LfyZGaycuewMTb8WkP8mRSQGW9vGfUi,2025-12-26 16:59:25.000 +0800
"36 Points #04",1,"940574a4443494cf3aa4b985ae231e64c7da74d0bad86181a1b0a87d5ec6c648","54950933058261189443811690230205364815834649260599699471843244737216885808589",QmNSNBSRsZaSnXT2BCTd89ZZPFfySk7qbM4SV1zH7bBcSu,complete,true,2023-05-31 12:12:16.893 +0800,2023-05-31 12:17:07.544 +0800,"",previews/bfecf42e-41e0-46a7-a948-435c5439d574/1725623694/index.html,ipfs://QmQpxuRBt3PvAyEdXkvK6FC3evqJMJwsN3ggbTXBWXaPk2,https://imagedelivery.net/5BJzhBHeVhlhbn58hvcXAQ/40553fa8-48d1-4e21-8aea-0697eeabe800,ipfs://QmX4ypcpcDSAdtHfdpCs7ujtfUq5jAZMeZfuSoDnofEdj2,2025-12-26 16:59:25.000 +0800
"36 Points #05",1,f46754183cbbdf52e76a1d86621a4c6760b4f749d1fe68ea2e80ede324c34d6b,"18698764637565186712817975068720307980521463968285219645773655026414864292038",QmaJSzaYVcDKMkZpp7pxQuA9dfZdt6MzeQicByWQWVcmB1,complete,false,2023-04-12 14:16:44.271 +0800,2023-04-12 14:19:58.589 +0800,"",previews/f4cf4ad5-b654-48d3-8ea0-85ec65eb17fa/1725623734/index.html,ipfs://QmemE8HcJdCGeuMENiT3qGRNJLSZ5neD4i9HVPoA4uChrw,https://imagedelivery.net/5BJzhBHeVhlhbn58hvcXAQ/4de69c6f-c8c6-4fd7-9fca-c82931cdd600,ipfs://QmVs5qiwtvXBuCr4aUEysfxs3ndQTdmqSjKGdopT5zHoua,2025-12-26 16:59:25.000 +0800
"36 Points #06",1,e774a33585f397cc94a72cd6b21321c68631a9a72cc1d6c53e38b43d20b92778,"86901163340150327158931737285279027599235005837676884064067046790749010992666",QmQN37cKXiN1fpXvvPnu6Fd3WaBLhVEBqxUeAijZQmm7zJ,complete,false,2022-11-23 00:27:03.967 +0800,2022-11-23 00:29:19.509 +0800,"",previews/e5437c4c-e32c-40e4-9b0a-074db2d11a6a/1725623770/index.html,ipfs://QmP3P77QmqWf2GyunAQPqJRw3bgQJAaif1Fa6KQRdYwKp9,https://imagedelivery.net/5BJzhBHeVhlhbn58hvcXAQ/7ae2d852-3dea-4bc6-36c3-d5e78a251900,ipfs://QmUTNPN9og4ZuhzcA7rxpdfMLU5om1isQ581us1AEW8ytk,2025-12-26 16:59:25.000 +0800
"36 Points #07",1,ff9a0731683458973997eca3d0a54233844d68785bf49cb204384962f52715da,"30169743894372405399814053470325713857822493152084656191451240314612461820657",Qmcwc6Lj35GJ3gkPZqDdqrcrCeySykmx3sV4Lc7PuFuBHb,complete,false,2022-12-28 11:06:41.453 +0800,2022-12-28 11:08:19.002 +0800,"",previews/c32b4f0b-d3dc-43b8-bce2-011b82e57c97/1725623799/index.html,ipfs://QmWFTJUsZo2MJQkowiciTM2h3WRxeCD9b7dzrd1CAW9eEC,https://imagedelivery.net/5BJzhBHeVhlhbn58hvcXAQ/49713ea2-f74e-4629-ccfa-1232389d1400,ipfs://QmaaRnvLqzSFB3YDnqdMGGgZ5B4XTciC7Y1hxHiRoobWsF,2025-12-26 16:59:25.000 +0800
"36 Points #08",1,"3dd8dbba079f649f834869c66ce00670f5940c124a5d05756dd1202f244b9042","113889147401935052428898332763019184710835162451406557728929988943288507065367",QmSHKRf1knE8E8HPrFMHc71Bn6py2y6qpStwxf7nkd24Fc,complete,true,2023-05-31 12:12:17.288 +0800,2023-05-31 12:16:46.122 +0800,"",previews/2dbd7ac7-afe2-43fd-a83c-2156406c158e/1725623822/index.html,ipfs://QmZJPP7KG6jUHgDQ4TpigrQRU6hsbsmzCes97kvvwCAX84,https://imagedelivery.net/5BJzhBHeVhlhbn58hvcXAQ/7a62adea-1029-4e23-8f4e-0c90ea7a7b00,ipfs://QmYtuAj7KJoGW1cXFWEzscaaaeeFrPrVzEBCCQBXu4koyR,2025-12-26 16:59:25.000 +0800
"36 Points #09",1,"74ec34bc4b8900633fb8e65784622cd6116c38a654eb4d8c24f4c13adc410d06","113631258753652137686654951879316359262553048824792126652063215429159754885130",QmepY6pRQNgda4VampZY5Ge2AdSvczAVqUL6Q6k7sZTitu,complete,true,2023-04-07 23:45:31.750 +0800,2023-04-07 23:46:42.990 +0800,"",previews/ff673a40-0bfb-4ac9-b6a3-2d9cc8385463/1725623849/index.html,ipfs://QmVZdzre1YEmrEyzS9GaCrc2yRs5QxQkno6fFqJsc7JH94,https://imagedelivery.net/5BJzhBHeVhlhbn58hvcXAQ/8e098876-301d-4ab3-1339-02083eafbb00,ipfs://QmeZMR28Zmz9q54oCgJRUrMoKrjb1KTQGF7T3s1F7w7SbW,2025-12-26 16:59:25.000 +0800
"36 Points #10",1,cfaff79aa630da7d97fcc114735035726144b027e49bacd97b9684b697fb5fad,"13891659075551035516373525909732448135021462143183580713795785540908171327833",QmavEQihbVfb6ijgem3AKkpmrFyfunSvwe4Meyde24umza,complete,false,2022-12-28 11:04:44.905 +0800,2022-12-28 11:07:01.978 +0800,"",previews/2da1ec21-e476-40df-bc45-fb07573bdfe5/1725623878/index.html,ipfs://QmVTLx9L8dYd1Fjs6AefpVobnjWwYiBim3mdGSAfRMWmP2,https://imagedelivery.net/5BJzhBHeVhlhbn58hvcXAQ/22f72cbe-8082-4c42-24a6-e556541d6000,ipfs://QmcpHB3hmncT4AnNv4F8DMMkNnS3d2ZENHdC6PiLY5dpLv,2025-12-26 16:59:25.000 +0800
"36 Points #11",1,"499f98e0a00a807e7afa3ca7edfa9cb463b1d91608fbbabba8824307b663e1a2","76437880945266110880979439294051220069386127150721581770839031461418041342059",QmUyyxFDdX3JQmrLQxG2sn8uapVVCfhtF9JQxwSYYjV53Q,complete,true,2025-11-09 19:03:29.116 +0800,2025-11-18 18:59:21.095 +0800,"0x15051889935ef3d2847d415a089ec714885da3691260940521301c2eff95ba0f",previews/81c8f5d2-9f23-4584-8ee5-f7c975dc7951/1725624011/index.html,ipfs://Qmb6eCG9WyABbuxtD8uMVfzT2Dvapov2UCjrV8JeHHrPKz,https://imagedelivery.net/5BJzhBHeVhlhbn58hvcXAQ/d8589862-6520-4d5e-d391-9c761ced3700,ipfs://QmR5RuSytu7BX2Uo2Qvv6cAceiXGe2LkEoesj7rN5Pqgb9,2025-12-26 16:59:24.000 +0800
"36 Points #12",1,e57182c3d65e6a802cb39a29e842ba19f882ff346db63b93ad79e709d25709be,"35358845553855715712537579587341818726651427648428517957934097602435224403756",QmYpPWnaKwJ4xh17prHAgaqFrgWveMPqowhLsmWyscLaBR,complete,false,2022-04-02 03:50:35.891 +0800,2022-04-02 03:51:56.057 +0800,"",previews/94c4b51e-3c29-4568-9545-0556b290e14b/1725624039/index.html,ipfs://QmeasLSgQaDMEctFiQKN7f9AhgkADZbmWUexWjCWL49iFT,https://imagedelivery.net/5BJzhBHeVhlhbn58hvcXAQ/0c986814-480e-4566-0cf9-906354b55b00,ipfs://QmTy7AMrZZKbmftEHTm7VQJtE389RETzDYecLSuLN7Q3TG,2025-12-26 16:59:24.000 +0800
"36 Points #13",1,d0cd448dd7caaa9da3a4d77628a31c35cca9e3b0eafa7c15c9920c557732806a,"31820145363565995475565808681699772533099790137067530759761217146655371653098",QmcFtYrRWdYbR9eLeu4qghRi7DYcfnFv9c3ZtpRwQ4ZxLB,complete,true,2023-05-13 17:09:12.950 +0800,2023-05-13 17:11:24.472 +0800,"",previews/cddc55e9-15b1-453e-9f5f-359171be96b5/1725624066/index.html,ipfs://QmVgRSW4RhUUr4u2x5Ao67Pw4MrmY6bvdMpEZXyc5r4TLm,https://imagedelivery.net/5BJzhBHeVhlhbn58hvcXAQ/63a91b1b-3fd0-46d0-45cc-e821a1122e00,ipfs://QmZaxtzSxK69vqQA52kfkftbN1cq4bpzC9Kptw3G76U7sw,2025-12-26 16:59:24.000 +0800
"36 Points #14",1,a14ea2859024a57827b69712d651d3812212279d929cfcde1c988295ef104e6d,"43593768040483625743468770500373785749685714786564201072059172213178285065644",QmTt8jm9VrEPuGmHF4t1LpqrRVKecLBRnMwxRo6gFUsZET,complete,true,2024-10-05 16:54:20.996 +0800,2024-10-06 14:33:13.227 +0800,"0x33b711da2b903bc15e87a54dae9a71761720eaae1e0a49aa4e8dd09f54a298f9",previews/e496c840-27ce-4988-80a3-e99cd123d107/1725624091/index.html,ipfs://QmTAz2gwTQEBHuUDPwe5HSX25yQczSqcEQDL1nhf3AVimY,https://imagedelivery.net/5BJzhBHeVhlhbn58hvcXAQ/de74fdb8-5b50-4795-edd7-3b5b85179c00,ipfs://Qmf6V6nd9voCroUkz1Z7HGo6J75REVyEpDLwe4TTZSj22Q,2025-06-04 14:18:22.733 +0800
"36 Points #15",1,"571bb1b0307305d3961e3d637c77e4b599158b080e61caee7dda5fb1f73c4fa9","41285037895643333678506599229217594042462856872765577229989444816834393086780",QmVBHmEYpM7nc6TZwnNeWdt8QYdCXrRqpivN5qw4gUafPu,complete,false,2022-11-28 12:37:12.078 +0800,2022-11-28 12:38:39.032 +0800,"",previews/7ad28960-94f5-465f-b586-9d7834da476b/1725624110/index.html,ipfs://QmVXfU2RMwUknHJVCVQii5Vre88zSDXC1MW4nBAJGYMudP,https://imagedelivery.net/5BJzhBHeVhlhbn58hvcXAQ/c9c92198-a5b1-4375-2ff5-bf14ca0c9900,ipfs://QmcdVv24bYpNXr4ZN9sfU8EvKQUgHZQPirjCnMANuseUt5,2025-12-26 16:59:24.000 +0800
"36 Points #16",1,"904568c9af613241f6d3c2e7e1f9dfe4fdf007c9201d8a2a08b43783cb267fe3","70623030731192735701913246036947858498549840800164888789576994045359929460904",QmZ38xmMnNvTtdwjCY5YgptSSjLhTnCHwTT92eVeNKSxHq,complete,true,2023-01-17 00:23:46.075 +0800,2023-01-17 00:34:01.944 +0800,"",previews/193dc737-9fe3-4f98-8714-c484cb4ce3e8/1725624129/index.html,ipfs://QmRqgQevsfmnUwq4XD5uRSLM2U9HYgKERvXaa1fc4TNH4L,https://imagedelivery.net/5BJzhBHeVhlhbn58hvcXAQ/a785adeb-b7f3-438b-3c73-3c105cec1d00,ipfs://QmTLSoxXCkqZqHchHPpNg7Q4K2Zb8j2vcYrQjyAgPEKdaQ,2025-12-26 16:59:23.000 +0800
"36 Points #17",1,"0d1feee8977ac82cfee6fd95d00475197a9adff58d62f27a5e975acc38294a24","44180945678244353946381414021145969454570501493128688942625345804159876631924",QmU8LUF74pMz3tCAbF4DSwkRPGPX22xS13HYm1puHYABy9,complete,false,2022-11-23 00:26:28.382 +0800,2022-11-23 00:29:17.243 +0800,"",previews/0f7a9421-44df-4d9c-a0d0-f850e4fdd43f/1725624153/index.html,ipfs://QmTEpP7wTBANsYRgrzSeaA6Jqu6eDZxpF7Lh9QwzoUwfuy,https://imagedelivery.net/5BJzhBHeVhlhbn58hvcXAQ/18d4c4bc-9ce4-4cf2-02df-094302edc100,ipfs://QmXpbFR4J5JzngNkHpVQGBKTV5ZjrqzzehfQKeqA6UE6QD,2025-12-26 16:59:23.000 +0800
"36 Points #18",1,ce0a56a5a1cc476630af63f999186257a08612f95299f4d067f19e2736cd6f80,"61302490045802210421291602096864529165791544979575746562596776854588594450501",QmXWPjDoVd6P589RJs4ViQaBQRWfLpqPYpKWkPeeJY1U1w,complete,false,2023-01-05 11:52:10.646 +0800,2023-01-05 11:53:09.682 +0800,"",previews/05c97416-7379-4d26-a61d-61277b939d3f/1725624172/index.html,ipfs://QmVAoqr2VS35DsNk2qqks84zTr9BggPmfX1hDp7haHFNgD,https://imagedelivery.net/5BJzhBHeVhlhbn58hvcXAQ/920b8a2a-2ef3-4229-616b-d6fa31cc3d00,ipfs://QmcfabSqzfXEmYcaLhnHDTVJd2pyPXNk5txLuiYg7Tr4io,2025-12-26 16:59:24.000 +0800
"36 Points #19",1,fcff62acb63c03bc7231f61e8fd935c649c0a32a78d38f92c29e3f938c5a5f74,"37985513803993673830106652487622242224680120184398274991579420177029905026714",QmTXoEa5rJYUxDMDs4YVeX9a33DX6qCWte1P5RW8KRB299,complete,true,2023-06-01 16:50:10.455 +0800,2023-06-01 16:52:40.837 +0800,"",previews/102f320e-2315-49a5-b0d9-bb96da1bf820/1725624195/index.html,ipfs://QmT6fa9vVjwkfd5ncCaNq29ona4TTwPprcNvxeEvo4fp7R,https://imagedelivery.net/5BJzhBHeVhlhbn58hvcXAQ/fb92c560-f5cd-4711-190a-ded1bf48a000,ipfs://QmakUXfux3e5KrPC6ThX9ZTZZ25T1BLzKNTpHRQwA5ajsT,2025-12-26 16:59:24.000 +0800
"36 Points #20",1,aa106fac3823ae5f310c932d113781e4564c4ba89909ba380e35b4d332e40cef,"39045419855253112754790413081823885245560445127707009030483255494386572836524",QmYFT3rAh51mussHmomsxoFtWMEQg3psRU4q55AdAqDhGm,complete,true,2025-11-09 16:39:09.325 +0800,2025-11-18 17:40:45.963 +0800,"0x9c0ea3cea8171cb164b01cd1f4fe8d97f7f7a831c5d0586ba51bc4be6e7d8657",previews/e15a896b-84f6-442d-be9e-3faeb088bfb0/1725624214/index.html,ipfs://Qmeg64MmpGdNn1CEhcATuua49vKqtjcuTFMkyFZfvgz6cF,https://imagedelivery.net/5BJzhBHeVhlhbn58hvcXAQ/24aa0b92-629f-4c42-c8ee-e71efefcef00,ipfs://QmUGQkTY49PBuZUDA1LKvoekbhT98FW8qx1MW9VciR2Dqi,2025-12-26 16:59:23.000 +0800
"36 Points #21",1,"53498a6403ac23785b1d3490a0cd4e29bfdd76835e11d78322e16bf4bcd99dd4","52630059605360980240030978008624659997772624655712940351231983069206296894732",QmbyXoJ3AdgetVq2NQbS1TCjYU6TBAEBuAfBAf3ed6PmGn,complete,true,2023-04-07 16:39:14.095 +0800,2023-04-07 17:14:03.167 +0800,"",previews/669bc223-2deb-48f3-b5ba-e44d086bee6c/1725624238/index.html,ipfs://QmTjtAFXf2ztXfkDKg5UCQVULVdvnVS21wxSdi2ZaNuNPm,https://imagedelivery.net/5BJzhBHeVhlhbn58hvcXAQ/46f525a2-9db6-4b1a-d92d-12ad944a4f00,ipfs://QmVaYv7napM9WZm2Lb9DvvtKDFgJ83HopsFLVfUyQzBFNu,2025-12-26 16:59:23.000 +0800
"36 Points #22",1,"074351ceea07e98898c4f6d73937b3e048d76950fd2896931caff756ccfaa016","35521017362997486661227184386262019050944532469219603439542027056911404432989",QmS3A6vTxEqFfHYwhEtfjsGoYk7dZKbvppYL5p7pLv3mJd,complete,true,2024-10-26 02:47:08.863 +0800,2024-10-27 16:22:29.254 +0800,"0xbfc7e8c90b1dd27ee039308ddf3b5bce86dc2fa038362039f53e24ddeec1fec4",previews/7e2aceea-c9f0-4afc-a4c6-8d37dda61d02/1725624255/index.html,ipfs://QmNUSLzHMbdZgahujMmrjvMSwVdvnwzRiaiwFSaonej2JT,https://imagedelivery.net/5BJzhBHeVhlhbn58hvcXAQ/cf4d05cd-9bff-44fb-7f2d-e05fdc810f00,ipfs://QmahGQ4LZtM8X9mYGnhoBMh7KZ9jUMzd3KgUT3J2KmsTCg,2025-06-04 11:10:09.369 +0800
"36 Points #23",1,a874fd2d2bcfa6acdf45d0fd4a1500ffc5aa276fbebb8280a25da15f0f825430,"112478779609398727296318639698804868409905475068419684504964656296439584494965",QmcW2tNToWABvLXuiSGS3Q5bn9hrnrf5LJGEPjQtU7Wep8,complete,true,2023-05-21 13:18:56.683 +0800,2023-05-21 13:19:58.891 +0800,"",previews/361076b7-b4f5-4b47-b800-8c1f31100271/1725624277/index.html,ipfs://QmY5o9VJSaepi8AgiKRYGoTxaQtop2DAgKFtQu7NVQjC9y,https://imagedelivery.net/5BJzhBHeVhlhbn58hvcXAQ/d0ab6f44-43d0-4906-74be-4bc5ca963f00,ipfs://QmbUyA7hgBTdFaWoRzkzqCHxd4osZPGtHiYKDa77ETZbE8,2025-12-26 16:59:23.000 +0800
"36 Points #24",1,"75f9e2448215a8cae8c462171efad3bef288cebfdac723a85bebff179046560c","23756738345104985956279491196512625532472776404128855896704203620849904452811",QmRaJnpKmvhyt7Zyn6uSceC4WK5SByNBeHNPgj8FJ7Gmfv,complete,false,2022-12-15 14:59:24.741 +0800,2022-12-15 15:01:56.405 +0800,"",previews/f004b2e2-91bf-4517-8815-faea12a3f062/1725624305/index.html,ipfs://QmUTZex82CRVAfSvFmHH4bkRSKwkNEDnCvAkPYbp1vTr8H,https://imagedelivery.net/5BJzhBHeVhlhbn58hvcXAQ/c9bf6294-19d2-47aa-eaf3-742104c79000,ipfs://QmWA5zKSaLRWLRdWKYp1gLqYXmdVLMSaxF2JiVECaKA8vH,2025-12-26 16:59:24.000 +0800
"36 Points #25",1,"6637d663a42aa69535a7ba0f432210f5922c57c4db6bdaec2c9c179ac679d7ce","109756489743418279948022296820257745757229480070489034960221550030892017364116",QmSQDXFtNFikTFp5ESc9Tnyt58fq6ejJ6X9vSBzhR1Zpao,complete,true,2023-09-28 16:16:51.346 +0800,2023-09-28 16:19:10.046 +0800,"",previews/7e92539c-65ce-426b-a243-9b043d0defda/1725624330/index.html,ipfs://QmPbxizJTyN7kcTeWbbJZUMv779APp17xX3y3M2i3NVM9M,https://imagedelivery.net/5BJzhBHeVhlhbn58hvcXAQ/30d7cdbd-441b-4300-8a2d-8f6565015c00,ipfs://QmNQzHv5ceu4soezQ5Cx94vMNLAPaNq3PnGo9nWf3DKzN7,2025-12-26 16:59:24.000 +0800
"36 Points #27",1,"0ada439a53863804f7ff444aaa1da45219263dbc6f1edf958c5da3d780d184f5","70858792479752911964825160209008387148079647624299819935110713114423033073520",QmarTQC6in1Y2dVFN9r1qD5PoiiKRFj8t5qzREXPPyP2TA,complete,false,2022-04-02 03:50:06.550 +0800,2022-04-02 03:52:30.080 +0800,"",previews/500ccc6e-d7ad-443f-a9df-0bf709b3b3c9/1725624373/index.html,ipfs://QmaMbtaZS5CrZdot6BTMZeRu8B3pp3U3fhQCgqc851ySgW,https://imagedelivery.net/5BJzhBHeVhlhbn58hvcXAQ/b86f80df-609e-4151-7ed4-a41d53563100,ipfs://QmV5RY3RDWzSkwJF1TDrHXuYsq1watJdat8V7XXk5kEdRY,2025-12-26 16:59:23.000 +0800
"36 Points #28",1,e178fe713b8cd1dd57da4c57f25ac1bc0e1aece9e4777487761f0953ccee87a4,"44167847711296331984236115781927606196597164406955248788598074402669003290633",QmZkg9Lis1m8K5XVh2cwrXA16nc7vixjqkAFvevU9R2cNN,complete,false,2022-12-28 11:02:10.556 +0800,2022-12-28 11:04:38.697 +0800,"",previews/cb0fc2d2-1e7b-4a39-b518-2be692a52ffc/1725624391/index.html,ipfs://QmPEdwCY1yUt2gtrAfVKoTuuNNMfmj6s24r4vMjo99GzqT,https://imagedelivery.net/5BJzhBHeVhlhbn58hvcXAQ/7209c844-3fa7-4ab7-55b1-140af6d7fd00,ipfs://QmNxNEQQnuhiwpUMPdN82JBrhqo8TyRt1hwEQZqngTLTKH,2025-12-26 16:59:23.000 +0800
"36 Points #29",1,"26d60a111e2280f1a56a6cc052d6134f44f75097c38755356e27cd0cc9ef5b0d","55050774917150653852740670218003209296271264867167241957669303404149967543634",QmPp7tE4sbynCr61AKdWjoNSuqQyFWYpDmPqygmmipgjqj,complete,false,2022-12-08 07:28:59.284 +0800,2022-12-08 07:30:47.912 +0800,"",previews/f128ae45-67bf-41f7-bef6-cdb30ec3c02b/1725624409/index.html,ipfs://QmcEPsprQUGJBXdDkm6QNnyqYyXyXJ5VBMPhPoff2yBAot,https://imagedelivery.net/5BJzhBHeVhlhbn58hvcXAQ/d096242e-6b1c-4ef4-2de8-bf9080802d00,ipfs://QmRoQfd5zZteNdQE5EpyTuKmFDKkKarrPbAzgcsVbbFsLH,2025-12-26 16:59:24.000 +0800
"36 Points #30",1,"9b730fa71fa85764cb34e53a77d83fb4d2c093a24c4a7157a6c00392b9cd2bc1","78185066854195316843381508527357809817094314029485180988986462325720436744133",QmPpsnVBMcZ5X7oiXvNfCauYyMi4ewW3T26eDK65oWwjBC,complete,true,2024-09-14 12:44:17.378 +0800,2024-09-14 14:19:43.966 +0800,"0xf1eac70cedecef19eb2935cddf99a3dd6488a00bbc3e8e7fd728fc4ed5610cbe",previews/b0cd5f03-3a5b-4be3-9c58-b05d2b388c5a/1725624437/index.html,ipfs://QmbVQP5VJWamENeo8UXTBCxxj34hR37UteJ8Eo8iy21afc,https://imagedelivery.net/5BJzhBHeVhlhbn58hvcXAQ/a25a4985-facb-4faf-caac-b65b906e2800,ipfs://QmURRd4zNfKyfEfHvKx8aoHnQXcAm49LWQDveXCqbzkwfL,2025-06-04 14:18:25.994 +0800
"36 Points #31",1,"9affefe98a5d4f0b1019ce5cb0b82a11825f9a0a8d26697a26436a39434f7ec1","94406231090857735319495407328393197044459388382770307541637151012742187764658",QmZTZrLqxWtzB9eit9g6t7RrDdbPSD7jcDVa2jz6hTSvsN,complete,true,2023-09-29 12:24:37.047 +0800,2023-09-29 12:28:28.098 +0800,"",previews/cf4a1884-2d79-4875-bba1-20206a8a489c/1725624456/index.html,ipfs://QmNnXJWxPfWTmycfdYxZ6huV1Ai7PBt9bHpauSFPQYqnBt,https://imagedelivery.net/5BJzhBHeVhlhbn58hvcXAQ/717eb932-b8c9-4ab6-3d88-4a9aebc8ab00,ipfs://QmNaDosDnYdwJp6aw8gXkdVD4nwxaWhg4FS7UtNyLpQBup,2025-12-26 16:59:23.000 +0800
"36 Points #32",1,f1cb2cd093834066b9617529db616359a2aa55446776d90b67ca76f49bce5055,"95160584055628064619537000106227551353849474859117617365427221214871443599613",QmUJsqY2Dk99ps37Xh1bRAgkd3AY5v7gni7DLndFpejkZg,complete,true,2023-05-28 06:44:10.217 +0800,2023-05-28 06:46:02.002 +0800,"",previews/dc560d90-2d89-45be-a639-ebc3ab496f43/1725624479/index.html,ipfs://QmUMsucPA4PieQhbuWjV8DAHpk4SGneYx9Ncw6jGJVpj6Z,https://imagedelivery.net/5BJzhBHeVhlhbn58hvcXAQ/9a16545c-61ec-4b5d-2442-6ab141d08b00,ipfs://QmWoBA32g7wRaUPGnk6BZB7WnR48UtNipxb9rVXrDfFoiw,2025-12-26 16:59:23.000 +0800
"36 Points #33",1,"0640da207e626a684f11c4b97c1c1e2f9c1edc5df0e1586789f35a6584e0c5cb","95543158056778133118455819643347502893421578935560723827960299458626561964336",QmeRG1xenNHB8QSSUnvSsC4nb2WQCG18Ki4GNKU4bEpuQs,complete,false,2022-09-29 08:38:04.560 +0800,2022-09-29 08:39:40.975 +0800,"",previews/f421b0af-2ebc-4fa3-a9c1-de2ae7662c3e/1725624504/index.html,ipfs://QmTqmZEootSLYeWWc9TsCYHeiQJzhSfHjP83EqnX7g4TFC,https://imagedelivery.net/5BJzhBHeVhlhbn58hvcXAQ/1b40e9eb-07b3-478a-7ffc-a1264cfca300,ipfs://QmUjKxLUEskwRkkEhWDpX4KZGmzySugDqwdS3V348E1yzE,2025-12-26 16:59:24.000 +0800
"36 Points #34",1,f5d6622c2bc5d2b72a3ab72597ed8bc918155e68b4aeb43f79a08712adbbe10d,"19896385305968253178382657295312611929067309497336284600677044000394779012156",QmQnU2zCSx3S1M4gFmDVF87cYBVSD8TuiM3JP4NTk67N7Y,complete,true,2023-05-13 17:09:12.988 +0800,2023-05-13 17:11:59.365 +0800,"",previews/35b11663-0ced-4c14-9113-b5d763da0040/1725624529/index.html,ipfs://QmUC47Ba251EZ8PpFT5ua8UmoqqHSpwNyods5TVsdi5SEW,https://imagedelivery.net/5BJzhBHeVhlhbn58hvcXAQ/7f22c62b-69ec-4f5d-6185-eb9e5fb23200,ipfs://QmXaRDVf9rB55kc5mi4TGXXvRiNWXgbUamseNhoN8z9pnS,2025-12-26 16:59:24.000 +0800
"36 Points #36",1,"0a6d97cea073475607e7eb74dcf0b726dd6cf82ce902a2d420167d67f1f572b3","36922608953048096570585449902492180025692679394775252073245860230463876469866",QmeZ7QyLAv9xrPJmymq4BoSEaACLpzN8v5H7zJCD945uzT,complete,false,2023-04-06 03:16:20.654 +0800,2023-04-06 11:47:03.186 +0800,"",previews/6835b45f-7f3f-4caf-8a74-d52b35a24df1/1725624582/index.html,ipfs://QmdNCZ4LorpRrbRBzbYtJHUhAv7LGNDnhPe1CBZVFpSnjD,https://imagedelivery.net/5BJzhBHeVhlhbn58hvcXAQ/2d462d4d-87b5-4347-443a-c8a31a0de100,ipfs://QmcWjbAsiFYH6gaJcCmsG176W7BKPKZApVQie7QAzpwtGs,2025-12-26 16:59:23.000 +0800
"36 Points Display Edition",1,fea73f6a22587febca959a83c51ffdf0278ec12fe979e1d7683169277d7f2904,"63151345934093658910279098575106826835637174158898273242533855235071619205362",QmTu2d2JkPakbTS9vfr82WeLpK5ZUNYRbikEp8BRrJwN4F,complete,true,2023-04-06 23:58:51.054 +0800,2023-04-07 00:01:48.624 +0800,"",previews/e9c74592-8483-4511-adb2-16ef4730ca1a/1644976484/?edition_number=1&blockchain=bitmark,ipfs://QmXNEbnh5UT2tzppLL9XqVL5XQyAaeiN4mQwJjx4dGV4Ko?edition_number=1&blockchain=bitmark,https://imagedelivery.net/5BJzhBHeVhlhbn58hvcXAQ/6a6058af-e06e-41b1-4cde-0120a8e6b000,ipfs://QmUvWb2gdDxLUUd6xtVkuuBhd5oTybBWDBjrxkxFBJA1qF,2025-12-26 16:59:24.000 +0800
Embryogenesis,0,e1f796fd4d46a3f65c314c615a30ce99382906f5774f777eeb719954af4d431f,"44167818044023130787199848224279273835352034260250746807952745844318335090281",QmbApYgKvC3QrTMeEatWUsQS9F9tMNiggQp477a3QYgTkm,complete,true,2023-05-21 14:36:33.402 +0800,2023-05-21 14:38:16.908 +0800,"",previews/7ba57167-a13e-4033-b07e-c7094f74410c/1644855236/preview.mp4,ipfs://QmajwaSyYLbzYxbD2Bs8cCHrMWiKXtbDoeXaZLgZDq8Wyd,https://imagedelivery.net/5BJzhBHeVhlhbn58hvcXAQ/d8e5b004-e56d-4439-0a12-345e9a6d6300,ipfs://Qmd7Skrv7NqLv4tSFq3sMW8teTywpG4b14WucwYVatT8iA,2025-12-26 16:59:25.000 +0800
Embryogenesis,1,"4abd395f6740fda9afcd866f17f0ae70512983e90651309623f6189d6e06c0d3","44167818044023130787199848224279273835352034260250746807952745844318335090282",QmXJhfZgmo67VAisrq9aoYh2vNFBsb1By75LNBTmoHTNd4,complete,true,2024-08-29 12:09:15.183 +0800,2024-08-29 12:12:05.269 +0800,"0x3c35ae8132719444a7e3b9e8ca4571dfb5bd1858dd76c6d9c3c565c57caac52b",previews/7ba57167-a13e-4033-b07e-c7094f74410c/1644855236/preview.mp4,ipfs://QmajwaSyYLbzYxbD2Bs8cCHrMWiKXtbDoeXaZLgZDq8Wyd,https://imagedelivery.net/5BJzhBHeVhlhbn58hvcXAQ/d8e5b004-e56d-4439-0a12-345e9a6d6300,ipfs://Qmd7Skrv7NqLv4tSFq3sMW8teTywpG4b14WucwYVatT8iA,2025-12-26 16:59:24.000 +0800
Embryogenesis,2,"2629e73376ff3d889624f667d9418f25a59508f2547085bd3b2e83e514f5d7f7","44167818044023130787199848224279273835352034260250746807952745844318335090283",QmVJmggB1Uq1zbqfxhqmpAkGugrPWEWmC75z5RzzZW6hrv,complete,false,2022-04-11 02:40:04.035 +0800,2022-04-11 02:42:24.408 +0800,"",previews/7ba57167-a13e-4033-b07e-c7094f74410c/1644855236/preview.mp4,ipfs://QmajwaSyYLbzYxbD2Bs8cCHrMWiKXtbDoeXaZLgZDq8Wyd,https://imagedelivery.net/5BJzhBHeVhlhbn58hvcXAQ/d8e5b004-e56d-4439-0a12-345e9a6d6300,ipfs://Qmd7Skrv7NqLv4tSFq3sMW8teTywpG4b14WucwYVatT8iA,2025-12-26 16:59:24.000 +0800
Embryogenesis,3,"36bfb24385f064469eee4af4763d76b69d5c08f9b2be965519bf381e601e6ff3","44167818044023130787199848224279273835352034260250746807952745844318335090284",QmbGrvztek8XBNsiarkxkAvbWtgHstFN5uQEfnp8xw9e1y,complete,true,2023-04-27 16:15:16.611 +0800,2023-04-27 18:30:49.746 +0800,"",previews/7ba57167-a13e-4033-b07e-c7094f74410c/1644855236/preview.mp4,ipfs://QmajwaSyYLbzYxbD2Bs8cCHrMWiKXtbDoeXaZLgZDq8Wyd,https://imagedelivery.net/5BJzhBHeVhlhbn58hvcXAQ/d8e5b004-e56d-4439-0a12-345e9a6d6300,ipfs://Qmd7Skrv7NqLv4tSFq3sMW8teTywpG4b14WucwYVatT8iA,2025-12-26 16:59:24.000 +0800
Embryogenesis,4,fa5fdfdfaae9ff985eaf666c006541668c3aba2a0e714dc1fa194b18aef4bbe9,"44167818044023130787199848224279273835352034260250746807952745844318335090285",QmSWkxM8WZDSFY9wazPRjbs72oLWvsYCaubTCo3eGHWFWZ,complete,true,2024-10-06 18:56:51.968 +0800,2024-10-06 18:56:56.050 +0800,"0x81b05cf9899007efe47da5a01c67bbb224d3f92809fad9bdb020eaed3ba6d1b5",previews/7ba57167-a13e-4033-b07e-c7094f74410c/1644855236/preview.mp4,ipfs://QmajwaSyYLbzYxbD2Bs8cCHrMWiKXtbDoeXaZLgZDq8Wyd,https://imagedelivery.net/5BJzhBHeVhlhbn58hvcXAQ/d8e5b004-e56d-4439-0a12-345e9a6d6300,ipfs://Qmd7Skrv7NqLv4tSFq3sMW8teTywpG4b14WucwYVatT8iA,2025-12-26 16:59:25.000 +0800
Embryogenesis,5,"9c25a6c0e3b6fcee7b211d4a74082554ff47ca8be008fedd6fed90a226d567e0","44167818044023130787199848224279273835352034260250746807952745844318335090286",Qmb1gwqDjtM4jLkRZWJU2KmSfo3Py2xjWaxCzEGqeJDLQJ,complete,true,2023-05-31 12:12:17.396 +0800,2023-05-31 12:17:09.603 +0800,"",previews/7ba57167-a13e-4033-b07e-c7094f74410c/1644855236/preview.mp4,ipfs://QmajwaSyYLbzYxbD2Bs8cCHrMWiKXtbDoeXaZLgZDq8Wyd,https://imagedelivery.net/5BJzhBHeVhlhbn58hvcXAQ/d8e5b004-e56d-4439-0a12-345e9a6d6300,ipfs://Qmd7Skrv7NqLv4tSFq3sMW8teTywpG4b14WucwYVatT8iA,2025-12-26 16:59:25.000 +0800
Embryogenesis,6,f3f7ac176c9278d7d2ba14b256dd55cc2fdf96f1d8a49af912cf3e27571422a4,"44167818044023130787199848224279273835352034260250746807952745844318335090287",QmTFWVUna7vuXmtojYBETqim87KF3Zw2RR5CH6cNgBoMS8,complete,true,2023-05-20 21:31:59.493 +0800,2023-05-20 21:33:13.368 +0800,"",previews/7ba57167-a13e-4033-b07e-c7094f74410c/1644855236/preview.mp4,ipfs://QmajwaSyYLbzYxbD2Bs8cCHrMWiKXtbDoeXaZLgZDq8Wyd,https://imagedelivery.net/5BJzhBHeVhlhbn58hvcXAQ/d8e5b004-e56d-4439-0a12-345e9a6d6300,ipfs://Qmd7Skrv7NqLv4tSFq3sMW8teTywpG4b14WucwYVatT8iA,2025-12-26 16:59:25.000 +0800
Embryogenesis,7,"60955f206982700033a7a2a84265e5421297aff9b069e9ef28a7944412eed4c6","44167818044023130787199848224279273835352034260250746807952745844318335090288",QmSR3SikjgakYtW5mCSi3YFeBWDSmgR5wKnBYWYqz3ifMc,complete,false,2023-03-20 01:25:47.189 +0800,2023-03-20 01:26:54.604 +0800,"",previews/7ba57167-a13e-4033-b07e-c7094f74410c/1644855236/preview.mp4,ipfs://QmajwaSyYLbzYxbD2Bs8cCHrMWiKXtbDoeXaZLgZDq8Wyd,https://imagedelivery.net/5BJzhBHeVhlhbn58hvcXAQ/d8e5b004-e56d-4439-0a12-345e9a6d6300,ipfs://Qmd7Skrv7NqLv4tSFq3sMW8teTywpG4b14WucwYVatT8iA,2025-12-26 16:59:24.000 +0800
Embryogenesis,10,b9b2f636c81c637407f918931aeaee5d058035dd192f8aa59ae740807eae15fc,"44167818044023130787199848224279273835352034260250746807952745844318335090291",QmY4oLuk4FXYdgh8dkgoBuX6QhKjs1Tvt2TSi3VPiScwd4,complete,true,2023-05-14 19:27:02.380 +0800,2023-05-14 19:28:56.163 +0800,"",previews/7ba57167-a13e-4033-b07e-c7094f74410c/1644855236/preview.mp4,ipfs://QmajwaSyYLbzYxbD2Bs8cCHrMWiKXtbDoeXaZLgZDq8Wyd,https://imagedelivery.net/5BJzhBHeVhlhbn58hvcXAQ/d8e5b004-e56d-4439-0a12-345e9a6d6300,ipfs://Qmd7Skrv7NqLv4tSFq3sMW8teTywpG4b14WucwYVatT8iA,2025-12-26 16:59:25.000 +0800
Embryogenesis,11,"8cd544f73969d84a08f4679916d577155f222db128353fb7194626820fddd47a","44167818044023130787199848224279273835352034260250746807952745844318335090292",QmTCti4Q1fzebWYWu67UUSrLPnzakedBNmRdsm9hQYNKe7,complete,true,2023-05-26 10:27:58.712 +0800,2023-05-26 10:29:27.912 +0800,"",previews/7ba57167-a13e-4033-b07e-c7094f74410c/1644855236/preview.mp4,ipfs://QmajwaSyYLbzYxbD2Bs8cCHrMWiKXtbDoeXaZLgZDq8Wyd,https://imagedelivery.net/5BJzhBHeVhlhbn58hvcXAQ/d8e5b004-e56d-4439-0a12-345e9a6d6300,ipfs://Qmd7Skrv7NqLv4tSFq3sMW8teTywpG4b14WucwYVatT8iA,2025-12-26 16:59:25.000 +0800
Embryogenesis,12,"8a2ac81ecdead90abdceb20b3f27f43b388322d65f3de96c9ce967777c6b4229","44167818044023130787199848224279273835352034260250746807952745844318335090293",QmebUMn9fiB3JKsRPi2pgdwyt1WiV68XUTr6yndPknLQC8,complete,false,2023-02-12 21:49:06.760 +0800,2023-02-12 21:51:41.267 +0800,"",previews/7ba57167-a13e-4033-b07e-c7094f74410c/1644855236/preview.mp4,ipfs://QmajwaSyYLbzYxbD2Bs8cCHrMWiKXtbDoeXaZLgZDq8Wyd,https://imagedelivery.net/5BJzhBHeVhlhbn58hvcXAQ/d8e5b004-e56d-4439-0a12-345e9a6d6300,ipfs://Qmd7Skrv7NqLv4tSFq3sMW8teTywpG4b14WucwYVatT8iA,2025-12-26 16:59:25.000 +0800
Embryogenesis,13,"26545253b810f52cb51c383f423b8b5983141019502e21c6a5ffa5efc419145f","44167818044023130787199848224279273835352034260250746807952745844318335090294",QmaKercvx69UhX7znhRU4YDoMd4XZBwrudgX3T9zCWALW5,complete,false,2022-09-29 11:02:21.221 +0800,2022-09-29 11:03:59.864 +0800,"",previews/7ba57167-a13e-4033-b07e-c7094f74410c/1644855236/preview.mp4,ipfs://QmajwaSyYLbzYxbD2Bs8cCHrMWiKXtbDoeXaZLgZDq8Wyd,https://imagedelivery.net/5BJzhBHeVhlhbn58hvcXAQ/d8e5b004-e56d-4439-0a12-345e9a6d6300,ipfs://Qmd7Skrv7NqLv4tSFq3sMW8teTywpG4b14WucwYVatT8iA,2025-12-26 16:59:24.000 +0800
Embryogenesis,14,"30b01f025eb750d8ce37375fa427d843a1e97d1c1787df9806ecfccd555d62bf","44167818044023130787199848224279273835352034260250746807952745844318335090295",QmSHMFWAGHWCNucS1X5NJTb49XHMHbTttCmUF1SGNjZrYL,complete,false,2022-09-29 14:59:01.957 +0800,2022-09-29 15:01:05.292 +0800,"",previews/7ba57167-a13e-4033-b07e-c7094f74410c/1644855236/preview.mp4,ipfs://QmajwaSyYLbzYxbD2Bs8cCHrMWiKXtbDoeXaZLgZDq8Wyd,https://imagedelivery.net/5BJzhBHeVhlhbn58hvcXAQ/d8e5b004-e56d-4439-0a12-345e9a6d6300,ipfs://Qmd7Skrv7NqLv4tSFq3sMW8teTywpG4b14WucwYVatT8iA,2025-12-26 16:59:24.000 +0800
Embryogenesis,15,"8efbbf6a15bb886c00f6d11bca8a262bc2e162bc53d91738f2ab94d1859b5955","44167818044023130787199848224279273835352034260250746807952745844318335090296",QmcLmhzYWZoLBa3xP8Hjc6eZKct36x8oc82wy9BQa4B63M,complete,true,2023-05-15 06:02:54.782 +0800,2023-05-15 06:06:43.222 +0800,"",previews/7ba57167-a13e-4033-b07e-c7094f74410c/1644855236/preview.mp4,ipfs://QmajwaSyYLbzYxbD2Bs8cCHrMWiKXtbDoeXaZLgZDq8Wyd,https://imagedelivery.net/5BJzhBHeVhlhbn58hvcXAQ/d8e5b004-e56d-4439-0a12-345e9a6d6300,ipfs://Qmd7Skrv7NqLv4tSFq3sMW8teTywpG4b14WucwYVatT8iA,2025-12-26 16:59:25.000 +0800
Embryogenesis,16,"2a5bec985190175ada94d2638b6c8123bd9db785da1629deb77db15eb0d3d450","44167818044023130787199848224279273835352034260250746807952745844318335090297",QmW5qcNpErHACLK4rjN5C3q45Bo9iTYuk1LqZ7c7sb52i3,complete,true,2023-05-31 07:19:36.671 +0800,2023-05-31 07:21:27.018 +0800,"",previews/7ba57167-a13e-4033-b07e-c7094f74410c/1644855236/preview.mp4,ipfs://QmajwaSyYLbzYxbD2Bs8cCHrMWiKXtbDoeXaZLgZDq8Wyd,https://imagedelivery.net/5BJzhBHeVhlhbn58hvcXAQ/d8e5b004-e56d-4439-0a12-345e9a6d6300,ipfs://Qmd7Skrv7NqLv4tSFq3sMW8teTywpG4b14WucwYVatT8iA,2025-12-26 16:59:24.000 +0800
Embryogenesis,17,b3e1c0b9c2f1d3154947deeb3366dd25d632e59859226188f2ede6a3931dc459,"44167818044023130787199848224279273835352034260250746807952745844318335090298",QmTRaKtURNP9CFR7dAGotkdadxXjNsP1nS9rbQPitenH8u,complete,true,2023-04-09 15:20:18.505 +0800,2023-04-09 15:21:27.711 +0800,"",previews/7ba57167-a13e-4033-b07e-c7094f74410c/1644855236/preview.mp4,ipfs://QmajwaSyYLbzYxbD2Bs8cCHrMWiKXtbDoeXaZLgZDq8Wyd,https://imagedelivery.net/5BJzhBHeVhlhbn58hvcXAQ/d8e5b004-e56d-4439-0a12-345e9a6d6300,ipfs://Qmd7Skrv7NqLv4tSFq3sMW8teTywpG4b14WucwYVatT8iA,2025-12-26 16:59:25.000 +0800
Embryogenesis,18,d2c1c5ca379cd83122979ea59c666f995e5793a89e5911d0377b5fb0548085d3,"44167818044023130787199848224279273835352034260250746807952745844318335090299",QmWCmeszqLi5ktSHwbwHERNGwqAQDLkm8VNMqeCPoL6L7f,complete,true,2023-03-21 11:36:37.195 +0800,2023-03-21 11:39:42.353 +0800,"",previews/7ba57167-a13e-4033-b07e-c7094f74410c/1644855236/preview.mp4,ipfs://QmajwaSyYLbzYxbD2Bs8cCHrMWiKXtbDoeXaZLgZDq8Wyd,https://imagedelivery.net/5BJzhBHeVhlhbn58hvcXAQ/d8e5b004-e56d-4439-0a12-345e9a6d6300,ipfs://Qmd7Skrv7NqLv4tSFq3sMW8teTywpG4b14WucwYVatT8iA,2025-12-26 16:59:25.000 +0800
Embryogenesis,20,cbafbfb8a7d5c9da348e0ff7f862e5cb7a3461cbf44cca359fcb8f6aacba8e47,"44167818044023130787199848224279273835352034260250746807952745844318335090301",Qmck54Q9RzPa5uaNkKrRvaDgx7wkr86EoQjDQg3EdXzmps,complete,true,2023-06-01 15:58:17.811 +0800,2023-06-01 15:59:46.482 +0800,"",previews/7ba57167-a13e-4033-b07e-c7094f74410c/1644855236/preview.mp4,ipfs://QmajwaSyYLbzYxbD2Bs8cCHrMWiKXtbDoeXaZLgZDq8Wyd,https://imagedelivery.net/5BJzhBHeVhlhbn58hvcXAQ/d8e5b004-e56d-4439-0a12-345e9a6d6300,ipfs://Qmd7Skrv7NqLv4tSFq3sMW8teTywpG4b14WucwYVatT8iA,2025-12-26 16:59:25.000 +0800
Embryogenesis,21,"27a319a4d39a1148beadd6a48efa0bd35a553f85daabdc4ccde1ea8aaba95b4e","44167818044023130787199848224279273835352034260250746807952745844318335090302",QmNScWknvFhzphuQRQFArAXnwhhr6hE3NVuDFRJTLjWwuJ,complete,true,2023-04-15 00:26:19.084 +0800,2023-04-15 03:17:23.726 +0800,"",previews/7ba57167-a13e-4033-b07e-c7094f74410c/1644855236/preview.mp4,ipfs://QmajwaSyYLbzYxbD2Bs8cCHrMWiKXtbDoeXaZLgZDq8Wyd,https://imagedelivery.net/5BJzhBHeVhlhbn58hvcXAQ/d8e5b004-e56d-4439-0a12-345e9a6d6300,ipfs://Qmd7Skrv7NqLv4tSFq3sMW8teTywpG4b14WucwYVatT8iA,2025-12-26 16:59:24.000 +0800
Embryogenesis,22,"3d7c1eaa609def5bcb812f4b9ee1dc8373ba7a6def57dbe8611ba2eaceb88e87","44167818044023130787199848224279273835352034260250746807952745844318335090303",QmeqDrgHCaUKHwSSZj3B1TPSfV4HoZa3xccbtobjYiDHTD,complete,false,2022-03-03 21:15:48.622 +0800,2022-03-03 21:17:39.053 +0800,"",previews/7ba57167-a13e-4033-b07e-c7094f74410c/1644855236/preview.mp4,ipfs://QmajwaSyYLbzYxbD2Bs8cCHrMWiKXtbDoeXaZLgZDq8Wyd,https://imagedelivery.net/5BJzhBHeVhlhbn58hvcXAQ/d8e5b004-e56d-4439-0a12-345e9a6d6300,ipfs://Qmd7Skrv7NqLv4tSFq3sMW8teTywpG4b14WucwYVatT8iA,2025-12-26 16:59:24.000 +0800
Embryogenesis,24,"01ad5e9d9208f0bc4c9ba4f2a60aced690b92b26631ed2d751e4f830ef571f3e","44167818044023130787199848224279273835352034260250746807952745844318335090305",QmSYvgvWuddQRdwpXPjebSG8HCxreken1nMwVhCj1AuSxT,complete,false,2023-04-06 03:17:02.979 +0800,2023-04-06 11:51:12.215 +0800,"",previews/7ba57167-a13e-4033-b07e-c7094f74410c/1644855236/preview.mp4,ipfs://QmajwaSyYLbzYxbD2Bs8cCHrMWiKXtbDoeXaZLgZDq8Wyd,https://imagedelivery.net/5BJzhBHeVhlhbn58hvcXAQ/d8e5b004-e56d-4439-0a12-345e9a6d6300,ipfs://Qmd7Skrv7NqLv4tSFq3sMW8teTywpG4b14WucwYVatT8iA,2025-12-26 16:59:24.000 +0800
Embryogenesis,25,a4aeab6eaa07d81f5b3575079e3176b691b4fc3fef64efaf4cbb30302740f92a,"44167818044023130787199848224279273835352034260250746807952745844318335090306",QmUXGSKVnWJ3yedgDe8DEebcmWnVnd63Vo5B5zYFgYd2m4,complete,false,2022-04-30 12:04:57.575 +0800,2022-05-02 08:27:09.416 +0800,"",previews/7ba57167-a13e-4033-b07e-c7094f74410c/1644855236/preview.mp4,ipfs://QmajwaSyYLbzYxbD2Bs8cCHrMWiKXtbDoeXaZLgZDq8Wyd,https://imagedelivery.net/5BJzhBHeVhlhbn58hvcXAQ/d8e5b004-e56d-4439-0a12-345e9a6d6300,ipfs://Qmd7Skrv7NqLv4tSFq3sMW8teTywpG4b14WucwYVatT8iA,2025-12-26 16:59:25.000 +0800
Embryogenesis,26,d716b22547a576e911466fce21d6fd4b6863fe6be909021d49ef51044d355b70,"44167818044023130787199848224279273835352034260250746807952745844318335090307",QmSWWQMpgDfb6NLcGDDKs86eujPjWhLtLG6Pb5qz4fXPLt,complete,true,2023-04-06 23:58:51.096 +0800,2023-04-07 00:02:23.369 +0800,"",previews/7ba57167-a13e-4033-b07e-c7094f74410c/1644855236/preview.mp4,ipfs://QmajwaSyYLbzYxbD2Bs8cCHrMWiKXtbDoeXaZLgZDq8Wyd,https://imagedelivery.net/5BJzhBHeVhlhbn58hvcXAQ/d8e5b004-e56d-4439-0a12-345e9a6d6300,ipfs://Qmd7Skrv7NqLv4tSFq3sMW8teTywpG4b14WucwYVatT8iA,2025-12-26 16:59:25.000 +0800
Embryogenesis,28,"21b24854c8a30cbb5f00ad684de9f5089878081736d395fd3a7c1e9e67d517ce","44167818044023130787199848224279273835352034260250746807952745844318335090309",Qmaz5N3289tHwUJxdQLWS1vLnKpyR1rnLJrEA9ZAYBce1h,complete,true,2023-01-17 00:23:49.570 +0800,2023-01-17 00:26:46.953 +0800,"",previews/7ba57167-a13e-4033-b07e-c7094f74410c/1644855236/preview.mp4,ipfs://QmajwaSyYLbzYxbD2Bs8cCHrMWiKXtbDoeXaZLgZDq8Wyd,https://imagedelivery.net/5BJzhBHeVhlhbn58hvcXAQ/d8e5b004-e56d-4439-0a12-345e9a6d6300,ipfs://Qmd7Skrv7NqLv4tSFq3sMW8teTywpG4b14WucwYVatT8iA,2025-12-26 16:59:24.000 +0800
Embryogenesis,29,"34b33c91f26e723b77709651576e9ed58dbf25eac3c8372d40f0e47d0cb034f9","44167818044023130787199848224279273835352034260250746807952745844318335090310",QmPMeFNRv42SF6BnixELHjaLaChUKmMzwXBM43zzHb3xdC,complete,true,2023-04-07 22:20:01.333 +0800,2023-04-07 22:22:27.674 +0800,"",previews/7ba57167-a13e-4033-b07e-c7094f74410c/1644855236/preview.mp4,ipfs://QmajwaSyYLbzYxbD2Bs8cCHrMWiKXtbDoeXaZLgZDq8Wyd,https://imagedelivery.net/5BJzhBHeVhlhbn58hvcXAQ/d8e5b004-e56d-4439-0a12-345e9a6d6300,ipfs://Qmd7Skrv7NqLv4tSFq3sMW8teTywpG4b14WucwYVatT8iA,2025-12-26 16:59:24.000 +0800
Embryogenesis,31,a36b65c33dc8b9c5f050c7d5590c00d57e7af2716d84f548ac232188d1142715,"44167818044023130787199848224279273835352034260250746807952745844318335090312",QmZvv7i17mF8EpFmK9gktbQx9GrCpHVAztJDrhPXBabXkp,complete,false,2022-12-13 14:01:45.008 +0800,2022-12-13 14:03:57.686 +0800,"",previews/7ba57167-a13e-4033-b07e-c7094f74410c/1644855236/preview.mp4,ipfs://QmajwaSyYLbzYxbD2Bs8cCHrMWiKXtbDoeXaZLgZDq8Wyd,https://imagedelivery.net/5BJzhBHeVhlhbn58hvcXAQ/d8e5b004-e56d-4439-0a12-345e9a6d6300,ipfs://Qmd7Skrv7NqLv4tSFq3sMW8teTywpG4b14WucwYVatT8iA,2025-12-26 16:59:25.000 +0800
Embryogenesis,32,edcbaaf4ddbd4564f6cf57b4e40c6f7c1cc260495cd48739ea8ea9c12dd1639b,"44167818044023130787199848224279273835352034260250746807952745844318335090313",Qmc8mwQvYtwWKLYEawue52dB3CfMArcobMihxBBKjfMez8,complete,true,2023-05-28 06:44:10.273 +0800,2023-05-28 06:45:15.086 +0800,"",previews/7ba57167-a13e-4033-b07e-c7094f74410c/1644855236/preview.mp4,ipfs://QmajwaSyYLbzYxbD2Bs8cCHrMWiKXtbDoeXaZLgZDq8Wyd,https://imagedelivery.net/5BJzhBHeVhlhbn58hvcXAQ/d8e5b004-e56d-4439-0a12-345e9a6d6300,ipfs://Qmd7Skrv7NqLv4tSFq3sMW8teTywpG4b14WucwYVatT8iA,2025-12-26 16:59:25.000 +0800
Embryogenesis,33,e0bb39c25c20becf65f8ed73d155495421d7db8a50b79e1af5d154a360d18325,"44167818044023130787199848224279273835352034260250746807952745844318335090314",QmUYSBWreJa8zDMW1vV5DDXyCSn6b7kwwu5MDFLCHBtMJm,complete,false,2022-08-25 19:01:35.436 +0800,2022-08-25 19:04:27.499 +0800,"",previews/7ba57167-a13e-4033-b07e-c7094f74410c/1644855236/preview.mp4,ipfs://QmajwaSyYLbzYxbD2Bs8cCHrMWiKXtbDoeXaZLgZDq8Wyd,https://imagedelivery.net/5BJzhBHeVhlhbn58hvcXAQ/d8e5b004-e56d-4439-0a12-345e9a6d6300,ipfs://Qmd7Skrv7NqLv4tSFq3sMW8teTywpG4b14WucwYVatT8iA,2025-12-26 16:59:25.000 +0800
Embryogenesis,34,"524e0a464d584676f207fe7a8787bb7e946bda2b1cc8bbe7eae409bc45f1d8a7","44167818044023130787199848224279273835352034260250746807952745844318335090315",QmcWjDjwfM5Y1uNNN8UJeEYrjyYrLT7PEfRQY2SVctvT2m,complete,true,2023-12-19 15:52:55.961 +0800,2023-12-19 15:55:07.367 +0800,"0x07023f27df965a8fc74ff0018f606ed4bc4b93da1c7d6703642e57189503263c",previews/7ba57167-a13e-4033-b07e-c7094f74410c/1644855236/preview.mp4,ipfs://QmajwaSyYLbzYxbD2Bs8cCHrMWiKXtbDoeXaZLgZDq8Wyd,https://imagedelivery.net/5BJzhBHeVhlhbn58hvcXAQ/d8e5b004-e56d-4439-0a12-345e9a6d6300,ipfs://Qmd7Skrv7NqLv4tSFq3sMW8teTywpG4b14WucwYVatT8iA,2025-12-26 16:59:24.000 +0800
Embryogenesis,36,"2c19c731bbf7f716008d8247cc9de3559411a86abc84cad1f2ce0be65e531319","44167818044023130787199848224279273835352034260250746807952745844318335090317",QmXEMX6SrZzPe2DqxjFu3H1YPZNQeF7bXYdAE1Dq2XJciZ,complete,true,2023-06-06 10:52:54.148 +0800,2023-06-06 11:06:09.185 +0800,"",previews/7ba57167-a13e-4033-b07e-c7094f74410c/1644855236/preview.mp4,ipfs://QmajwaSyYLbzYxbD2Bs8cCHrMWiKXtbDoeXaZLgZDq8Wyd,https://imagedelivery.net/5BJzhBHeVhlhbn58hvcXAQ/d8e5b004-e56d-4439-0a12-345e9a6d6300,ipfs://Qmd7Skrv7NqLv4tSFq3sMW8teTywpG4b14WucwYVatT8iA,2025-12-26 16:59:24.000 +0800
Embryogenesis,37,"36c02a0b9454fa9ab8e5bb7e746131a49ef6804bbab3857ee78f7d727d1f116f","44167818044023130787199848224279273835352034260250746807952745844318335090318",QmayX77io6eMAcAskTVJMYnUbDK8aoiEk9f69iuwpvWtrM,complete,false,2022-11-14 14:06:16.576 +0800,2022-11-14 14:08:18.435 +0800,"",previews/7ba57167-a13e-4033-b07e-c7094f74410c/1644855236/preview.mp4,ipfs://QmajwaSyYLbzYxbD2Bs8cCHrMWiKXtbDoeXaZLgZDq8Wyd,https://imagedelivery.net/5BJzhBHeVhlhbn58hvcXAQ/d8e5b004-e56d-4439-0a12-345e9a6d6300,ipfs://Qmd7Skrv7NqLv4tSFq3sMW8teTywpG4b14WucwYVatT8iA,2025-12-26 16:59:24.000 +0800
Embryogenesis,38,"718cda97a8b1ad52c50d7d5cdabf3f9ead57882872b0b092ff7171c19ba9b168","44167818044023130787199848224279273835352034260250746807952745844318335090319",QmS4vSkjhGqbhsFUrGRRhs8G1F2zMV8FgHZSWpyt5CTLnN,complete,true,2023-03-21 10:33:26.751 +0800,2023-03-21 10:43:10.103 +0800,"",previews/7ba57167-a13e-4033-b07e-c7094f74410c/1644855236/preview.mp4,ipfs://QmajwaSyYLbzYxbD2Bs8cCHrMWiKXtbDoeXaZLgZDq8Wyd,https://imagedelivery.net/5BJzhBHeVhlhbn58hvcXAQ/d8e5b004-e56d-4439-0a12-345e9a6d6300,ipfs://Qmd7Skrv7NqLv4tSFq3sMW8teTywpG4b14WucwYVatT8iA,2025-12-26 16:59:24.000 +0800
Embryogenesis,40,"66f1ef941c7ca469cb654e2c331d767bab3a2a5116920c78ba1b8398c087ff09","44167818044023130787199848224279273835352034260250746807952745844318335090321",QmPToTiMSuUD3A9rRiFgoD98KSApTbDPcjS1SMeAjHQBJa,complete,true,2024-09-14 12:44:17.269 +0800,2024-09-14 14:19:44.215 +0800,"0x84aa38b9b05fb23fd58a6bac492de3a0c2759dd349b65d8b3b53a6332a4ed24d",previews/7ba57167-a13e-4033-b07e-c7094f74410c/1644855236/preview.mp4,ipfs://QmajwaSyYLbzYxbD2Bs8cCHrMWiKXtbDoeXaZLgZDq8Wyd,https://imagedelivery.net/5BJzhBHeVhlhbn58hvcXAQ/d8e5b004-e56d-4439-0a12-345e9a6d6300,ipfs://Qmd7Skrv7NqLv4tSFq3sMW8teTywpG4b14WucwYVatT8iA,2025-06-04 11:09:27.291 +0800
Embryogenesis,41,"0b5f81492cbda920704226ecf93fc9d15a93d4e196a229747f7c4292ab21c777","44167818044023130787199848224279273835352034260250746807952745844318335090322",QmSdsRFQnqDQuBJcibvaxyG6VCjwhdWHg8256XAVDpsaEQ,complete,true,2024-02-21 14:49:27.061 +0800,2024-02-21 14:51:41.508 +0800,"0xab75b06e821d8bb8cfaf1fb671a86fa979cbbfaf7e847670722f1b15dee92c5c",previews/7ba57167-a13e-4033-b07e-c7094f74410c/1644855236/preview.mp4,ipfs://QmajwaSyYLbzYxbD2Bs8cCHrMWiKXtbDoeXaZLgZDq8Wyd,https://imagedelivery.net/5BJzhBHeVhlhbn58hvcXAQ/d8e5b004-e56d-4439-0a12-345e9a6d6300,ipfs://Qmd7Skrv7NqLv4tSFq3sMW8teTywpG4b14WucwYVatT8iA,2025-12-26 16:59:24.000 +0800
Embryogenesis,42,"324d9ec4fc656dd30e17e565c195e3b60bdfdd594412a119c99dcb3919f92ad0","44167818044023130787199848224279273835352034260250746807952745844318335090323",QmYQjQS6Y3DRVhE945qCy5eV7ZHozB8gh47qNZF2DPy9i6,complete,false,2022-11-23 00:31:39.047 +0800,2022-11-23 00:33:04.105 +0800,"",previews/7ba57167-a13e-4033-b07e-c7094f74410c/1644855236/preview.mp4,ipfs://QmajwaSyYLbzYxbD2Bs8cCHrMWiKXtbDoeXaZLgZDq8Wyd,https://imagedelivery.net/5BJzhBHeVhlhbn58hvcXAQ/d8e5b004-e56d-4439-0a12-345e9a6d6300,ipfs://Qmd7Skrv7NqLv4tSFq3sMW8teTywpG4b14WucwYVatT8iA,2025-12-26 16:59:24.000 +0800
Embryogenesis,43,"1eb850ac003c8db915323356bf61f8530f837045cd705d36cd1cbfcd1e3f1745","44167818044023130787199848224279273835352034260250746807952745844318335090324",QmRZKnze1rQBuKqabo7FSAphTjrysSUqdvKD3fEwDyuS9m,complete,true,2023-05-19 15:29:59.938 +0800,2023-05-19 15:31:31.869 +0800,"",previews/7ba57167-a13e-4033-b07e-c7094f74410c/1644855236/preview.mp4,ipfs://QmajwaSyYLbzYxbD2Bs8cCHrMWiKXtbDoeXaZLgZDq8Wyd,https://imagedelivery.net/5BJzhBHeVhlhbn58hvcXAQ/d8e5b004-e56d-4439-0a12-345e9a6d6300,ipfs://Qmd7Skrv7NqLv4tSFq3sMW8teTywpG4b14WucwYVatT8iA,2025-12-26 16:59:24.000 +0800
Embryogenesis,44,"2ece9aacc92c547386debad0578249a45ec70c84121854c296a16540c1db6eec","44167818044023130787199848224279273835352034260250746807952745844318335090325",QmUsZKN7UiRW5innVqu78FC2YSnMatYtg1R7BnPYe1p8Xq,complete,false,2022-11-16 00:31:19.642 +0800,2022-11-16 00:33:39.848 +0800,"",previews/7ba57167-a13e-4033-b07e-c7094f74410c/1644855236/preview.mp4,ipfs://QmajwaSyYLbzYxbD2Bs8cCHrMWiKXtbDoeXaZLgZDq8Wyd,https://imagedelivery.net/5BJzhBHeVhlhbn58hvcXAQ/d8e5b004-e56d-4439-0a12-345e9a6d6300,ipfs://Qmd7Skrv7NqLv4tSFq3sMW8teTywpG4b14WucwYVatT8iA,2025-12-26 16:59:24.000 +0800
Embryogenesis,46,"0e119b7bd9d4cfdcc6b4d3ca81af8395078a7be14a12da3010897047148caf34","44167818044023130787199848224279273835352034260250746807952745844318335090327",QmUApTmnc5ZER5rr694NchrHxfEDJkVSS7jvoSAa3qH39q,complete,true,2023-04-08 00:58:36.355 +0800,2023-04-08 01:03:47.589 +0800,"",previews/7ba57167-a13e-4033-b07e-c7094f74410c/1644855236/preview.mp4,ipfs://QmajwaSyYLbzYxbD2Bs8cCHrMWiKXtbDoeXaZLgZDq8Wyd,https://imagedelivery.net/5BJzhBHeVhlhbn58hvcXAQ/d8e5b004-e56d-4439-0a12-345e9a6d6300,ipfs://Qmd7Skrv7NqLv4tSFq3sMW8teTywpG4b14WucwYVatT8iA,2025-12-26 16:59:24.000 +0800
Embryogenesis,47,"471f4921c6a3e6b719dc081667fe12f48a4266757bf5b854295ba5f7b70e5936","44167818044023130787199848224279273835352034260250746807952745844318335090328",Qmdh3PyTNVKWUCB46712Xb4j8waT4F9aHDrhg9jPAtMNPs,complete,false,2022-10-05 17:27:02.795 +0800,2022-10-05 17:28:33.497 +0800,"",previews/7ba57167-a13e-4033-b07e-c7094f74410c/1644855236/preview.mp4,ipfs://QmajwaSyYLbzYxbD2Bs8cCHrMWiKXtbDoeXaZLgZDq8Wyd,https://imagedelivery.net/5BJzhBHeVhlhbn58hvcXAQ/d8e5b004-e56d-4439-0a12-345e9a6d6300,ipfs://Qmd7Skrv7NqLv4tSFq3sMW8teTywpG4b14WucwYVatT8iA,2025-12-26 16:59:24.000 +0800
Embryogenesis,48,"89f0a795959b02d6c485690bce15b685a172f70f02d06c9a44fc25d6f58d3b0e","44167818044023130787199848224279273835352034260250746807952745844318335090329",QmXofBHvr43MEqDhZPK9abKhmU8WZyg6Z7LvUhxu3T18Pg,complete,false,2022-12-21 06:08:16.775 +0800,2022-12-21 06:10:37.339 +0800,"",previews/7ba57167-a13e-4033-b07e-c7094f74410c/1644855236/preview.mp4,ipfs://QmajwaSyYLbzYxbD2Bs8cCHrMWiKXtbDoeXaZLgZDq8Wyd,https://imagedelivery.net/5BJzhBHeVhlhbn58hvcXAQ/d8e5b004-e56d-4439-0a12-345e9a6d6300,ipfs://Qmd7Skrv7NqLv4tSFq3sMW8teTywpG4b14WucwYVatT8iA,2025-12-26 16:59:25.000 +0800
Embryogenesis,51,b041406f62e09f5a996d00f70c70e3f190e1eb5e9a2ae8505b70e9b559af4a55,"44167818044023130787199848224279273835352034260250746807952745844318335090332",QmUobShAK6Qs5s6X8QYSvL8FfFfP27hgD4j3aspwNRNyGz,complete,true,2023-04-07 23:45:31.537 +0800,2023-04-07 23:46:36.699 +0800,"",previews/7ba57167-a13e-4033-b07e-c7094f74410c/1644855236/preview.mp4,ipfs://QmajwaSyYLbzYxbD2Bs8cCHrMWiKXtbDoeXaZLgZDq8Wyd,https://imagedelivery.net/5BJzhBHeVhlhbn58hvcXAQ/d8e5b004-e56d-4439-0a12-345e9a6d6300,ipfs://Qmd7Skrv7NqLv4tSFq3sMW8teTywpG4b14WucwYVatT8iA,2025-12-26 16:59:25.000 +0800
Embryogenesis,52,b8605181aa02851617210204ab55e49431bde34f4168d61faf703ef3f4037a54,"44167818044023130787199848224279273835352034260250746807952745844318335090333",QmSXspeC2qxdBegqgCWV8dbqM9FxVQ6b4yW2akVgPkcspL,complete,true,2023-06-01 16:50:13.473 +0800,2023-06-01 16:52:39.734 +0800,"",previews/7ba57167-a13e-4033-b07e-c7094f74410c/1644855236/preview.mp4,ipfs://QmajwaSyYLbzYxbD2Bs8cCHrMWiKXtbDoeXaZLgZDq8Wyd,https://imagedelivery.net/5BJzhBHeVhlhbn58hvcXAQ/d8e5b004-e56d-4439-0a12-345e9a6d6300,ipfs://Qmd7Skrv7NqLv4tSFq3sMW8teTywpG4b14WucwYVatT8iA,2025-12-26 16:59:25.000 +0800
Embryogenesis,53,e485d40463451991a6a4eea2f975ea7814b1b3f8c9dfe6211e6eb39054c2d6cd,"44167818044023130787199848224279273835352034260250746807952745844318335090334",QmX9t44GYzgzPKxb44JTuF3capj2njHMHGBTQNPkhaRDMg,complete,true,2023-04-11 05:21:32.244 +0800,2023-04-11 05:23:26.742 +0800,"",previews/7ba57167-a13e-4033-b07e-c7094f74410c/1644855236/preview.mp4,ipfs://QmajwaSyYLbzYxbD2Bs8cCHrMWiKXtbDoeXaZLgZDq8Wyd,https://imagedelivery.net/5BJzhBHeVhlhbn58hvcXAQ/d8e5b004-e56d-4439-0a12-345e9a6d6300,ipfs://Qmd7Skrv7NqLv4tSFq3sMW8teTywpG4b14WucwYVatT8iA,2025-12-26 16:59:25.000 +0800
Embryogenesis,55,e507182d318f48d90462c2b34262fccb88dad51e9f7cafdc8b02605d568a4562,"44167818044023130787199848224279273835352034260250746807952745844318335090336",QmS2vwZa2b1ajV8CcAxcCs96tkpAvYm5AzCyvE8oEjzDYN,complete,true,2024-10-04 19:40:13.654 +0800,2024-10-05 14:30:00.800 +0800,"0xc1f05660748ae101021c767e263e5ed19cf954c54e59a1124a8cc36acb25bd13",previews/7ba57167-a13e-4033-b07e-c7094f74410c/1644855236/preview.mp4,ipfs://QmajwaSyYLbzYxbD2Bs8cCHrMWiKXtbDoeXaZLgZDq8Wyd,https://imagedelivery.net/5BJzhBHeVhlhbn58hvcXAQ/d8e5b004-e56d-4439-0a12-345e9a6d6300,ipfs://Qmd7Skrv7NqLv4tSFq3sMW8teTywpG4b14WucwYVatT8iA,2025-06-04 11:09:27.291 +0800
Embryogenesis,56,d32cf7872610fc41c2a7c14be035b02d3e11c4070679adde62a42cf77614dc5a,"44167818044023130787199848224279273835352034260250746807952745844318335090337",QmYiRstC6c2ioCSUFhqeecQZaHCjVYGN7iRnPxjEZxLaTV,complete,false,2023-04-12 14:19:22.968 +0800,2023-04-12 14:21:03.539 +0800,"",previews/7ba57167-a13e-4033-b07e-c7094f74410c/1644855236/preview.mp4,ipfs://QmajwaSyYLbzYxbD2Bs8cCHrMWiKXtbDoeXaZLgZDq8Wyd,https://imagedelivery.net/5BJzhBHeVhlhbn58hvcXAQ/d8e5b004-e56d-4439-0a12-345e9a6d6300,ipfs://Qmd7Skrv7NqLv4tSFq3sMW8teTywpG4b14WucwYVatT8iA,2025-12-26 16:59:25.000 +0800
Embryogenesis,57,ffbd6df25e3aa38393b120a86c4eda1aa4bd87b5603a27dfca6db5d9e1fcbea9,"44167818044023130787199848224279273835352034260250746807952745844318335090338",Qmdzw5f6ubpVyFJLK6m9XeUKZccVprtX1W9kqXvRu55W98,complete,false,2022-04-02 03:50:54.283 +0800,2022-04-02 03:52:24.084 +0800,"",previews/7ba57167-a13e-4033-b07e-c7094f74410c/1644855236/preview.mp4,ipfs://QmajwaSyYLbzYxbD2Bs8cCHrMWiKXtbDoeXaZLgZDq8Wyd,https://imagedelivery.net/5BJzhBHeVhlhbn58hvcXAQ/d8e5b004-e56d-4439-0a12-345e9a6d6300,ipfs://Qmd7Skrv7NqLv4tSFq3sMW8teTywpG4b14WucwYVatT8iA,2025-12-26 16:59:25.000 +0800
Embryogenesis,59,c434d7e76486db6888cbc3a61bd99aead4b38b4725c401d70cb53179e0b6cc1f,"44167818044023130787199848224279273835352034260250746807952745844318335090340",QmfB1r6Zc3Cy912jfPiduc2LyBm8nhnsgEemeqLi5LDLmE,complete,false,2022-12-10 13:12:29.911 +0800,2022-12-10 13:18:43.457 +0800,"",previews/7ba57167-a13e-4033-b07e-c7094f74410c/1644855236/preview.mp4,ipfs://QmajwaSyYLbzYxbD2Bs8cCHrMWiKXtbDoeXaZLgZDq8Wyd,https://imagedelivery.net/5BJzhBHeVhlhbn58hvcXAQ/d8e5b004-e56d-4439-0a12-345e9a6d6300,ipfs://Qmd7Skrv7NqLv4tSFq3sMW8teTywpG4b14WucwYVatT8iA,2025-12-26 16:59:25.000 +0800
Embryogenesis,60,"4dc9a4211ae43de0170c69cd6034afe505fcc8f0043ba942e69cd97c8b08ae98","44167818044023130787199848224279273835352034260250746807952745844318335090341",QmdWn1xUUqxscDi6DQpnsmtBYgD227eJVpDDEk7o6WETiv,complete,true,2023-04-07 16:38:53.287 +0800,2023-04-07 16:58:35.492 +0800,"",previews/7ba57167-a13e-4033-b07e-c7094f74410c/1644855236/preview.mp4,ipfs://QmajwaSyYLbzYxbD2Bs8cCHrMWiKXtbDoeXaZLgZDq8Wyd,https://imagedelivery.net/5BJzhBHeVhlhbn58hvcXAQ/d8e5b004-e56d-4439-0a12-345e9a6d6300,ipfs://Qmd7Skrv7NqLv4tSFq3sMW8teTywpG4b14WucwYVatT8iA,2025-12-26 16:59:24.000 +0800
Embryogenesis,62,"2c676b77c6db8442a6fce16d387ee7e03b7e1f1143aeef6cd17c4f05f8d79ee2","44167818044023130787199848224279273835352034260250746807952745844318335090343",QmX3ecn7QWSfMik35NhxULi2hZ5FEPsy45cbWQkQR2uhd4,complete,false,2022-09-18 01:19:12.946 +0800,2022-09-18 01:21:27.209 +0800,"",previews/7ba57167-a13e-4033-b07e-c7094f74410c/1644855236/preview.mp4,ipfs://QmajwaSyYLbzYxbD2Bs8cCHrMWiKXtbDoeXaZLgZDq8Wyd,https://imagedelivery.net/5BJzhBHeVhlhbn58hvcXAQ/d8e5b004-e56d-4439-0a12-345e9a6d6300,ipfs://Qmd7Skrv7NqLv4tSFq3sMW8teTywpG4b14WucwYVatT8iA,2025-12-26 16:59:24.000 +0800
Embryogenesis,63,d97df0f97e5ef9fbd2f1721f24cd68b6a0945585f23a286997961dd0218fe6c1,"44167818044023130787199848224279273835352034260250746807952745844318335090344",QmXgp5zp1fG52fntEv98QwUjbu6dU5tCejwZ7HpnMzbmBb,complete,true,2023-04-15 23:39:31.680 +0800,2023-04-16 00:04:55.890 +0800,"",previews/7ba57167-a13e-4033-b07e-c7094f74410c/1644855236/preview.mp4,ipfs://QmajwaSyYLbzYxbD2Bs8cCHrMWiKXtbDoeXaZLgZDq8Wyd,https://imagedelivery.net/5BJzhBHeVhlhbn58hvcXAQ/d8e5b004-e56d-4439-0a12-345e9a6d6300,ipfs://Qmd7Skrv7NqLv4tSFq3sMW8teTywpG4b14WucwYVatT8iA,2025-12-26 16:59:25.000 +0800
Embryogenesis,66,d36e69edd7d618e4464e8fd6b3b74fc9e3743b7a9783c540ed0181d2124d036d,"44167818044023130787199848224279273835352034260250746807952745844318335090347",QmYdTWxE3eSDdzxEw7vt4vfGm3uneCkRyDvjcTYPVJVPfT,complete,false,2022-08-13 22:05:13.342 +0800,2022-08-13 22:06:55.207 +0800,"",previews/7ba57167-a13e-4033-b07e-c7094f74410c/1644855236/preview.mp4,ipfs://QmajwaSyYLbzYxbD2Bs8cCHrMWiKXtbDoeXaZLgZDq8Wyd,https://imagedelivery.net/5BJzhBHeVhlhbn58hvcXAQ/d8e5b004-e56d-4439-0a12-345e9a6d6300,ipfs://Qmd7Skrv7NqLv4tSFq3sMW8teTywpG4b14WucwYVatT8iA,2025-12-26 16:59:25.000 +0800
Embryogenesis,67,ed6edde8e2f1482189a68c912baaf85c7b714b1d221ff76eca1c3291ca7afec6,"44167818044023130787199848224279273835352034260250746807952745844318335090348",QmbW3NPHzz8CWXszngo85Hwf4bsTpDftE6n7X4QH29M4ij,complete,true,2023-04-14 13:43:33.812 +0800,2023-04-14 13:46:15.517 +0800,"",previews/7ba57167-a13e-4033-b07e-c7094f74410c/1644855236/preview.mp4,ipfs://QmajwaSyYLbzYxbD2Bs8cCHrMWiKXtbDoeXaZLgZDq8Wyd,https://imagedelivery.net/5BJzhBHeVhlhbn58hvcXAQ/d8e5b004-e56d-4439-0a12-345e9a6d6300,ipfs://Qmd7Skrv7NqLv4tSFq3sMW8teTywpG4b14WucwYVatT8iA,2025-12-26 16:59:25.000 +0800
Embryogenesis,69,b39b5165c4fd33b1239aeac9f3eea41af6059a370eaa932a5d20f42b1622704c,"44167818044023130787199848224279273835352034260250746807952745844318335090350",QmSwX3S9Dbr8vBGMpGWQ79HP2p8sFCq9Mr5EMNX2krSrrL,complete,false,2022-08-24 12:53:50.346 +0800,2022-08-24 12:56:08.452 +0800,"",previews/7ba57167-a13e-4033-b07e-c7094f74410c/1644855236/preview.mp4,ipfs://QmajwaSyYLbzYxbD2Bs8cCHrMWiKXtbDoeXaZLgZDq8Wyd,https://imagedelivery.net/5BJzhBHeVhlhbn58hvcXAQ/d8e5b004-e56d-4439-0a12-345e9a6d6300,ipfs://Qmd7Skrv7NqLv4tSFq3sMW8teTywpG4b14WucwYVatT8iA,2025-12-26 16:59:25.000 +0800
Embryogenesis,72,"99312849fd0dd8659ed75dd0a1f11d8c9ad78d3b389ff0e143b02a5eb7da3d73","44167818044023130787199848224279273835352034260250746807952745844318335090353",QmRCJGv4ciGHYiKG3gme3UDuV1qGWfN4ECNn3VYkDtQ9BG,complete,false,2023-05-31 09:24:04.859 +0800,2023-05-31 09:27:58.309 +0800,"",previews/7ba57167-a13e-4033-b07e-c7094f74410c/1644855236/preview.mp4,ipfs://QmajwaSyYLbzYxbD2Bs8cCHrMWiKXtbDoeXaZLgZDq8Wyd,https://imagedelivery.net/5BJzhBHeVhlhbn58hvcXAQ/d8e5b004-e56d-4439-0a12-345e9a6d6300,ipfs://Qmd7Skrv7NqLv4tSFq3sMW8teTywpG4b14WucwYVatT8iA,2025-06-04 11:09:27.291 +0800
Embryogenesis,73,"00f99c5bd6e6cabb6c3701e2d5c5aabbcbe44551bd7116c9d4fb322dabd4f06a","44167818044023130787199848224279273835352034260250746807952745844318335090354",QmZvjaPGrKvD4gNWvKQkZQVEV44WaEe5fzEo7QipC839dB,complete,true,2023-09-28 16:16:50.533 +0800,2023-09-28 16:19:59.311 +0800,"",previews/7ba57167-a13e-4033-b07e-c7094f74410c/1644855236/preview.mp4,ipfs://QmajwaSyYLbzYxbD2Bs8cCHrMWiKXtbDoeXaZLgZDq8Wyd,https://imagedelivery.net/5BJzhBHeVhlhbn58hvcXAQ/d8e5b004-e56d-4439-0a12-345e9a6d6300,ipfs://Qmd7Skrv7NqLv4tSFq3sMW8teTywpG4b14WucwYVatT8iA,2025-12-26 16:59:24.000 +0800
Embryogenesis,74,f72de3cd120529d9650a3f1436e03d9765d6415ce6687f4b72b2751a3646c4a3,"44167818044023130787199848224279273835352034260250746807952745844318335090355",Qmdtos4HkRm9V82vf3Gv7MeUqGA2RogpJVsDUijqR2Xi15,complete,true,2023-09-29 12:24:37.478 +0800,2023-09-29 12:27:22.187 +0800,"",previews/7ba57167-a13e-4033-b07e-c7094f74410c/1644855236/preview.mp4,ipfs://QmajwaSyYLbzYxbD2Bs8cCHrMWiKXtbDoeXaZLgZDq8Wyd,https://imagedelivery.net/5BJzhBHeVhlhbn58hvcXAQ/d8e5b004-e56d-4439-0a12-345e9a6d6300,ipfs://Qmd7Skrv7NqLv4tSFq3sMW8teTywpG4b14WucwYVatT8iA,2025-12-26 16:59:25.000 +0800
Embryogenesis,76,f0a77aab3c82b43f7d1f1cd8c2477d813c2b50cb6a9ae3de83d509bc7309095c,"44167818044023130787199848224279273835352034260250746807952745844318335090357",QmYpf8oDvucvL2SfT3fXfWJgBHnQdegoJ21YZz1yVrYPPp,complete,false,2022-12-28 11:07:37.913 +0800,2022-12-28 11:10:06.090 +0800,"",previews/7ba57167-a13e-4033-b07e-c7094f74410c/1644855236/preview.mp4,ipfs://QmajwaSyYLbzYxbD2Bs8cCHrMWiKXtbDoeXaZLgZDq8Wyd,https://imagedelivery.net/5BJzhBHeVhlhbn58hvcXAQ/d8e5b004-e56d-4439-0a12-345e9a6d6300,ipfs://Qmd7Skrv7NqLv4tSFq3sMW8teTywpG4b14WucwYVatT8iA,2025-12-26 16:59:25.000 +0800
Embryogenesis,79,f9bdd12e0aac279ac192961d6c4ed5c3d07b5d1d282ece8b810a31dcdef2ae90,"44167818044023130787199848224279273835352034260250746807952745844318335090360",QmU6525dCTS66RpLjsfVZvuKtkRKY8rz21dC8CVhRmaKjt,complete,true,2023-04-07 01:13:59.268 +0800,2023-04-07 01:15:23.161 +0800,"",previews/7ba57167-a13e-4033-b07e-c7094f74410c/1644855236/preview.mp4,ipfs://QmajwaSyYLbzYxbD2Bs8cCHrMWiKXtbDoeXaZLgZDq8Wyd,https://imagedelivery.net/5BJzhBHeVhlhbn58hvcXAQ/d8e5b004-e56d-4439-0a12-345e9a6d6300,ipfs://Qmd7Skrv7NqLv4tSFq3sMW8teTywpG4b14WucwYVatT8iA,2025-12-26 16:59:25.000 +0800
Embryogenesis,81,b5d1338c38a9ac4fe2cb6a0abf7f4bf6e4d8e262b593b488fde1703f9b522cee,"44167818044023130787199848224279273835352034260250746807952745844318335090362",Qma38H9Ga1jWB75YLMKafvw5JcckTnRBX3RNTEzALmVL9s,complete,false,2023-04-07 13:39:58.412 +0800,2023-04-07 13:44:37.099 +0800,"",previews/7ba57167-a13e-4033-b07e-c7094f74410c/1644855236/preview.mp4,ipfs://QmajwaSyYLbzYxbD2Bs8cCHrMWiKXtbDoeXaZLgZDq8Wyd,https://imagedelivery.net/5BJzhBHeVhlhbn58hvcXAQ/d8e5b004-e56d-4439-0a12-345e9a6d6300,ipfs://Qmd7Skrv7NqLv4tSFq3sMW8teTywpG4b14WucwYVatT8iA,2025-12-26 16:59:25.000 +0800
Embryogenesis,82,fe33dd89db16e4526e0cbca20c4f19efdc3beb685d268362f72b29156a14f34e,"44167818044023130787199848224279273835352034260250746807952745844318335090363",QmZKEYDjPnRKdUqXe5mtWLQYbZgCgUvyupUecxGSGhaVmu,complete,true,2025-11-09 23:43:38.113 +0800,2025-11-18 19:00:00.150 +0800,"0x1b507264c6432ddf3d57a0a96be6dfa2c9de49fb4031f64d6717a995491bad5b",previews/7ba57167-a13e-4033-b07e-c7094f74410c/1644855236/preview.mp4,ipfs://QmajwaSyYLbzYxbD2Bs8cCHrMWiKXtbDoeXaZLgZDq8Wyd,https://imagedelivery.net/5BJzhBHeVhlhbn58hvcXAQ/d8e5b004-e56d-4439-0a12-345e9a6d6300,ipfs://Qmd7Skrv7NqLv4tSFq3sMW8teTywpG4b14WucwYVatT8iA,2025-12-26 16:59:25.000 +0800
Embryogenesis,84,"11155abd26b20b5ddf1f3de374ac9f2399df9e31610fc644c2c4a7c096726a88","44167818044023130787199848224279273835352034260250746807952745844318335090365",QmaPtCrdU7PCG8BWNaynEAYHVFt6J3CkKBNCLSMd2cvkdf,complete,false,2023-05-14 14:45:21.646 +0800,2023-05-14 14:48:24.426 +0800,"",previews/7ba57167-a13e-4033-b07e-c7094f74410c/1644855236/preview.mp4,ipfs://QmajwaSyYLbzYxbD2Bs8cCHrMWiKXtbDoeXaZLgZDq8Wyd,https://imagedelivery.net/5BJzhBHeVhlhbn58hvcXAQ/d8e5b004-e56d-4439-0a12-345e9a6d6300,ipfs://Qmd7Skrv7NqLv4tSFq3sMW8teTywpG4b14WucwYVatT8iA,2025-12-26 16:59:24.000 +0800
Embryogenesis,85,"2d372d9f1f9aa2f20c81809d7ef9c9ad136bf634a72c56c81518fe765e0f6d96","44167818044023130787199848224279273835352034260250746807952745844318335090366",QmVZNpiMiXKCiDkE91CJhUaAe46Gf9tGGqbH1P9FMwmjyv,complete,false,2022-05-03 12:33:48.574 +0800,2022-05-03 12:34:59.024 +0800,"",previews/7ba57167-a13e-4033-b07e-c7094f74410c/1644855236/preview.mp4,ipfs://QmajwaSyYLbzYxbD2Bs8cCHrMWiKXtbDoeXaZLgZDq8Wyd,https://imagedelivery.net/5BJzhBHeVhlhbn58hvcXAQ/d8e5b004-e56d-4439-0a12-345e9a6d6300,ipfs://Qmd7Skrv7NqLv4tSFq3sMW8teTywpG4b14WucwYVatT8iA,2025-12-26 16:59:24.000 +0800
Embryogenesis,86,"66f8e2d8a1288b3425777352d1502bef11339d2c761ce3ac5e20f91bcfb644a7","44167818044023130787199848224279273835352034260250746807952745844318335090367",QmNn5taN5tU8dMCQk7eqDHfarXj3utnq1xpdAAQwc62B4h,complete,false,2022-09-28 21:21:53.877 +0800,2022-09-28 21:23:50.057 +0800,"",previews/7ba57167-a13e-4033-b07e-c7094f74410c/1644855236/preview.mp4,ipfs://QmajwaSyYLbzYxbD2Bs8cCHrMWiKXtbDoeXaZLgZDq8Wyd,https://imagedelivery.net/5BJzhBHeVhlhbn58hvcXAQ/d8e5b004-e56d-4439-0a12-345e9a6d6300,ipfs://Qmd7Skrv7NqLv4tSFq3sMW8teTywpG4b14WucwYVatT8iA,2025-12-26 16:59:24.000 +0800
Embryogenesis,88,"19b0bad9198912b8bfb5fa8937d305cdb9620ccc78761552451478b6e57d45a1","44167818044023130787199848224279273835352034260250746807952745844318335090369",Qmf6BCasE5xt1PyPXjqH3Z6vGX76Qe2eVzcZ64Z6KLuwCj,complete,false,2022-09-28 21:48:40.524 +0800,2022-09-28 21:49:53.763 +0800,"",previews/7ba57167-a13e-4033-b07e-c7094f74410c/1644855236/preview.mp4,ipfs://QmajwaSyYLbzYxbD2Bs8cCHrMWiKXtbDoeXaZLgZDq8Wyd,https://imagedelivery.net/5BJzhBHeVhlhbn58hvcXAQ/d8e5b004-e56d-4439-0a12-345e9a6d6300,ipfs://Qmd7Skrv7NqLv4tSFq3sMW8teTywpG4b14WucwYVatT8iA,2025-12-26 16:59:24.000 +0800
Embryogenesis,89,"43bc028d20fa33edbaf1aeab0b468b615d040df11bfac47865ea93b4cf89ebb7","44167818044023130787199848224279273835352034260250746807952745844318335090370",QmTtHbAz71nUNJc17ACGonxqZrQdeZLJ2krmWDW2YVR62t,complete,false,2022-03-05 09:28:42.957 +0800,2022-03-05 09:31:26.785 +0800,"",previews/7ba57167-a13e-4033-b07e-c7094f74410c/1644855236/preview.mp4,ipfs://QmajwaSyYLbzYxbD2Bs8cCHrMWiKXtbDoeXaZLgZDq8Wyd,https://imagedelivery.net/5BJzhBHeVhlhbn58hvcXAQ/d8e5b004-e56d-4439-0a12-345e9a6d6300,ipfs://Qmd7Skrv7NqLv4tSFq3sMW8teTywpG4b14WucwYVatT8iA,2025-12-26 16:59:24.000 +0800
Embryogenesis,92,"0c16a67e8dffbd8b2eb8912a471ebab8a89861933c3008ccff2cb03b38bcaaa7","44167818044023130787199848224279273835352034260250746807952745844318335090373",QmZDMTE92BfdnWQjyg7r6zQmkvBUdnnjiRtgw5MnDPuk5F,complete,false,2023-04-07 00:27:27.524 +0800,2023-04-07 00:32:59.339 +0800,"",previews/7ba57167-a13e-4033-b07e-c7094f74410c/1644855236/preview.mp4,ipfs://QmajwaSyYLbzYxbD2Bs8cCHrMWiKXtbDoeXaZLgZDq8Wyd,https://imagedelivery.net/5BJzhBHeVhlhbn58hvcXAQ/d8e5b004-e56d-4439-0a12-345e9a6d6300,ipfs://Qmd7Skrv7NqLv4tSFq3sMW8teTywpG4b14WucwYVatT8iA,2025-12-26 16:59:24.000 +0800
Embryogenesis,94,"87fd1d97eb4a2b992b7bebb413b26f228373e801e92c19fbe5158a769f914e52","44167818044023130787199848224279273835352034260250746807952745844318335090375",Qmf64GLHssyjRtqJNwXrTcXRn4HKS13UQH1omWKMrrikUD,complete,false,2022-12-22 09:11:34.251 +0800,2022-12-22 09:13:54.085 +0800,"",previews/7ba57167-a13e-4033-b07e-c7094f74410c/1644855236/preview.mp4,ipfs://QmajwaSyYLbzYxbD2Bs8cCHrMWiKXtbDoeXaZLgZDq8Wyd,https://imagedelivery.net/5BJzhBHeVhlhbn58hvcXAQ/d8e5b004-e56d-4439-0a12-345e9a6d6300,ipfs://Qmd7Skrv7NqLv4tSFq3sMW8teTywpG4b14WucwYVatT8iA,2025-12-26 16:59:25.000 +0800
Embryogenesis,95,"436d01f37c2cb9a20d882538ccecaa59f8be74806ce5848516ae36a2e3f9868c","44167818044023130787199848224279273835352034260250746807952745844318335090376",QmeC1Wb3KpxFn5b3fnExjaGHoGUXa8kRKjjNRt25FQ6fJF,complete,true,2023-04-08 00:08:39.210 +0800,2023-04-08 00:11:49.017 +0800,"",previews/7ba57167-a13e-4033-b07e-c7094f74410c/1644855236/preview.mp4,ipfs://QmajwaSyYLbzYxbD2Bs8cCHrMWiKXtbDoeXaZLgZDq8Wyd,https://imagedelivery.net/5BJzhBHeVhlhbn58hvcXAQ/d8e5b004-e56d-4439-0a12-345e9a6d6300,ipfs://Qmd7Skrv7NqLv4tSFq3sMW8teTywpG4b14WucwYVatT8iA,2025-12-26 16:59:24.000 +0800
Embryogenesis,97,"85adaa728a6278fec29ccd40d60f743c28af876e81e353a15a0df31fab36a297","44167818044023130787199848224279273835352034260250746807952745844318335090378",QmbLQtZyx6eufDJoh5CTyNDSbRE4YsbwR9uWhokdXF1pTE,complete,true,2023-06-01 12:09:41.312 +0800,2023-06-01 12:11:33.462 +0800,"",previews/7ba57167-a13e-4033-b07e-c7094f74410c/1644855236/preview.mp4,ipfs://QmajwaSyYLbzYxbD2Bs8cCHrMWiKXtbDoeXaZLgZDq8Wyd,https://imagedelivery.net/5BJzhBHeVhlhbn58hvcXAQ/d8e5b004-e56d-4439-0a12-345e9a6d6300,ipfs://Qmd7Skrv7NqLv4tSFq3sMW8teTywpG4b14WucwYVatT8iA,2025-12-26 16:59:25.000 +0800
Embryogenesis,98,beeaec90d41fca27e995a0806a41c73d6840073b14cfbe45f72f173da741d080,"44167818044023130787199848224279273835352034260250746807952745844318335090379",QmZAYjcitGinMcMvatu5LWEyERDwkWfVCX766TN1F9hCUK,complete,true,2023-05-31 07:57:13.772 +0800,2023-05-31 07:58:33.742 +0800,"",previews/7ba57167-a13e-4033-b07e-c7094f74410c/1644855236/preview.mp4,ipfs://QmajwaSyYLbzYxbD2Bs8cCHrMWiKXtbDoeXaZLgZDq8Wyd,https://imagedelivery.net/5BJzhBHeVhlhbn58hvcXAQ/d8e5b004-e56d-4439-0a12-345e9a6d6300,ipfs://Qmd7Skrv7NqLv4tSFq3sMW8teTywpG4b14WucwYVatT8iA,2025-12-26 16:59:25.000 +0800
Embryogenesis,99,"9fc9a816649437f796fd7aaeb2de7a3c1925836d28ed88191a56569057964259","44167818044023130787199848224279273835352034260250746807952745844318335090380",QmUFqAByPfRCivzw6pNbwuhkzqtrqzawurkTWvqobmEsZJ,complete,false,2022-07-16 13:05:07.281 +0800,2022-07-16 13:06:41.266 +0800,"",previews/7ba57167-a13e-4033-b07e-c7094f74410c/1644855236/preview.mp4,ipfs://QmajwaSyYLbzYxbD2Bs8cCHrMWiKXtbDoeXaZLgZDq8Wyd,https://imagedelivery.net/5BJzhBHeVhlhbn58hvcXAQ/d8e5b004-e56d-4439-0a12-345e9a6d6300,ipfs://Qmd7Skrv7NqLv4tSFq3sMW8teTywpG4b14WucwYVatT8iA,2025-12-26 16:59:25.000 +0800
Embryogenesis,100,"75f686748283cc23e573f07e53fd2aa936f68060fad60dff998f3fabba94cbc4","44167818044023130787199848224279273835352034260250746807952745844318335090381",QmbuAEzsWgZeFPbe6sa5aNH5TTiRq3YjoS2NnSum1JSaBg,complete,true,2023-05-20 19:52:25.522 +0800,2023-05-20 19:53:45.266 +0800,"",previews/7ba57167-a13e-4033-b07e-c7094f74410c/1644855236/preview.mp4,ipfs://QmajwaSyYLbzYxbD2Bs8cCHrMWiKXtbDoeXaZLgZDq8Wyd,https://imagedelivery.net/5BJzhBHeVhlhbn58hvcXAQ/d8e5b004-e56d-4439-0a12-345e9a6d6300,ipfs://Qmd7Skrv7NqLv4tSFq3sMW8teTywpG4b14WucwYVatT8iA,2025-12-26 16:59:24.000 +0800
Tapestry,1,"46a8fe8d59a5234e7836b1b6ebe0544e56c154b8871559afad89a973ec65a6ce","101362471285429083780124202340658617171206831615691583616293320663748173329692",QmSz7Hg6iUZ69LtGeixXQxNLh36sFbpG6matkWtoXmecA4,complete,false,2023-04-12 14:18:56.230 +0800,2023-04-12 14:20:58.833 +0800,"",previews/a3d23452-f377-4d0e-9a67-ecce7a182927/1644823296/preview.jpg,ipfs://QmU21fo2UprSVEiwmqegwSiwGi3wZKUsG5isRHeCCuN3e7,https://imagedelivery.net/5BJzhBHeVhlhbn58hvcXAQ/32a9210c-b53c-4466-5b7c-73c4a5499600,ipfs://QmY5UnkpvwdxwUS9ttdzXSDKpuQr7uCZnA6fRuCgon3yfs,2025-12-26 16:59:24.000 +0800
