"title","edition","artwork_id","token_id","swap_cid","artwork_meta_cid","artwork_updated_at","swap_updated_at"
"36 Points #01",1,"44fd180930afd8626bfa248a120f0723383cfb28f23250a922f39ac1207494ff","6229100147646990607419186448973685356003330360291535307888976845307913171916",QmXzVncURE6ayxZTwQWnUbA4LF8pMpiaUbgwxWYc76nVD3,QmXF3wzxarA6NnW2XyvTqtMEuTD8CVpVPmWTMZANPdTSEN,2025-12-26 16:59:26.000 +0800,2023-04-07 00:01:28.434 +0800
"36 Points #02",1,"31de7942720d414c9faccca0ed5b8bd6ee06177f9331ee93db435149a7ae48bd","60555235769946072280257368134421579233129900805931125862653074656717210657350",QmdSfeZhbsXHmVQdW9ZWgE5ef8Ek2nuN15hRPaaLSokBBJ,QmUKoE3j7pbFpnoHMCAX9Mf5WtU1eTfWjwBC9oGEnDEJSz,2025-12-26 16:59:25.000 +0800,2023-04-15 00:28:29.325 +0800
"36 Points #03",1,a84553164de68015c476d80cc9405d1a2528b007a9e49119aab69cf08ec62e73,"11664021220004922721158142696805109385017351455970048986406817807233226597982",QmVFhaA9SjbrM3AAH4wMx3aptTUVMwTgcHt8Y5i35J7kk7,QmdZ5sCetTQ2tLckcB2MbDTyAF4LFLwqwg7FHuE7zMjjXN,2025-12-26 16:59:25.000 +0800,2023-04-15 04:08:48.571 +0800
"36 Points #04",1,"940574a4443494cf3aa4b985ae231e64c7da74d0bad86181a1b0a87d5ec6c648","54950933058261189443811690230205364815834649260599699471843244737216885808589",QmNSNBSRsZaSnXT2BCTd89ZZPFfySk7qbM4SV1zH7bBcSu,QmYF2DYj1hcEzCzM1P6euoQQEG4VqEqi6Wr7JLmkids1rG,2025-12-26 16:59:25.000 +0800,2023-05-31 12:17:07.544 +0800
"36 Points #05",1,f46754183cbbdf52e76a1d86621a4c6760b4f749d1fe68ea2e80ede324c34d6b,"18698764637565186712817975068720307980521463968285219645773655026414864292038",QmaJSzaYVcDKMkZpp7pxQuA9dfZdt6MzeQicByWQWVcmB1,QmfSPqTXr7qPsek9c93Q9anJ8meKy9LZyodsJtdWVFAVdZ,2025-12-26 16:59:25.000 +0800,2023-04-12 14:19:58.589 +0800
"36 Points #06",1,e774a33585f397cc94a72cd6b21321c68631a9a72cc1d6c53e38b43d20b92778,"86901163340150327158931737285279027599235005837676884064067046790749010992666",QmQN37cKXiN1fpXvvPnu6Fd3WaBLhVEBqxUeAijZQmm7zJ,QmbPvj97Z91Z19Fct9aTZWR3xSPAfkDgf4RAiQNA66jxYj,2025-12-26 16:59:25.000 +0800,2022-11-23 00:29:19.509 +0800
"36 Points #07",1,ff9a0731683458973997eca3d0a54233844d68785bf49cb204384962f52715da,"30169743894372405399814053470325713857822493152084656191451240314612461820657",Qmcwc6Lj35GJ3gkPZqDdqrcrCeySykmx3sV4Lc7PuFuBHb,QmURL2BCYdyjXhGwbAAPHMJiHSjsPk5iM5euNmaReAJWfe,2025-12-26 16:59:25.000 +0800,2022-12-28 11:08:19.002 +0800
"36 Points #08",1,"3dd8dbba079f649f834869c66ce00670f5940c124a5d05756dd1202f244b9042","113889147401935052428898332763019184710835162451406557728929988943288507065367",QmSHKRf1knE8E8HPrFMHc71Bn6py2y6qpStwxf7nkd24Fc,QmTrcaA28dwHBjR7wjfUq6oicjEovCsAK6ba2W9h45nCR7,2025-12-26 16:59:25.000 +0800,2023-05-31 12:16:46.122 +0800
"36 Points #09",1,"74ec34bc4b8900633fb8e65784622cd6116c38a654eb4d8c24f4c13adc410d06","113631258753652137686654951879316359262553048824792126652063215429159754885130",QmepY6pRQNgda4VampZY5Ge2AdSvczAVqUL6Q6k7sZTitu,Qmf9p5JnrhGEx9Qt2tuJGJ8992Y265rVKV8VbUkJ8cV7di,2025-12-26 16:59:25.000 +0800,2023-04-07 23:46:42.990 +0800
"36 Points #10",1,cfaff79aa630da7d97fcc114735035726144b027e49bacd97b9684b697fb5fad,"13891659075551035516373525909732448135021462143183580713795785540908171327833",QmavEQihbVfb6ijgem3AKkpmrFyfunSvwe4Meyde24umza,QmXvLrUWxQ7eERPvPqTRm5r2GX97tfYGxPjMWeGo2k94aJ,2025-12-26 16:59:25.000 +0800,2022-12-28 11:07:01.978 +0800
"36 Points #11",1,"499f98e0a00a807e7afa3ca7edfa9cb463b1d91608fbbabba8824307b663e1a2","76437880945266110880979439294051220069386127150721581770839031461418041342059",QmUyyxFDdX3JQmrLQxG2sn8uapVVCfhtF9JQxwSYYjV53Q,,2025-12-26 16:59:24.000 +0800,2025-11-18 18:59:21.095 +0800
"36 Points #12",1,e57182c3d65e6a802cb39a29e842ba19f882ff346db63b93ad79e709d25709be,"35358845553855715712537579587341818726651427648428517957934097602435224403756",QmYpPWnaKwJ4xh17prHAgaqFrgWveMPqowhLsmWyscLaBR,QmPVjEiU8m5sYDU8jkb9oKCdWGsyj687ouBZQtZvuJJpnx,2025-12-26 16:59:24.000 +0800,2022-04-02 03:51:56.057 +0800
"36 Points #13",1,d0cd448dd7caaa9da3a4d77628a31c35cca9e3b0eafa7c15c9920c557732806a,"31820145363565995475565808681699772533099790137067530759761217146655371653098",QmcFtYrRWdYbR9eLeu4qghRi7DYcfnFv9c3ZtpRwQ4ZxLB,QmPCQroWjLH7yEWa9AhTyLknwWj6HEHEx99dA4ZTkKzxQr,2025-12-26 16:59:24.000 +0800,2023-05-13 17:11:24.472 +0800
"36 Points #14",1,a14ea2859024a57827b69712d651d3812212279d929cfcde1c988295ef104e6d,"43593768040483625743468770500373785749685714786564201072059172213178285065644",QmTt8jm9VrEPuGmHF4t1LpqrRVKecLBRnMwxRo6gFUsZET,,2025-06-04 14:18:22.733 +0800,2024-10-06 14:33:13.227 +0800
"36 Points #15",1,"571bb1b0307305d3961e3d637c77e4b599158b080e61caee7dda5fb1f73c4fa9","41285037895643333678506599229217594042462856872765577229989444816834393086780",QmVBHmEYpM7nc6TZwnNeWdt8QYdCXrRqpivN5qw4gUafPu,QmbGjMAsLDY2rXzTBpEb3X6K62EuUnCXjPAU4MhCikcMgu,2025-12-26 16:59:24.000 +0800,2022-11-28 12:38:39.032 +0800
"36 Points #16",1,"904568c9af613241f6d3c2e7e1f9dfe4fdf007c9201d8a2a08b43783cb267fe3","70623030731192735701913246036947858498549840800164888789576994045359929460904",QmZ38xmMnNvTtdwjCY5YgptSSjLhTnCHwTT92eVeNKSxHq,QmYFwsBnUb1sVGuCeCgr4cxirbudc6T7YZTkRguKG58K3t,2025-12-26 16:59:23.000 +0800,2023-01-17 00:34:01.944 +0800
"36 Points #17",1,"0d1feee8977ac82cfee6fd95d00475197a9adff58d62f27a5e975acc38294a24","44180945678244353946381414021145969454570501493128688942625345804159876631924",QmU8LUF74pMz3tCAbF4DSwkRPGPX22xS13HYm1puHYABy9,,2025-12-26 16:59:23.000 +0800,2022-11-23 00:29:17.243 +0800
"36 Points #18",1,ce0a56a5a1cc476630af63f999186257a08612f95299f4d067f19e2736cd6f80,"61302490045802210421291602096864529165791544979575746562596776854588594450501",QmXWPjDoVd6P589RJs4ViQaBQRWfLpqPYpKWkPeeJY1U1w,,2025-12-26 16:59:24.000 +0800,2023-01-05 11:53:09.682 +0800
"36 Points #19",1,fcff62acb63c03bc7231f61e8fd935c649c0a32a78d38f92c29e3f938c5a5f74,"37985513803993673830106652487622242224680120184398274991579420177029905026714",QmTXoEa5rJYUxDMDs4YVeX9a33DX6qCWte1P5RW8KRB299,,2025-12-26 16:59:24.000 +0800,2023-06-01 16:52:40.837 +0800
"36 Points #20",1,aa106fac3823ae5f310c932d113781e4564c4ba89909ba380e35b4d332e40cef,"39045419855253112754790413081823885245560445127707009030483255494386572836524",QmYFT3rAh51mussHmomsxoFtWMEQg3psRU4q55AdAqDhGm,,2025-12-26 16:59:23.000 +0800,2025-11-18 17:40:45.963 +0800
"36 Points #21",1,"53498a6403ac23785b1d3490a0cd4e29bfdd76835e11d78322e16bf4bcd99dd4","52630059605360980240030978008624659997772624655712940351231983069206296894732",QmbyXoJ3AdgetVq2NQbS1TCjYU6TBAEBuAfBAf3ed6PmGn,,2025-12-26 16:59:23.000 +0800,2023-04-07 17:14:03.167 +0800
"36 Points #22",1,"074351ceea07e98898c4f6d73937b3e048d76950fd2896931caff756ccfaa016","35521017362997486661227184386262019050944532469219603439542027056911404432989",QmS3A6vTxEqFfHYwhEtfjsGoYk7dZKbvppYL5p7pLv3mJd,,2025-06-04 11:10:09.369 +0800,2024-10-27 16:22:29.254 +0800
"36 Points #23",1,a874fd2d2bcfa6acdf45d0fd4a1500ffc5aa276fbebb8280a25da15f0f825430,"112478779609398727296318639698804868409905475068419684504964656296439584494965",QmcW2tNToWABvLXuiSGS3Q5bn9hrnrf5LJGEPjQtU7Wep8,QmZYYZquK5sqAJcfiVdCyV8W8vVd6FVsEer3qMCDpvccVy,2025-12-26 16:59:23.000 +0800,2023-05-21 13:19:58.891 +0800
"36 Points #24",1,"75f9e2448215a8cae8c462171efad3bef288cebfdac723a85bebff179046560c","23756738345104985956279491196512625532472776404128855896704203620849904452811",QmRaJnpKmvhyt7Zyn6uSceC4WK5SByNBeHNPgj8FJ7Gmfv,QmfWqmAUfvNib5D1vviexohdQdG7QLVNXEWdyu6EjRwzZ8,2025-12-26 16:59:24.000 +0800,2022-12-15 15:01:56.405 +0800
"36 Points #25",1,"6637d663a42aa69535a7ba0f432210f5922c57c4db6bdaec2c9c179ac679d7ce","109756489743418279948022296820257745757229480070489034960221550030892017364116",QmSQDXFtNFikTFp5ESc9Tnyt58fq6ejJ6X9vSBzhR1Zpao,QmP3Cr9Ww7PZuP5xYPoXAsUqRMhy278qFYfKhqJ7Jr7o7P,2025-12-26 16:59:24.000 +0800,2023-09-28 16:19:10.046 +0800
"36 Points #27",1,"0ada439a53863804f7ff444aaa1da45219263dbc6f1edf958c5da3d780d184f5","70858792479752911964825160209008387148079647624299819935110713114423033073520",QmarTQC6in1Y2dVFN9r1qD5PoiiKRFj8t5qzREXPPyP2TA,Qmdkq29thGhqg7cLH2PQtvzrWZCX8rLR8NPM44Gjwr5uN1,2025-12-26 16:59:23.000 +0800,2022-04-02 03:52:30.080 +0800
"36 Points #28",1,e178fe713b8cd1dd57da4c57f25ac1bc0e1aece9e4777487761f0953ccee87a4,"44167847711296331984236115781927606196597164406955248788598074402669003290633",QmZkg9Lis1m8K5XVh2cwrXA16nc7vixjqkAFvevU9R2cNN,QmUgVicvXcoCw8JsKPcBK1dGjn6StLzW5fWHjHzKyhJVPE,2025-12-26 16:59:23.000 +0800,2022-12-28 11:04:38.697 +0800
"36 Points #29",1,"26d60a111e2280f1a56a6cc052d6134f44f75097c38755356e27cd0cc9ef5b0d","55050774917150653852740670218003209296271264867167241957669303404149967543634",QmPp7tE4sbynCr61AKdWjoNSuqQyFWYpDmPqygmmipgjqj,QmZKSQCGptf9KEdWHiE8vRjyKxc4KTb8Fs2aEqNXiWpjLn,2025-12-26 16:59:24.000 +0800,2022-12-08 07:30:47.912 +0800
"36 Points #30",1,"9b730fa71fa85764cb34e53a77d83fb4d2c093a24c4a7157a6c00392b9cd2bc1","78185066854195316843381508527357809817094314029485180988986462325720436744133",QmPpsnVBMcZ5X7oiXvNfCauYyMi4ewW3T26eDK65oWwjBC,,2025-06-04 14:18:25.994 +0800,2024-09-14 14:19:43.966 +0800
"36 Points #31",1,"9affefe98a5d4f0b1019ce5cb0b82a11825f9a0a8d26697a26436a39434f7ec1","94406231090857735319495407328393197044459388382770307541637151012742187764658",QmZTZrLqxWtzB9eit9g6t7RrDdbPSD7jcDVa2jz6hTSvsN,QmZkJ3fxQdp2fvtKRV8LuffmkcbA8gPCUvo4yEH7gugUvC,2025-12-26 16:59:23.000 +0800,2023-09-29 12:28:28.098 +0800
"36 Points #32",1,f1cb2cd093834066b9617529db616359a2aa55446776d90b67ca76f49bce5055,"95160584055628064619537000106227551353849474859117617365427221214871443599613",QmUJsqY2Dk99ps37Xh1bRAgkd3AY5v7gni7DLndFpejkZg,QmNsrBdo4hybLbSf3ZXVpUcSvYqEyN7QuuVwjKhJWX7Q8t,2025-12-26 16:59:23.000 +0800,2023-05-28 06:46:02.002 +0800
"36 Points #33",1,"0640da207e626a684f11c4b97c1c1e2f9c1edc5df0e1586789f35a6584e0c5cb","95543158056778133118455819643347502893421578935560723827960299458626561964336",QmeRG1xenNHB8QSSUnvSsC4nb2WQCG18Ki4GNKU4bEpuQs,QmZxWAqHMrMfSekA3mPZwsLmosDwCZyEedBD3X8zTLxWLy,2025-12-26 16:59:24.000 +0800,2022-09-29 08:39:40.975 +0800
"36 Points #34",1,f5d6622c2bc5d2b72a3ab72597ed8bc918155e68b4aeb43f79a08712adbbe10d,"19896385305968253178382657295312611929067309497336284600677044000394779012156",QmQnU2zCSx3S1M4gFmDVF87cYBVSD8TuiM3JP4NTk67N7Y,QmbrQt3BFeErEhrv5n23k7ZrL1NXW7VMMApM9kWe5oveVd,2025-12-26 16:59:24.000 +0800,2023-05-13 17:11:59.365 +0800
"36 Points #36",1,"0a6d97cea073475607e7eb74dcf0b726dd6cf82ce902a2d420167d67f1f572b3","36922608953048096570585449902492180025692679394775252073245860230463876469866",QmeZ7QyLAv9xrPJmymq4BoSEaACLpzN8v5H7zJCD945uzT,QmTkEE3SwFmc5TxzfmDcKngHg2d3baYtnhPJpYZqtENey1,2025-12-26 16:59:23.000 +0800,2023-04-06 11:47:03.186 +0800
"36 Points Display Edition",1,fea73f6a22587febca959a83c51ffdf0278ec12fe979e1d7683169277d7f2904,"63151345934093658910279098575106826835637174158898273242533855235071619205362",QmTu2d2JkPakbTS9vfr82WeLpK5ZUNYRbikEp8BRrJwN4F,,2025-12-26 16:59:24.000 +0800,2023-04-07 00:01:48.624 +0800
Embryogenesis,0,e1f796fd4d46a3f65c314c615a30ce99382906f5774f777eeb719954af4d431f,"44167818044023130787199848224279273835352034260250746807952745844318335090281",QmbApYgKvC3QrTMeEatWUsQS9F9tMNiggQp477a3QYgTkm,,2025-12-26 16:59:25.000 +0800,2023-05-21 14:38:16.908 +0800
Embryogenesis,1,"4abd395f6740fda9afcd866f17f0ae70512983e90651309623f6189d6e06c0d3","44167818044023130787199848224279273835352034260250746807952745844318335090282",QmXJhfZgmo67VAisrq9aoYh2vNFBsb1By75LNBTmoHTNd4,,2025-12-26 16:59:24.000 +0800,2024-08-29 12:12:05.269 +0800
Embryogenesis,2,"2629e73376ff3d889624f667d9418f25a59508f2547085bd3b2e83e514f5d7f7","44167818044023130787199848224279273835352034260250746807952745844318335090283",QmVJmggB1Uq1zbqfxhqmpAkGugrPWEWmC75z5RzzZW6hrv,,2025-12-26 16:59:24.000 +0800,2022-04-11 02:42:24.408 +0800
Embryogenesis,3,"36bfb24385f064469eee4af4763d76b69d5c08f9b2be965519bf381e601e6ff3","44167818044023130787199848224279273835352034260250746807952745844318335090284",QmbGrvztek8XBNsiarkxkAvbWtgHstFN5uQEfnp8xw9e1y,,2025-12-26 16:59:24.000 +0800,2023-04-27 18:30:49.746 +0800
Embryogenesis,4,fa5fdfdfaae9ff985eaf666c006541668c3aba2a0e714dc1fa194b18aef4bbe9,"44167818044023130787199848224279273835352034260250746807952745844318335090285",QmSWkxM8WZDSFY9wazPRjbs72oLWvsYCaubTCo3eGHWFWZ,,2025-12-26 16:59:25.000 +0800,2024-10-06 18:56:56.050 +0800
Embryogenesis,5,"9c25a6c0e3b6fcee7b211d4a74082554ff47ca8be008fedd6fed90a226d567e0","44167818044023130787199848224279273835352034260250746807952745844318335090286",Qmb1gwqDjtM4jLkRZWJU2KmSfo3Py2xjWaxCzEGqeJDLQJ,,2025-12-26 16:59:25.000 +0800,2023-05-31 12:17:09.603 +0800
Embryogenesis,6,f3f7ac176c9278d7d2ba14b256dd55cc2fdf96f1d8a49af912cf3e27571422a4,"44167818044023130787199848224279273835352034260250746807952745844318335090287",QmTFWVUna7vuXmtojYBETqim87KF3Zw2RR5CH6cNgBoMS8,,2025-12-26 16:59:25.000 +0800,2023-05-20 21:33:13.368 +0800
Embryogenesis,7,"60955f206982700033a7a2a84265e5421297aff9b069e9ef28a7944412eed4c6","44167818044023130787199848224279273835352034260250746807952745844318335090288",QmSR3SikjgakYtW5mCSi3YFeBWDSmgR5wKnBYWYqz3ifMc,,2025-12-26 16:59:24.000 +0800,2023-03-20 01:26:54.604 +0800
Embryogenesis,10,b9b2f636c81c637407f918931aeaee5d058035dd192f8aa59ae740807eae15fc,"44167818044023130787199848224279273835352034260250746807952745844318335090291",QmY4oLuk4FXYdgh8dkgoBuX6QhKjs1Tvt2TSi3VPiScwd4,,2025-12-26 16:59:25.000 +0800,2023-05-14 19:28:56.163 +0800
Embryogenesis,11,"8cd544f73969d84a08f4679916d577155f222db128353fb7194626820fddd47a","44167818044023130787199848224279273835352034260250746807952745844318335090292",QmTCti4Q1fzebWYWu67UUSrLPnzakedBNmRdsm9hQYNKe7,,2025-12-26 16:59:25.000 +0800,2023-05-26 10:29:27.912 +0800
Embryogenesis,12,"8a2ac81ecdead90abdceb20b3f27f43b388322d65f3de96c9ce967777c6b4229","44167818044023130787199848224279273835352034260250746807952745844318335090293",QmebUMn9fiB3JKsRPi2pgdwyt1WiV68XUTr6yndPknLQC8,,2025-12-26 16:59:25.000 +0800,2023-02-12 21:51:41.267 +0800
Embryogenesis,13,"26545253b810f52cb51c383f423b8b5983141019502e21c6a5ffa5efc419145f","44167818044023130787199848224279273835352034260250746807952745844318335090294",QmaKercvx69UhX7znhRU4YDoMd4XZBwrudgX3T9zCWALW5,,2025-12-26 16:59:24.000 +0800,2022-09-29 11:03:59.864 +0800
Embryogenesis,14,"30b01f025eb750d8ce37375fa427d843a1e97d1c1787df9806ecfccd555d62bf","44167818044023130787199848224279273835352034260250746807952745844318335090295",QmSHMFWAGHWCNucS1X5NJTb49XHMHbTttCmUF1SGNjZrYL,,2025-12-26 16:59:24.000 +0800,2022-09-29 15:01:05.292 +0800
Embryogenesis,15,"8efbbf6a15bb886c00f6d11bca8a262bc2e162bc53d91738f2ab94d1859b5955","44167818044023130787199848224279273835352034260250746807952745844318335090296",QmcLmhzYWZoLBa3xP8Hjc6eZKct36x8oc82wy9BQa4B63M,,2025-12-26 16:59:25.000 +0800,2023-05-15 06:06:43.222 +0800
Embryogenesis,16,"2a5bec985190175ada94d2638b6c8123bd9db785da1629deb77db15eb0d3d450","44167818044023130787199848224279273835352034260250746807952745844318335090297",QmW5qcNpErHACLK4rjN5C3q45Bo9iTYuk1LqZ7c7sb52i3,,2025-12-26 16:59:24.000 +0800,2023-05-31 07:21:27.018 +0800
Embryogenesis,17,b3e1c0b9c2f1d3154947deeb3366dd25d632e59859226188f2ede6a3931dc459,"44167818044023130787199848224279273835352034260250746807952745844318335090298",QmTRaKtURNP9CFR7dAGotkdadxXjNsP1nS9rbQPitenH8u,,2025-12-26 16:59:25.000 +0800,2023-04-09 15:21:27.711 +0800
Embryogenesis,18,d2c1c5ca379cd83122979ea59c666f995e5793a89e5911d0377b5fb0548085d3,"44167818044023130787199848224279273835352034260250746807952745844318335090299",QmWCmeszqLi5ktSHwbwHERNGwqAQDLkm8VNMqeCPoL6L7f,,2025-12-26 16:59:25.000 +0800,2023-03-21 11:39:42.353 +0800
Embryogenesis,20,cbafbfb8a7d5c9da348e0ff7f862e5cb7a3461cbf44cca359fcb8f6aacba8e47,"44167818044023130787199848224279273835352034260250746807952745844318335090301",Qmck54Q9RzPa5uaNkKrRvaDgx7wkr86EoQjDQg3EdXzmps,,2025-12-26 16:59:25.000 +0800,2023-06-01 15:59:46.482 +0800
Embryogenesis,21,"27a319a4d39a1148beadd6a48efa0bd35a553f85daabdc4ccde1ea8aaba95b4e","44167818044023130787199848224279273835352034260250746807952745844318335090302",QmNScWknvFhzphuQRQFArAXnwhhr6hE3NVuDFRJTLjWwuJ,,2025-12-26 16:59:24.000 +0800,2023-04-15 03:17:23.726 +0800
Embryogenesis,22,"3d7c1eaa609def5bcb812f4b9ee1dc8373ba7a6def57dbe8611ba2eaceb88e87","44167818044023130787199848224279273835352034260250746807952745844318335090303",QmeqDrgHCaUKHwSSZj3B1TPSfV4HoZa3xccbtobjYiDHTD,,2025-12-26 16:59:24.000 +0800,2022-03-03 21:17:39.053 +0800
Embryogenesis,24,"01ad5e9d9208f0bc4c9ba4f2a60aced690b92b26631ed2d751e4f830ef571f3e","44167818044023130787199848224279273835352034260250746807952745844318335090305",QmSYvgvWuddQRdwpXPjebSG8HCxreken1nMwVhCj1AuSxT,,2025-12-26 16:59:24.000 +0800,2023-04-06 11:51:12.215 +0800
Embryogenesis,25,a4aeab6eaa07d81f5b3575079e3176b691b4fc3fef64efaf4cbb30302740f92a,"44167818044023130787199848224279273835352034260250746807952745844318335090306",QmUXGSKVnWJ3yedgDe8DEebcmWnVnd63Vo5B5zYFgYd2m4,,2025-12-26 16:59:25.000 +0800,2022-05-02 08:27:09.416 +0800
Embryogenesis,26,d716b22547a576e911466fce21d6fd4b6863fe6be909021d49ef51044d355b70,"44167818044023130787199848224279273835352034260250746807952745844318335090307",QmSWWQMpgDfb6NLcGDDKs86eujPjWhLtLG6Pb5qz4fXPLt,,2025-12-26 16:59:25.000 +0800,2023-04-07 00:02:23.369 +0800
Embryogenesis,28,"21b24854c8a30cbb5f00ad684de9f5089878081736d395fd3a7c1e9e67d517ce","44167818044023130787199848224279273835352034260250746807952745844318335090309",Qmaz5N3289tHwUJxdQLWS1vLnKpyR1rnLJrEA9ZAYBce1h,,2025-12-26 16:59:24.000 +0800,2023-01-17 00:26:46.953 +0800
Embryogenesis,29,"34b33c91f26e723b77709651576e9ed58dbf25eac3c8372d40f0e47d0cb034f9","44167818044023130787199848224279273835352034260250746807952745844318335090310",QmPMeFNRv42SF6BnixELHjaLaChUKmMzwXBM43zzHb3xdC,,2025-12-26 16:59:24.000 +0800,2023-04-07 22:22:27.674 +0800
Embryogenesis,31,a36b65c33dc8b9c5f050c7d5590c00d57e7af2716d84f548ac232188d1142715,"44167818044023130787199848224279273835352034260250746807952745844318335090312",QmZvv7i17mF8EpFmK9gktbQx9GrCpHVAztJDrhPXBabXkp,,2025-12-26 16:59:25.000 +0800,2022-12-13 14:03:57.686 +0800
Embryogenesis,32,edcbaaf4ddbd4564f6cf57b4e40c6f7c1cc260495cd48739ea8ea9c12dd1639b,"44167818044023130787199848224279273835352034260250746807952745844318335090313",Qmc8mwQvYtwWKLYEawue52dB3CfMArcobMihxBBKjfMez8,,2025-12-26 16:59:25.000 +0800,2023-05-28 06:45:15.086 +0800
Embryogenesis,33,e0bb39c25c20becf65f8ed73d155495421d7db8a50b79e1af5d154a360d18325,"44167818044023130787199848224279273835352034260250746807952745844318335090314",QmUYSBWreJa8zDMW1vV5DDXyCSn6b7kwwu5MDFLCHBtMJm,,2025-12-26 16:59:25.000 +0800,2022-08-25 19:04:27.499 +0800
Embryogenesis,34,"524e0a464d584676f207fe7a8787bb7e946bda2b1cc8bbe7eae409bc45f1d8a7","44167818044023130787199848224279273835352034260250746807952745844318335090315",QmcWjDjwfM5Y1uNNN8UJeEYrjyYrLT7PEfRQY2SVctvT2m,,2025-12-26 16:59:24.000 +0800,2023-12-19 15:55:07.367 +0800
Embryogenesis,36,"2c19c731bbf7f716008d8247cc9de3559411a86abc84cad1f2ce0be65e531319","44167818044023130787199848224279273835352034260250746807952745844318335090317",QmXEMX6SrZzPe2DqxjFu3H1YPZNQeF7bXYdAE1Dq2XJciZ,,2025-12-26 16:59:24.000 +0800,2023-06-06 11:06:09.185 +0800
Embryogenesis,37,"36c02a0b9454fa9ab8e5bb7e746131a49ef6804bbab3857ee78f7d727d1f116f","44167818044023130787199848224279273835352034260250746807952745844318335090318",QmayX77io6eMAcAskTVJMYnUbDK8aoiEk9f69iuwpvWtrM,,2025-12-26 16:59:24.000 +0800,2022-11-14 14:08:18.435 +0800
Embryogenesis,38,"718cda97a8b1ad52c50d7d5cdabf3f9ead57882872b0b092ff7171c19ba9b168","44167818044023130787199848224279273835352034260250746807952745844318335090319",QmS4vSkjhGqbhsFUrGRRhs8G1F2zMV8FgHZSWpyt5CTLnN,,2025-12-26 16:59:24.000 +0800,2023-03-21 10:43:10.103 +0800
Embryogenesis,40,"66f1ef941c7ca469cb654e2c331d767bab3a2a5116920c78ba1b8398c087ff09","44167818044023130787199848224279273835352034260250746807952745844318335090321",QmPToTiMSuUD3A9rRiFgoD98KSApTbDPcjS1SMeAjHQBJa,,2025-06-04 11:09:27.291 +0800,2024-09-14 14:19:44.215 +0800
Embryogenesis,41,"0b5f81492cbda920704226ecf93fc9d15a93d4e196a229747f7c4292ab21c777","44167818044023130787199848224279273835352034260250746807952745844318335090322",QmSdsRFQnqDQuBJcibvaxyG6VCjwhdWHg8256XAVDpsaEQ,,2025-12-26 16:59:24.000 +0800,2024-02-21 14:51:41.508 +0800
Embryogenesis,42,"324d9ec4fc656dd30e17e565c195e3b60bdfdd594412a119c99dcb3919f92ad0","44167818044023130787199848224279273835352034260250746807952745844318335090323",QmYQjQS6Y3DRVhE945qCy5eV7ZHozB8gh47qNZF2DPy9i6,,2025-12-26 16:59:24.000 +0800,2022-11-23 00:33:04.105 +0800
Embryogenesis,43,"1eb850ac003c8db915323356bf61f8530f837045cd705d36cd1cbfcd1e3f1745","44167818044023130787199848224279273835352034260250746807952745844318335090324",QmRZKnze1rQBuKqabo7FSAphTjrysSUqdvKD3fEwDyuS9m,,2025-12-26 16:59:24.000 +0800,2023-05-19 15:31:31.869 +0800
Embryogenesis,44,"2ece9aacc92c547386debad0578249a45ec70c84121854c296a16540c1db6eec","44167818044023130787199848224279273835352034260250746807952745844318335090325",QmUsZKN7UiRW5innVqu78FC2YSnMatYtg1R7BnPYe1p8Xq,,2025-12-26 16:59:24.000 +0800,2022-11-16 00:33:39.848 +0800
Embryogenesis,46,"0e119b7bd9d4cfdcc6b4d3ca81af8395078a7be14a12da3010897047148caf34","44167818044023130787199848224279273835352034260250746807952745844318335090327",QmUApTmnc5ZER5rr694NchrHxfEDJkVSS7jvoSAa3qH39q,,2025-12-26 16:59:24.000 +0800,2023-04-08 01:03:47.589 +0800
Embryogenesis,47,"471f4921c6a3e6b719dc081667fe12f48a4266757bf5b854295ba5f7b70e5936","44167818044023130787199848224279273835352034260250746807952745844318335090328",Qmdh3PyTNVKWUCB46712Xb4j8waT4F9aHDrhg9jPAtMNPs,,2025-12-26 16:59:24.000 +0800,2022-10-05 17:28:33.497 +0800
Embryogenesis,48,"89f0a795959b02d6c485690bce15b685a172f70f02d06c9a44fc25d6f58d3b0e","44167818044023130787199848224279273835352034260250746807952745844318335090329",QmXofBHvr43MEqDhZPK9abKhmU8WZyg6Z7LvUhxu3T18Pg,,2025-12-26 16:59:25.000 +0800,2022-12-21 06:10:37.339 +0800
Embryogenesis,51,b041406f62e09f5a996d00f70c70e3f190e1eb5e9a2ae8505b70e9b559af4a55,"44167818044023130787199848224279273835352034260250746807952745844318335090332",QmUobShAK6Qs5s6X8QYSvL8FfFfP27hgD4j3aspwNRNyGz,,2025-12-26 16:59:25.000 +0800,2023-04-07 23:46:36.699 +0800
Embryogenesis,52,b8605181aa02851617210204ab55e49431bde34f4168d61faf703ef3f4037a54,"44167818044023130787199848224279273835352034260250746807952745844318335090333",QmSXspeC2qxdBegqgCWV8dbqM9FxVQ6b4yW2akVgPkcspL,,2025-12-26 16:59:25.000 +0800,2023-06-01 16:52:39.734 +0800
Embryogenesis,53,e485d40463451991a6a4eea2f975ea7814b1b3f8c9dfe6211e6eb39054c2d6cd,"44167818044023130787199848224279273835352034260250746807952745844318335090334",QmX9t44GYzgzPKxb44JTuF3capj2njHMHGBTQNPkhaRDMg,,2025-12-26 16:59:25.000 +0800,2023-04-11 05:23:26.742 +0800
Embryogenesis,55,e507182d318f48d90462c2b34262fccb88dad51e9f7cafdc8b02605d568a4562,"44167818044023130787199848224279273835352034260250746807952745844318335090336",QmS2vwZa2b1ajV8CcAxcCs96tkpAvYm5AzCyvE8oEjzDYN,,2025-06-04 11:09:27.291 +0800,2024-10-05 14:30:00.800 +0800
Embryogenesis,56,d32cf7872610fc41c2a7c14be035b02d3e11c4070679adde62a42cf77614dc5a,"44167818044023130787199848224279273835352034260250746807952745844318335090337",QmYiRstC6c2ioCSUFhqeecQZaHCjVYGN7iRnPxjEZxLaTV,,2025-12-26 16:59:25.000 +0800,2023-04-12 14:21:03.539 +0800
Embryogenesis,57,ffbd6df25e3aa38393b120a86c4eda1aa4bd87b5603a27dfca6db5d9e1fcbea9,"44167818044023130787199848224279273835352034260250746807952745844318335090338",Qmdzw5f6ubpVyFJLK6m9XeUKZccVprtX1W9kqXvRu55W98,,2025-12-26 16:59:25.000 +0800,2022-04-02 03:52:24.084 +0800
Embryogenesis,59,c434d7e76486db6888cbc3a61bd99aead4b38b4725c401d70cb53179e0b6cc1f,"44167818044023130787199848224279273835352034260250746807952745844318335090340",QmfB1r6Zc3Cy912jfPiduc2LyBm8nhnsgEemeqLi5LDLmE,,2025-12-26 16:59:25.000 +0800,2022-12-10 13:18:43.457 +0800
Embryogenesis,60,"4dc9a4211ae43de0170c69cd6034afe505fcc8f0043ba942e69cd97c8b08ae98","44167818044023130787199848224279273835352034260250746807952745844318335090341",QmdWn1xUUqxscDi6DQpnsmtBYgD227eJVpDDEk7o6WETiv,,2025-12-26 16:59:24.000 +0800,2023-04-07 16:58:35.492 +0800
Embryogenesis,62,"2c676b77c6db8442a6fce16d387ee7e03b7e1f1143aeef6cd17c4f05f8d79ee2","44167818044023130787199848224279273835352034260250746807952745844318335090343",QmX3ecn7QWSfMik35NhxULi2hZ5FEPsy45cbWQkQR2uhd4,,2025-12-26 16:59:24.000 +0800,2022-09-18 01:21:27.209 +0800
Embryogenesis,63,d97df0f97e5ef9fbd2f1721f24cd68b6a0945585f23a286997961dd0218fe6c1,"44167818044023130787199848224279273835352034260250746807952745844318335090344",QmXgp5zp1fG52fntEv98QwUjbu6dU5tCejwZ7HpnMzbmBb,,2025-12-26 16:59:25.000 +0800,2023-04-16 00:04:55.890 +0800
Embryogenesis,66,d36e69edd7d618e4464e8fd6b3b74fc9e3743b7a9783c540ed0181d2124d036d,"44167818044023130787199848224279273835352034260250746807952745844318335090347",QmYdTWxE3eSDdzxEw7vt4vfGm3uneCkRyDvjcTYPVJVPfT,,2025-12-26 16:59:25.000 +0800,2022-08-13 22:06:55.207 +0800
Embryogenesis,67,ed6edde8e2f1482189a68c912baaf85c7b714b1d221ff76eca1c3291ca7afec6,"44167818044023130787199848224279273835352034260250746807952745844318335090348",QmbW3NPHzz8CWXszngo85Hwf4bsTpDftE6n7X4QH29M4ij,,2025-12-26 16:59:25.000 +0800,2023-04-14 13:46:15.517 +0800
Embryogenesis,69,b39b5165c4fd33b1239aeac9f3eea41af6059a370eaa932a5d20f42b1622704c,"44167818044023130787199848224279273835352034260250746807952745844318335090350",QmSwX3S9Dbr8vBGMpGWQ79HP2p8sFCq9Mr5EMNX2krSrrL,,2025-12-26 16:59:25.000 +0800,2022-08-24 12:56:08.452 +0800
Embryogenesis,72,"99312849fd0dd8659ed75dd0a1f11d8c9ad78d3b389ff0e143b02a5eb7da3d73","44167818044023130787199848224279273835352034260250746807952745844318335090353",QmRCJGv4ciGHYiKG3gme3UDuV1qGWfN4ECNn3VYkDtQ9BG,,2025-06-04 11:09:27.291 +0800,2023-05-31 09:27:58.309 +0800
Embryogenesis,73,"00f99c5bd6e6cabb6c3701e2d5c5aabbcbe44551bd7116c9d4fb322dabd4f06a","44167818044023130787199848224279273835352034260250746807952745844318335090354",QmZvjaPGrKvD4gNWvKQkZQVEV44WaEe5fzEo7QipC839dB,,2025-12-26 16:59:24.000 +0800,2023-09-28 16:19:59.311 +0800
Embryogenesis,74,f72de3cd120529d9650a3f1436e03d9765d6415ce6687f4b72b2751a3646c4a3,"44167818044023130787199848224279273835352034260250746807952745844318335090355",Qmdtos4HkRm9V82vf3Gv7MeUqGA2RogpJVsDUijqR2Xi15,,2025-12-26 16:59:25.000 +0800,2023-09-29 12:27:22.187 +0800
Embryogenesis,76,f0a77aab3c82b43f7d1f1cd8c2477d813c2b50cb6a9ae3de83d509bc7309095c,"44167818044023130787199848224279273835352034260250746807952745844318335090357",QmYpf8oDvucvL2SfT3fXfWJgBHnQdegoJ21YZz1yVrYPPp,,2025-12-26 16:59:25.000 +0800,2022-12-28 11:10:06.090 +0800
Embryogenesis,79,f9bdd12e0aac279ac192961d6c4ed5c3d07b5d1d282ece8b810a31dcdef2ae90,"44167818044023130787199848224279273835352034260250746807952745844318335090360",QmU6525dCTS66RpLjsfVZvuKtkRKY8rz21dC8CVhRmaKjt,,2025-12-26 16:59:25.000 +0800,2023-04-07 01:15:23.161 +0800
Embryogenesis,81,b5d1338c38a9ac4fe2cb6a0abf7f4bf6e4d8e262b593b488fde1703f9b522cee,"44167818044023130787199848224279273835352034260250746807952745844318335090362",Qma38H9Ga1jWB75YLMKafvw5JcckTnRBX3RNTEzALmVL9s,,2025-12-26 16:59:25.000 +0800,2023-04-07 13:44:37.099 +0800
Embryogenesis,82,fe33dd89db16e4526e0cbca20c4f19efdc3beb685d268362f72b29156a14f34e,"44167818044023130787199848224279273835352034260250746807952745844318335090363",QmZKEYDjPnRKdUqXe5mtWLQYbZgCgUvyupUecxGSGhaVmu,,2025-12-26 16:59:25.000 +0800,2025-11-18 19:00:00.150 +0800
Embryogenesis,84,"11155abd26b20b5ddf1f3de374ac9f2399df9e31610fc644c2c4a7c096726a88","44167818044023130787199848224279273835352034260250746807952745844318335090365",QmaPtCrdU7PCG8BWNaynEAYHVFt6J3CkKBNCLSMd2cvkdf,,2025-12-26 16:59:24.000 +0800,2023-05-14 14:48:24.426 +0800
Embryogenesis,85,"2d372d9f1f9aa2f20c81809d7ef9c9ad136bf634a72c56c81518fe765e0f6d96","44167818044023130787199848224279273835352034260250746807952745844318335090366",QmVZNpiMiXKCiDkE91CJhUaAe46Gf9tGGqbH1P9FMwmjyv,,2025-12-26 16:59:24.000 +0800,2022-05-03 12:34:59.024 +0800
Embryogenesis,86,"66f8e2d8a1288b3425777352d1502bef11339d2c761ce3ac5e20f91bcfb644a7","44167818044023130787199848224279273835352034260250746807952745844318335090367",QmNn5taN5tU8dMCQk7eqDHfarXj3utnq1xpdAAQwc62B4h,,2025-12-26 16:59:24.000 +0800,2022-09-28 21:23:50.057 +0800
Embryogenesis,88,"19b0bad9198912b8bfb5fa8937d305cdb9620ccc78761552451478b6e57d45a1","44167818044023130787199848224279273835352034260250746807952745844318335090369",Qmf6BCasE5xt1PyPXjqH3Z6vGX76Qe2eVzcZ64Z6KLuwCj,,2025-12-26 16:59:24.000 +0800,2022-09-28 21:49:53.763 +0800
Embryogenesis,89,"43bc028d20fa33edbaf1aeab0b468b615d040df11bfac47865ea93b4cf89ebb7","44167818044023130787199848224279273835352034260250746807952745844318335090370",QmTtHbAz71nUNJc17ACGonxqZrQdeZLJ2krmWDW2YVR62t,,2025-12-26 16:59:24.000 +0800,2022-03-05 09:31:26.785 +0800
Embryogenesis,92,"0c16a67e8dffbd8b2eb8912a471ebab8a89861933c3008ccff2cb03b38bcaaa7","44167818044023130787199848224279273835352034260250746807952745844318335090373",QmZDMTE92BfdnWQjyg7r6zQmkvBUdnnjiRtgw5MnDPuk5F,,2025-12-26 16:59:24.000 +0800,2023-04-07 00:32:59.339 +0800
Embryogenesis,94,"87fd1d97eb4a2b992b7bebb413b26f228373e801e92c19fbe5158a769f914e52","44167818044023130787199848224279273835352034260250746807952745844318335090375",Qmf64GLHssyjRtqJNwXrTcXRn4HKS13UQH1omWKMrrikUD,,2025-12-26 16:59:25.000 +0800,2022-12-22 09:13:54.085 +0800
Embryogenesis,95,"436d01f37c2cb9a20d882538ccecaa59f8be74806ce5848516ae36a2e3f9868c","44167818044023130787199848224279273835352034260250746807952745844318335090376",QmeC1Wb3KpxFn5b3fnExjaGHoGUXa8kRKjjNRt25FQ6fJF,,2025-12-26 16:59:24.000 +0800,2023-04-08 00:11:49.017 +0800
Embryogenesis,97,"85adaa728a6278fec29ccd40d60f743c28af876e81e353a15a0df31fab36a297","44167818044023130787199848224279273835352034260250746807952745844318335090378",QmbLQtZyx6eufDJoh5CTyNDSbRE4YsbwR9uWhokdXF1pTE,,2025-12-26 16:59:25.000 +0800,2023-06-01 12:11:33.462 +0800
Embryogenesis,98,beeaec90d41fca27e995a0806a41c73d6840073b14cfbe45f72f173da741d080,"44167818044023130787199848224279273835352034260250746807952745844318335090379",QmZAYjcitGinMcMvatu5LWEyERDwkWfVCX766TN1F9hCUK,,2025-12-26 16:59:25.000 +0800,2023-05-31 07:58:33.742 +0800
Embryogenesis,99,"9fc9a816649437f796fd7aaeb2de7a3c1925836d28ed88191a56569057964259","44167818044023130787199848224279273835352034260250746807952745844318335090380",QmUFqAByPfRCivzw6pNbwuhkzqtrqzawurkTWvqobmEsZJ,,2025-12-26 16:59:25.000 +0800,2022-07-16 13:06:41.266 +0800
Embryogenesis,100,"75f686748283cc23e573f07e53fd2aa936f68060fad60dff998f3fabba94cbc4","44167818044023130787199848224279273835352034260250746807952745844318335090381",QmbuAEzsWgZeFPbe6sa5aNH5TTiRq3YjoS2NnSum1JSaBg,,2025-12-26 16:59:24.000 +0800,2023-05-20 19:53:45.266 +0800
Tapestry,1,"46a8fe8d59a5234e7836b1b6ebe0544e56c154b8871559afad89a973ec65a6ce","101362471285429083780124202340658617171206831615691583616293320663748173329692",QmSz7Hg6iUZ69LtGeixXQxNLh36sFbpG6matkWtoXmecA4,,2025-12-26 16:59:24.000 +0800,2023-04-12 14:20:58.833 +0800
