"title","series_id","medium","artworks","series_updated_at","reference_uri","ipfs_uri","upload_time","reference_created_at","reference_updated_at","is_current_preview"
"36 Points #01",f65cb7b3-89e2-47eb-9e73-3b371105e15e,software,2,2023-09-18 16:13:26.977 +0800,previews/f65cb7b3-89e2-47eb-9e73-3b371105e15e/1645051900/?edition_number=1&blockchain=bitmark,ipfs://QmcoYm5mJuiFh9ZT72eDrcsG4k12PYZJBrHYxanqGgehfF?edition_number=1&blockchain=bitmark,2022-02-17 06:51:40.000 +0800,2023-03-20 12:28:56.352 +0800,2023-03-20 12:28:56.352 +0800,false
"36 Points #01",f65cb7b3-89e2-47eb-9e73-3b371105e15e,software,2,2023-09-18 16:13:26.977 +0800,previews/f65cb7b3-89e2-47eb-9e73-3b371105e15e/1645051900/index.html,ipfs://QmcLvRe7CHeD5WUY3rChLTwuWe8BXJL6XJ7be5BsNiS3ac,2022-02-17 06:51:40.000 +0800,2023-02-02 16:36:16.490 +0800,2023-02-02 16:36:16.490 +0800,false
"36 Points #01",f65cb7b3-89e2-47eb-9e73-3b371105e15e,software,2,2023-09-18 16:13:26.977 +0800,previews/f65cb7b3-89e2-47eb-9e73-3b371105e15e/1645051900/,ipfs://QmcoYm5mJuiFh9ZT72eDrcsG4k12PYZJBrHYxanqGgehfF,2022-02-17 06:51:40.000 +0800,2023-03-20 12:28:56.992 +0800,2023-03-20 12:28:56.992 +0800,false
"36 Points #01",f65cb7b3-89e2-47eb-9e73-3b371105e15e,software,2,2023-09-18 16:13:26.977 +0800,previews/f65cb7b3-89e2-47eb-9e73-3b371105e15e/1645051900/?edition_number=0&blockchain=bitmark,ipfs://QmcoYm5mJuiFh9ZT72eDrcsG4k12PYZJBrHYxanqGgehfF?edition_number=0&blockchain=bitmark,2022-02-17 06:51:40.000 +0800,2023-03-20 12:29:02.963 +0800,2023-03-20 12:29:02.963 +0800,false
"36 Points #01",f65cb7b3-89e2-47eb-9e73-3b371105e15e,software,2,2023-09-18 16:13:26.977 +0800,previews/f65cb7b3-89e2-47eb-9e73-3b371105e15e/1725620464/index.html,ipfs://QmULUtZqzwwPcR5b2cmMzJTjgq3CJNUktx6rEBBVho4x8g,2024-09-06 19:01:04.000 +0800,2024-09-10 12:03:02.182 +0800,2024-09-10 12:03:02.182 +0800,true
"36 Points #02",a2ba079e-319b-425a-b3df-6bb68c1b7343,software,2,2023-09-18 16:13:14.206 +0800,previews/a2ba079e-319b-425a-b3df-6bb68c1b7343/1645051926/?edition_number=1&blockchain=bitmark,ipfs://QmPqHRWghGAYzv5rYf3YtrWTZEgWBU5Hi88vV4jn3ag14v?edition_number=1&blockchain=bitmark,2022-02-17 06:52:06.000 +0800,2023-03-20 12:30:01.340 +0800,2023-03-20 12:30:01.340 +0800,false
"36 Points #02",a2ba079e-319b-425a-b3df-6bb68c1b7343,software,2,2023-09-18 16:13:14.206 +0800,previews/a2ba079e-319b-425a-b3df-6bb68c1b7343/1645051926/index.html,ipfs://QmUtcSNTyR5tjHuyeHsvJSSq5EjtgmqLSwMcboKvb1APTx,2022-02-17 06:52:06.000 +0800,2023-02-02 16:36:21.773 +0800,2023-02-02 16:36:21.773 +0800,false
"36 Points #02",a2ba079e-319b-425a-b3df-6bb68c1b7343,software,2,2023-09-18 16:13:14.206 +0800,previews/a2ba079e-319b-425a-b3df-6bb68c1b7343/1645051926/?edition_number=0&blockchain=bitmark,ipfs://QmPqHRWghGAYzv5rYf3YtrWTZEgWBU5Hi88vV4jn3ag14v?edition_number=0&blockchain=bitmark,2022-02-17 06:52:06.000 +0800,2023-03-20 12:29:50.521 +0800,2023-03-20 12:29:50.521 +0800,false
"36 Points #02",a2ba079e-319b-425a-b3df-6bb68c1b7343,software,2,2023-09-18 16:13:14.206 +0800,previews/a2ba079e-319b-425a-b3df-6bb68c1b7343/1645051926/,ipfs://QmPqHRWghGAYzv5rYf3YtrWTZEgWBU5Hi88vV4jn3ag14v,2022-02-17 06:52:06.000 +0800,2023-03-20 12:29:50.613 +0800,2023-03-20 12:29:50.613 +0800,false
"36 Points #02",a2ba079e-319b-425a-b3df-6bb68c1b7343,software,2,2023-09-18 16:13:14.206 +0800,previews/a2ba079e-319b-425a-b3df-6bb68c1b7343/1725623570/index.html,ipfs://QmX3jGgBHKK4JkptQN248ZFmyPH3d5zyBQzgcXhKgXYgiq,2024-09-06 19:52:50.000 +0800,2024-09-10 12:03:05.229 +0800,2024-09-10 12:03:05.229 +0800,true
"36 Points #03","6f5db274-ea1f-47b6-82ab-13b0ad650d36",software,2,2023-09-18 16:13:15.395 +0800,previews/6f5db274-ea1f-47b6-82ab-13b0ad650d36/1645051931/,ipfs://QmQePafe7L2Z4X4G9awSeZXD4bDLH6QP1tLyoS1boPULhD,2022-02-17 06:52:11.000 +0800,2023-03-20 12:29:35.616 +0800,2023-03-20 12:29:35.616 +0800,false
"36 Points #03","6f5db274-ea1f-47b6-82ab-13b0ad650d36",software,2,2023-09-18 16:13:15.395 +0800,previews/6f5db274-ea1f-47b6-82ab-13b0ad650d36/1645051931/index.html,ipfs://QmPQaCzMQ6HXwYWMeZDzrXtYATp27F2uM6AdGnXKApQfwh,2022-02-17 06:52:11.000 +0800,2023-02-02 16:36:26.898 +0800,2023-02-02 16:36:26.898 +0800,false
"36 Points #03","6f5db274-ea1f-47b6-82ab-13b0ad650d36",software,2,2023-09-18 16:13:15.395 +0800,previews/6f5db274-ea1f-47b6-82ab-13b0ad650d36/1645051931/?edition_number=0&blockchain=bitmark,ipfs://QmQePafe7L2Z4X4G9awSeZXD4bDLH6QP1tLyoS1boPULhD?edition_number=0&blockchain=bitmark,2022-02-17 06:52:11.000 +0800,2023-03-20 12:30:15.805 +0800,2023-03-20 12:30:15.805 +0800,false
"36 Points #03","6f5db274-ea1f-47b6-82ab-13b0ad650d36",software,2,2023-09-18 16:13:15.395 +0800,previews/6f5db274-ea1f-47b6-82ab-13b0ad650d36/1645051931/?edition_number=1&blockchain=bitmark,ipfs://QmQePafe7L2Z4X4G9awSeZXD4bDLH6QP1tLyoS1boPULhD?edition_number=1&blockchain=bitmark,2022-02-17 06:52:11.000 +0800,2023-03-20 12:29:35.441 +0800,2023-03-20 12:29:35.441 +0800,false
"36 Points #03","6f5db274-ea1f-47b6-82ab-13b0ad650d36",software,2,2023-09-18 16:13:15.395 +0800,previews/6f5db274-ea1f-47b6-82ab-13b0ad650d36/1725623638/index.html,ipfs://QmZkpq1V956YyfMcaEvwSfN1xybCmcJzZhNQxvGkwVe9nd,2024-09-06 19:53:58.000 +0800,2024-09-10 12:03:06.116 +0800,2024-09-10 12:03:06.116 +0800,true
"36 Points #04",bfecf42e-41e0-46a7-a948-435c5439d574,software,2,2023-09-18 16:13:27.606 +0800,previews/bfecf42e-41e0-46a7-a948-435c5439d574/1645051937/?edition_number=1&blockchain=bitmark,ipfs://QmZFjg5spad7hyBiKLJmVG2kHPkZEwv9JGewT94r2xZk3W?edition_number=1&blockchain=bitmark,2022-02-17 06:52:17.000 +0800,2023-03-20 12:31:33.024 +0800,2023-03-20 12:31:33.024 +0800,false
"36 Points #04",bfecf42e-41e0-46a7-a948-435c5439d574,software,2,2023-09-18 16:13:27.606 +0800,previews/bfecf42e-41e0-46a7-a948-435c5439d574/1645051937/index.html,ipfs://QmYhRfdxvB6kbjksU3fZhmUtzUnis7jumfQfG8ywLQ2zJQ,2022-02-17 06:52:17.000 +0800,2023-02-02 16:36:31.896 +0800,2023-02-02 16:36:31.896 +0800,false
"36 Points #04",bfecf42e-41e0-46a7-a948-435c5439d574,software,2,2023-09-18 16:13:27.606 +0800,previews/bfecf42e-41e0-46a7-a948-435c5439d574/1645051937/,ipfs://QmZFjg5spad7hyBiKLJmVG2kHPkZEwv9JGewT94r2xZk3W,2022-02-17 06:52:17.000 +0800,2023-03-20 12:30:46.949 +0800,2023-03-20 12:30:46.949 +0800,false
"36 Points #04",bfecf42e-41e0-46a7-a948-435c5439d574,software,2,2023-09-18 16:13:27.606 +0800,previews/bfecf42e-41e0-46a7-a948-435c5439d574/1645051937/?edition_number=0&blockchain=bitmark,ipfs://QmZFjg5spad7hyBiKLJmVG2kHPkZEwv9JGewT94r2xZk3W?edition_number=0&blockchain=bitmark,2022-02-17 06:52:17.000 +0800,2023-03-20 12:30:46.854 +0800,2023-03-20 12:30:46.854 +0800,false
"36 Points #04",bfecf42e-41e0-46a7-a948-435c5439d574,software,2,2023-09-18 16:13:27.606 +0800,previews/bfecf42e-41e0-46a7-a948-435c5439d574/1725623694/index.html,ipfs://QmQpxuRBt3PvAyEdXkvK6FC3evqJMJwsN3ggbTXBWXaPk2,2024-09-06 19:54:54.000 +0800,2024-09-10 12:03:16.928 +0800,2024-09-10 12:03:16.928 +0800,true
"36 Points #05",f4cf4ad5-b654-48d3-8ea0-85ec65eb17fa,software,2,2023-09-18 16:13:12.298 +0800,previews/f4cf4ad5-b654-48d3-8ea0-85ec65eb17fa/1645051944/?edition_number=1&blockchain=bitmark,ipfs://QmTVeCogwjiQaRFWgQZBoS9ksM3G36fhHtMk59Yeshgjkf?edition_number=1&blockchain=bitmark,2022-02-17 06:52:24.000 +0800,2023-03-20 12:29:04.082 +0800,2023-03-20 12:29:04.082 +0800,false
"36 Points #05",f4cf4ad5-b654-48d3-8ea0-85ec65eb17fa,software,2,2023-09-18 16:13:12.298 +0800,previews/f4cf4ad5-b654-48d3-8ea0-85ec65eb17fa/1645051944/index.html,ipfs://QmNM8TvUk9i69Tyhawb6d3o3ekjCTYLyXkSaHgrikPEJEA,2022-02-17 06:52:24.000 +0800,2023-02-02 16:36:36.436 +0800,2023-02-02 16:36:36.436 +0800,false
"36 Points #05",f4cf4ad5-b654-48d3-8ea0-85ec65eb17fa,software,2,2023-09-18 16:13:12.298 +0800,previews/f4cf4ad5-b654-48d3-8ea0-85ec65eb17fa/1645051944/?edition_number=0&blockchain=bitmark,ipfs://QmTVeCogwjiQaRFWgQZBoS9ksM3G36fhHtMk59Yeshgjkf?edition_number=0&blockchain=bitmark,2022-02-17 06:52:24.000 +0800,2023-03-20 12:31:05.193 +0800,2023-03-20 12:31:05.193 +0800,false
"36 Points #05",f4cf4ad5-b654-48d3-8ea0-85ec65eb17fa,software,2,2023-09-18 16:13:12.298 +0800,previews/f4cf4ad5-b654-48d3-8ea0-85ec65eb17fa/1645051944/,ipfs://QmTVeCogwjiQaRFWgQZBoS9ksM3G36fhHtMk59Yeshgjkf,2022-02-17 06:52:24.000 +0800,2023-03-20 12:29:04.202 +0800,2023-03-20 12:29:04.202 +0800,false
"36 Points #05",f4cf4ad5-b654-48d3-8ea0-85ec65eb17fa,software,2,2023-09-18 16:13:12.298 +0800,previews/f4cf4ad5-b654-48d3-8ea0-85ec65eb17fa/1725623734/index.html,ipfs://QmemE8HcJdCGeuMENiT3qGRNJLSZ5neD4i9HVPoA4uChrw,2024-09-06 19:55:34.000 +0800,2024-09-10 12:02:56.881 +0800,2024-09-10 12:02:56.881 +0800,true
"36 Points #06",e5437c4c-e32c-40e4-9b0a-074db2d11a6a,software,2,2023-09-18 16:13:24.725 +0800,previews/e5437c4c-e32c-40e4-9b0a-074db2d11a6a/1645051952/?edition_number=1&blockchain=bitmark,ipfs://QmeU2nTUejhU8uxBH1GmWL4bFTyydnro1SsCDkYH5oYcMH?edition_number=1&blockchain=bitmark,2022-02-17 06:52:32.000 +0800,2023-03-20 12:31:18.411 +0800,2023-03-20 12:31:18.411 +0800,false
"36 Points #06",e5437c4c-e32c-40e4-9b0a-074db2d11a6a,software,2,2023-09-18 16:13:24.725 +0800,previews/e5437c4c-e32c-40e4-9b0a-074db2d11a6a/1645051952/,ipfs://QmeU2nTUejhU8uxBH1GmWL4bFTyydnro1SsCDkYH5oYcMH,2022-02-17 06:52:32.000 +0800,2023-03-20 12:28:56.347 +0800,2023-03-20 12:28:56.347 +0800,false
"36 Points #06",e5437c4c-e32c-40e4-9b0a-074db2d11a6a,software,2,2023-09-18 16:13:24.725 +0800,previews/e5437c4c-e32c-40e4-9b0a-074db2d11a6a/1645051952/index.html,ipfs://QmbqVNE46wJeNMcZbJbux15NhkHHGhC7vr8k1SeUvKB7y6,2022-02-17 06:52:32.000 +0800,2023-02-02 16:36:41.802 +0800,2023-02-02 16:36:41.802 +0800,false
"36 Points #06",e5437c4c-e32c-40e4-9b0a-074db2d11a6a,software,2,2023-09-18 16:13:24.725 +0800,previews/e5437c4c-e32c-40e4-9b0a-074db2d11a6a/1645051952/?edition_number=0&blockchain=bitmark,ipfs://QmeU2nTUejhU8uxBH1GmWL4bFTyydnro1SsCDkYH5oYcMH?edition_number=0&blockchain=bitmark,2022-02-17 06:52:32.000 +0800,2023-03-20 12:28:55.847 +0800,2023-03-20 12:28:55.847 +0800,false
"36 Points #06",e5437c4c-e32c-40e4-9b0a-074db2d11a6a,software,2,2023-09-18 16:13:24.725 +0800,previews/e5437c4c-e32c-40e4-9b0a-074db2d11a6a/1725623770/index.html,ipfs://QmP3P77QmqWf2GyunAQPqJRw3bgQJAaif1Fa6KQRdYwKp9,2024-09-06 19:56:10.000 +0800,2024-09-10 12:02:55.514 +0800,2024-09-10 12:02:55.514 +0800,true
"36 Points #07",c32b4f0b-d3dc-43b8-bce2-011b82e57c97,software,2,2023-09-18 16:13:25.284 +0800,previews/c32b4f0b-d3dc-43b8-bce2-011b82e57c97/1645051958/index.html,ipfs://QmUedz2LAPvmSQe8cFYfQUYT3HZaN24M4PRanTQiCM1hKY,2022-02-17 06:52:38.000 +0800,2023-02-02 16:36:45.481 +0800,2023-02-02 16:36:45.481 +0800,false
"36 Points #07",c32b4f0b-d3dc-43b8-bce2-011b82e57c97,software,2,2023-09-18 16:13:25.284 +0800,previews/c32b4f0b-d3dc-43b8-bce2-011b82e57c97/1645051958/?edition_number=1&blockchain=bitmark,ipfs://QmST4E2pJTgpAY13PqN96xafUFPLBekaPKPjhkkrCet2MP?edition_number=1&blockchain=bitmark,2022-02-17 06:52:38.000 +0800,2023-03-20 12:30:15.078 +0800,2023-03-20 12:30:15.078 +0800,false
"36 Points #07",c32b4f0b-d3dc-43b8-bce2-011b82e57c97,software,2,2023-09-18 16:13:25.284 +0800,previews/c32b4f0b-d3dc-43b8-bce2-011b82e57c97/1645051958/,ipfs://QmST4E2pJTgpAY13PqN96xafUFPLBekaPKPjhkkrCet2MP,2022-02-17 06:52:38.000 +0800,2023-03-20 12:30:11.337 +0800,2023-03-20 12:30:11.337 +0800,false
"36 Points #07",c32b4f0b-d3dc-43b8-bce2-011b82e57c97,software,2,2023-09-18 16:13:25.284 +0800,previews/c32b4f0b-d3dc-43b8-bce2-011b82e57c97/1645051958/?edition_number=0&blockchain=bitmark,ipfs://QmST4E2pJTgpAY13PqN96xafUFPLBekaPKPjhkkrCet2MP?edition_number=0&blockchain=bitmark,2022-02-17 06:52:38.000 +0800,2023-03-20 12:30:11.237 +0800,2023-03-20 12:30:11.237 +0800,false
"36 Points #07",c32b4f0b-d3dc-43b8-bce2-011b82e57c97,software,2,2023-09-18 16:13:25.284 +0800,previews/c32b4f0b-d3dc-43b8-bce2-011b82e57c97/1725623799/index.html,ipfs://QmWFTJUsZo2MJQkowiciTM2h3WRxeCD9b7dzrd1CAW9eEC,2024-09-06 19:56:39.000 +0800,2024-09-10 12:02:53.085 +0800,2024-09-10 12:02:53.085 +0800,true
"36 Points #08","2dbd7ac7-afe2-43fd-a83c-2156406c158e",software,2,2023-09-18 16:13:12.862 +0800,previews/2dbd7ac7-afe2-43fd-a83c-2156406c158e/1645051966/?edition_number=0&blockchain=bitmark,ipfs://QmRMc723hH1Kf3D2wxjS8S4BJpyapcu5jV7vQfK95SFGM2?edition_number=0&blockchain=bitmark,2022-02-17 06:52:46.000 +0800,2023-03-20 12:30:01.353 +0800,2023-03-20 12:30:01.353 +0800,false
"36 Points #08","2dbd7ac7-afe2-43fd-a83c-2156406c158e",software,2,2023-09-18 16:13:12.862 +0800,previews/2dbd7ac7-afe2-43fd-a83c-2156406c158e/1645051966/,ipfs://QmRMc723hH1Kf3D2wxjS8S4BJpyapcu5jV7vQfK95SFGM2,2022-02-17 06:52:46.000 +0800,2023-03-20 12:29:45.284 +0800,2023-03-20 12:29:45.284 +0800,false
"36 Points #08","2dbd7ac7-afe2-43fd-a83c-2156406c158e",software,2,2023-09-18 16:13:12.862 +0800,previews/2dbd7ac7-afe2-43fd-a83c-2156406c158e/1645051966/?edition_number=1&blockchain=bitmark,ipfs://QmRMc723hH1Kf3D2wxjS8S4BJpyapcu5jV7vQfK95SFGM2?edition_number=1&blockchain=bitmark,2022-02-17 06:52:46.000 +0800,2023-03-20 12:29:45.225 +0800,2023-03-20 12:29:45.225 +0800,false
"36 Points #08","2dbd7ac7-afe2-43fd-a83c-2156406c158e",software,2,2023-09-18 16:13:12.862 +0800,previews/2dbd7ac7-afe2-43fd-a83c-2156406c158e/1645051966/index.html,ipfs://QmPcUMQ4qqasWaT1yfn1iaLyv5qC8Hshy6fkvA8Quw9W68,2022-02-17 06:52:46.000 +0800,2023-02-02 16:36:50.774 +0800,2023-02-02 16:36:50.774 +0800,false
"36 Points #08","2dbd7ac7-afe2-43fd-a83c-2156406c158e",software,2,2023-09-18 16:13:12.862 +0800,previews/2dbd7ac7-afe2-43fd-a83c-2156406c158e/1725623822/index.html,ipfs://QmZJPP7KG6jUHgDQ4TpigrQRU6hsbsmzCes97kvvwCAX84,2024-09-06 19:57:02.000 +0800,2024-09-10 12:02:50.698 +0800,2024-09-10 12:02:50.698 +0800,true
"36 Points #09",ff673a40-0bfb-4ac9-b6a3-2d9cc8385463,software,2,2023-09-18 16:13:33.769 +0800,previews/ff673a40-0bfb-4ac9-b6a3-2d9cc8385463/1645051975/index.html,ipfs://QmcXP4Vx9comrBiSSYsYdrqzGNe3TkyVbndPbLjEN77VDb,2022-02-17 06:52:55.000 +0800,2023-02-02 16:36:56.885 +0800,2023-02-02 16:36:56.885 +0800,false
"36 Points #09",ff673a40-0bfb-4ac9-b6a3-2d9cc8385463,software,2,2023-09-18 16:13:33.769 +0800,previews/ff673a40-0bfb-4ac9-b6a3-2d9cc8385463/1645051975/?edition_number=0&blockchain=bitmark,ipfs://QmTGzcR3A91LxEwuuxLo3T162vfAmaQBfpqfXe4Vg2V89v?edition_number=0&blockchain=bitmark,2022-02-17 06:52:55.000 +0800,2023-03-20 12:30:20.419 +0800,2023-03-20 12:30:20.419 +0800,false
"36 Points #09",ff673a40-0bfb-4ac9-b6a3-2d9cc8385463,software,2,2023-09-18 16:13:33.769 +0800,previews/ff673a40-0bfb-4ac9-b6a3-2d9cc8385463/1645051975/,ipfs://QmTGzcR3A91LxEwuuxLo3T162vfAmaQBfpqfXe4Vg2V89v,2022-02-17 06:52:55.000 +0800,2023-03-20 12:29:50.778 +0800,2023-03-20 12:29:50.778 +0800,false
"36 Points #09",ff673a40-0bfb-4ac9-b6a3-2d9cc8385463,software,2,2023-09-18 16:13:33.769 +0800,previews/ff673a40-0bfb-4ac9-b6a3-2d9cc8385463/1645051975/?edition_number=1&blockchain=bitmark,ipfs://QmTGzcR3A91LxEwuuxLo3T162vfAmaQBfpqfXe4Vg2V89v?edition_number=1&blockchain=bitmark,2022-02-17 06:52:55.000 +0800,2023-03-20 12:29:50.962 +0800,2023-03-20 12:29:50.962 +0800,false
"36 Points #09",ff673a40-0bfb-4ac9-b6a3-2d9cc8385463,software,2,2023-09-18 16:13:33.769 +0800,previews/ff673a40-0bfb-4ac9-b6a3-2d9cc8385463/1725623849/index.html,ipfs://QmVZdzre1YEmrEyzS9GaCrc2yRs5QxQkno6fFqJsc7JH94,2024-09-06 19:57:29.000 +0800,2024-09-10 12:02:50.008 +0800,2024-09-10 12:02:50.008 +0800,true
"36 Points #10","2da1ec21-e476-40df-bc45-fb07573bdfe5",software,2,2023-09-18 16:13:23.792 +0800,previews/2da1ec21-e476-40df-bc45-fb07573bdfe5/1645051981/?edition_number=1&blockchain=bitmark,ipfs://QmNV7qwVtwYuArhKkDUN7gm8YrbsxBRCjeNJqPNmyQ8Je5?edition_number=1&blockchain=bitmark,2022-02-17 06:53:01.000 +0800,2023-03-20 12:30:20.392 +0800,2023-03-20 12:30:20.392 +0800,false
"36 Points #10","2da1ec21-e476-40df-bc45-fb07573bdfe5",software,2,2023-09-18 16:13:23.792 +0800,previews/2da1ec21-e476-40df-bc45-fb07573bdfe5/1645051981/,ipfs://QmNV7qwVtwYuArhKkDUN7gm8YrbsxBRCjeNJqPNmyQ8Je5,2022-02-17 06:53:01.000 +0800,2023-03-20 12:28:31.756 +0800,2023-03-20 12:28:31.756 +0800,false
"36 Points #10","2da1ec21-e476-40df-bc45-fb07573bdfe5",software,2,2023-09-18 16:13:23.792 +0800,previews/2da1ec21-e476-40df-bc45-fb07573bdfe5/1645051981/?edition_number=0&blockchain=bitmark,ipfs://QmNV7qwVtwYuArhKkDUN7gm8YrbsxBRCjeNJqPNmyQ8Je5?edition_number=0&blockchain=bitmark,2022-02-17 06:53:01.000 +0800,2023-03-20 12:28:31.532 +0800,2023-03-20 12:28:31.532 +0800,false
"36 Points #10","2da1ec21-e476-40df-bc45-fb07573bdfe5",software,2,2023-09-18 16:13:23.792 +0800,previews/2da1ec21-e476-40df-bc45-fb07573bdfe5/1645051981/index.html,ipfs://QmUvBPRKjhTqJK5LSGPCZfX9gE4tfRnnAL1nERt2TSErTD,2022-02-17 06:53:01.000 +0800,2023-02-02 16:37:01.746 +0800,2023-02-02 16:37:01.746 +0800,false
"36 Points #10","2da1ec21-e476-40df-bc45-fb07573bdfe5",software,2,2023-09-18 16:13:23.792 +0800,previews/2da1ec21-e476-40df-bc45-fb07573bdfe5/1725623878/index.html,ipfs://QmVTLx9L8dYd1Fjs6AefpVobnjWwYiBim3mdGSAfRMWmP2,2024-09-06 19:57:58.000 +0800,2024-09-10 12:02:48.309 +0800,2024-09-10 12:02:48.309 +0800,true
"36 Points #11","81c8f5d2-9f23-4584-8ee5-f7c975dc7951",software,2,2023-09-18 16:13:11.021 +0800,previews/81c8f5d2-9f23-4584-8ee5-f7c975dc7951/1645052149/,ipfs://QmQPfUR55fxTySm4YN6x1T32Eb6PxZaW8w9opz8dCpoUVX,2022-02-17 06:55:49.000 +0800,2023-03-20 12:30:11.842 +0800,2023-03-20 12:30:11.842 +0800,false
"36 Points #11","81c8f5d2-9f23-4584-8ee5-f7c975dc7951",software,2,2023-09-18 16:13:11.021 +0800,previews/81c8f5d2-9f23-4584-8ee5-f7c975dc7951/1645052149/index.html,ipfs://QmSsTzLih4K2KS9txx7ek7FqL87TgnF4XJ8yrSQmZLHkiP,2022-02-17 06:55:49.000 +0800,2023-02-02 16:38:05.684 +0800,2023-02-02 16:38:05.684 +0800,false
"36 Points #11","81c8f5d2-9f23-4584-8ee5-f7c975dc7951",software,2,2023-09-18 16:13:11.021 +0800,previews/81c8f5d2-9f23-4584-8ee5-f7c975dc7951/1645052149/?edition_number=0&blockchain=bitmark,ipfs://QmQPfUR55fxTySm4YN6x1T32Eb6PxZaW8w9opz8dCpoUVX?edition_number=0&blockchain=bitmark,2022-02-17 06:55:49.000 +0800,2023-03-20 12:30:11.643 +0800,2023-03-20 12:30:11.643 +0800,false
"36 Points #11","81c8f5d2-9f23-4584-8ee5-f7c975dc7951",software,2,2023-09-18 16:13:11.021 +0800,previews/81c8f5d2-9f23-4584-8ee5-f7c975dc7951/1645052149/?edition_number=1&blockchain=bitmark,ipfs://QmQPfUR55fxTySm4YN6x1T32Eb6PxZaW8w9opz8dCpoUVX?edition_number=1&blockchain=bitmark,2022-02-17 06:55:49.000 +0800,2023-03-20 12:30:20.474 +0800,2023-03-20 12:30:20.474 +0800,false
"36 Points #11","81c8f5d2-9f23-4584-8ee5-f7c975dc7951",software,2,2023-09-18 16:13:11.021 +0800,previews/81c8f5d2-9f23-4584-8ee5-f7c975dc7951/1725624011/index.html,ipfs://Qmb6eCG9WyABbuxtD8uMVfzT2Dvapov2UCjrV8JeHHrPKz,2024-09-06 20:00:11.000 +0800,2024-09-10 12:02:47.963 +0800,2024-09-10 12:02:47.963 +0800,true
"36 Points #12","94c4b51e-3c29-4568-9545-0556b290e14b",software,2,2023-09-18 16:13:33.170 +0800,previews/94c4b51e-3c29-4568-9545-0556b290e14b/1645052153/?edition_number=1&blockchain=bitmark,ipfs://QmNt5uUtP2muR1cnfdzU2DsM183sWyBQQmNMWrWc9ERanV?edition_number=1&blockchain=bitmark,2022-02-17 06:55:53.000 +0800,2023-03-20 12:28:31.155 +0800,2023-03-20 12:28:31.155 +0800,false
"36 Points #12","94c4b51e-3c29-4568-9545-0556b290e14b",software,2,2023-09-18 16:13:33.170 +0800,previews/94c4b51e-3c29-4568-9545-0556b290e14b/1645052153/index.html,ipfs://QmWEynJpAvNQqczfWFMG5NAS8oyf4iK9jiUjhfg2JfH79W,2022-02-17 06:55:53.000 +0800,2023-02-02 16:38:10.712 +0800,2023-02-02 16:38:10.712 +0800,false
"36 Points #12","94c4b51e-3c29-4568-9545-0556b290e14b",software,2,2023-09-18 16:13:33.170 +0800,previews/94c4b51e-3c29-4568-9545-0556b290e14b/1645052153/?edition_number=0&blockchain=bitmark,ipfs://QmNt5uUtP2muR1cnfdzU2DsM183sWyBQQmNMWrWc9ERanV?edition_number=0&blockchain=bitmark,2022-02-17 06:55:53.000 +0800,2023-03-20 12:31:33.246 +0800,2023-03-20 12:31:33.246 +0800,false
"36 Points #12","94c4b51e-3c29-4568-9545-0556b290e14b",software,2,2023-09-18 16:13:33.170 +0800,previews/94c4b51e-3c29-4568-9545-0556b290e14b/1645052153/,ipfs://QmNt5uUtP2muR1cnfdzU2DsM183sWyBQQmNMWrWc9ERanV,2022-02-17 06:55:53.000 +0800,2023-03-20 12:28:30.758 +0800,2023-03-20 12:28:30.758 +0800,false
"36 Points #12","94c4b51e-3c29-4568-9545-0556b290e14b",software,2,2023-09-18 16:13:33.170 +0800,previews/94c4b51e-3c29-4568-9545-0556b290e14b/1725624039/index.html,ipfs://QmeasLSgQaDMEctFiQKN7f9AhgkADZbmWUexWjCWL49iFT,2024-09-06 20:00:39.000 +0800,2024-09-10 12:02:46.475 +0800,2024-09-10 12:02:46.475 +0800,true
"36 Points #13",cddc55e9-15b1-453e-9f5f-359171be96b5,software,2,2023-09-18 16:13:22.604 +0800,previews/cddc55e9-15b1-453e-9f5f-359171be96b5/1645052159/index.html,ipfs://QmX3pxqqF3UnKnrnY1YWfh5JQ2nb6C3qUizam6jEZV8j7H,2022-02-17 06:55:59.000 +0800,2023-02-02 16:38:15.729 +0800,2023-02-02 16:38:15.729 +0800,false
"36 Points #13",cddc55e9-15b1-453e-9f5f-359171be96b5,software,2,2023-09-18 16:13:22.604 +0800,previews/cddc55e9-15b1-453e-9f5f-359171be96b5/1645052159/?edition_number=1&blockchain=bitmark,ipfs://QmSyALSiJi51t9DHdAYeuZnobtHJPzQPjX8Gz8P3Ysx8qb?edition_number=1&blockchain=bitmark,2022-02-17 06:55:59.000 +0800,2023-03-20 12:31:33.265 +0800,2023-03-20 12:31:33.265 +0800,false
"36 Points #13",cddc55e9-15b1-453e-9f5f-359171be96b5,software,2,2023-09-18 16:13:22.604 +0800,previews/cddc55e9-15b1-453e-9f5f-359171be96b5/1645052159/,ipfs://QmSyALSiJi51t9DHdAYeuZnobtHJPzQPjX8Gz8P3Ysx8qb,2022-02-17 06:55:59.000 +0800,2023-03-20 12:30:06.660 +0800,2023-03-20 12:30:06.660 +0800,false
"36 Points #13",cddc55e9-15b1-453e-9f5f-359171be96b5,software,2,2023-09-18 16:13:22.604 +0800,previews/cddc55e9-15b1-453e-9f5f-359171be96b5/1645052159/?edition_number=0&blockchain=bitmark,ipfs://QmSyALSiJi51t9DHdAYeuZnobtHJPzQPjX8Gz8P3Ysx8qb?edition_number=0&blockchain=bitmark,2022-02-17 06:55:59.000 +0800,2023-03-20 12:30:06.773 +0800,2023-03-20 12:30:06.773 +0800,false
"36 Points #13",cddc55e9-15b1-453e-9f5f-359171be96b5,software,2,2023-09-18 16:13:22.604 +0800,previews/cddc55e9-15b1-453e-9f5f-359171be96b5/1725624066/index.html,ipfs://QmVgRSW4RhUUr4u2x5Ao67Pw4MrmY6bvdMpEZXyc5r4TLm,2024-09-06 20:01:06.000 +0800,2024-09-10 12:02:45.601 +0800,2024-09-10 12:02:45.601 +0800,true
"36 Points #14",e496c840-27ce-4988-80a3-e99cd123d107,software,2,2023-09-18 16:13:21.500 +0800,previews/e496c840-27ce-4988-80a3-e99cd123d107/1645052173/,ipfs://QmVUm73nzJesZ3orjXAzHWnCrsSUhPcTScotDCAhSfQuWF,2022-02-17 06:56:13.000 +0800,2023-03-20 12:28:27.007 +0800,2023-03-20 12:28:27.007 +0800,false
"36 Points #14",e496c840-27ce-4988-80a3-e99cd123d107,software,2,2023-09-18 16:13:21.500 +0800,previews/e496c840-27ce-4988-80a3-e99cd123d107/1645052173/?edition_number=0&blockchain=bitmark,ipfs://QmVUm73nzJesZ3orjXAzHWnCrsSUhPcTScotDCAhSfQuWF?edition_number=0&blockchain=bitmark,2022-02-17 06:56:13.000 +0800,2023-03-20 12:28:32.001 +0800,2023-03-20 12:28:32.001 +0800,false
"36 Points #14",e496c840-27ce-4988-80a3-e99cd123d107,software,2,2023-09-18 16:13:21.500 +0800,previews/e496c840-27ce-4988-80a3-e99cd123d107/1645052173/index.html,ipfs://QmSgDm4w2xbyDC8t5foCaDpsZ6SRyzcJQXhQnYgRQHLtBr,2022-02-17 06:56:13.000 +0800,2023-02-02 16:38:20.163 +0800,2023-02-02 16:38:20.163 +0800,false
"36 Points #14",e496c840-27ce-4988-80a3-e99cd123d107,software,2,2023-09-18 16:13:21.500 +0800,previews/e496c840-27ce-4988-80a3-e99cd123d107/1645052173/?edition_number=1&blockchain=bitmark,ipfs://QmVUm73nzJesZ3orjXAzHWnCrsSUhPcTScotDCAhSfQuWF?edition_number=1&blockchain=bitmark,2022-02-17 06:56:13.000 +0800,2023-03-20 12:28:26.945 +0800,2023-03-20 12:28:26.945 +0800,false
"36 Points #14",e496c840-27ce-4988-80a3-e99cd123d107,software,2,2023-09-18 16:13:21.500 +0800,previews/e496c840-27ce-4988-80a3-e99cd123d107/1725624091/index.html,ipfs://QmTAz2gwTQEBHuUDPwe5HSX25yQczSqcEQDL1nhf3AVimY,2024-09-06 20:01:31.000 +0800,2024-09-10 12:02:44.335 +0800,2024-09-10 12:02:44.335 +0800,true
"36 Points #15","7ad28960-94f5-465f-b586-9d7834da476b",software,2,2023-09-18 16:13:31.867 +0800,previews/7ad28960-94f5-465f-b586-9d7834da476b/1645052183/?edition_number=0&blockchain=bitmark,ipfs://QmfEBZw1Y1HFqTJbY1hfeTJRNaDkVUYHM8qkm1BBv6xgJG?edition_number=0&blockchain=bitmark,2022-02-17 06:56:23.000 +0800,2023-03-20 12:29:24.487 +0800,2023-03-20 12:29:24.487 +0800,false
"36 Points #15","7ad28960-94f5-465f-b586-9d7834da476b",software,2,2023-09-18 16:13:31.867 +0800,previews/7ad28960-94f5-465f-b586-9d7834da476b/1645052183/,ipfs://QmfEBZw1Y1HFqTJbY1hfeTJRNaDkVUYHM8qkm1BBv6xgJG,2022-02-17 06:56:23.000 +0800,2023-03-20 12:28:28.052 +0800,2023-03-20 12:28:28.052 +0800,false
"36 Points #15","7ad28960-94f5-465f-b586-9d7834da476b",software,2,2023-09-18 16:13:31.867 +0800,previews/7ad28960-94f5-465f-b586-9d7834da476b/1645052183/?edition_number=1&blockchain=bitmark,ipfs://QmfEBZw1Y1HFqTJbY1hfeTJRNaDkVUYHM8qkm1BBv6xgJG?edition_number=1&blockchain=bitmark,2022-02-17 06:56:23.000 +0800,2023-03-20 12:28:27.991 +0800,2023-03-20 12:28:27.991 +0800,false
"36 Points #15","7ad28960-94f5-465f-b586-9d7834da476b",software,2,2023-09-18 16:13:31.867 +0800,previews/7ad28960-94f5-465f-b586-9d7834da476b/1645052183/index.html,ipfs://QmeNHhWycBrP84j7eZqLs9pRFShJPFdH6WBtrToDuHN9V6,2022-02-17 06:56:23.000 +0800,2023-02-02 16:38:25.229 +0800,2023-02-02 16:38:25.229 +0800,false
"36 Points #15","7ad28960-94f5-465f-b586-9d7834da476b",software,2,2023-09-18 16:13:31.867 +0800,previews/7ad28960-94f5-465f-b586-9d7834da476b/1725624110/index.html,ipfs://QmVXfU2RMwUknHJVCVQii5Vre88zSDXC1MW4nBAJGYMudP,2024-09-06 20:01:50.000 +0800,2024-09-10 12:02:43.813 +0800,2024-09-10 12:02:43.813 +0800,true
"36 Points #16","193dc737-9fe3-4f98-8714-c484cb4ce3e8",software,2,2023-09-18 16:13:22.056 +0800,previews/193dc737-9fe3-4f98-8714-c484cb4ce3e8/1645052193/index.html,ipfs://QmcBJxsMLpQi4v4tRovebUzH9DJxLYdD65KXR8WLZi8N6v,2022-02-17 06:56:33.000 +0800,2023-02-02 16:38:30.311 +0800,2023-02-02 16:38:30.311 +0800,false
"36 Points #16","193dc737-9fe3-4f98-8714-c484cb4ce3e8",software,2,2023-09-18 16:13:22.056 +0800,previews/193dc737-9fe3-4f98-8714-c484cb4ce3e8/1645052193/,ipfs://QmTAoTdALg2FT9dXsZ2Qwr25uGja1rzJp9oBoVfFKoTeFg,2022-02-17 06:56:33.000 +0800,2023-03-20 12:29:13.824 +0800,2023-03-20 12:29:13.824 +0800,false
"36 Points #16","193dc737-9fe3-4f98-8714-c484cb4ce3e8",software,2,2023-09-18 16:13:22.056 +0800,previews/193dc737-9fe3-4f98-8714-c484cb4ce3e8/1645052193/?edition_number=0&blockchain=bitmark,ipfs://QmTAoTdALg2FT9dXsZ2Qwr25uGja1rzJp9oBoVfFKoTeFg?edition_number=0&blockchain=bitmark,2022-02-17 06:56:33.000 +0800,2023-03-20 12:29:13.741 +0800,2023-03-20 12:29:13.741 +0800,false
"36 Points #16","193dc737-9fe3-4f98-8714-c484cb4ce3e8",software,2,2023-09-18 16:13:22.056 +0800,previews/193dc737-9fe3-4f98-8714-c484cb4ce3e8/1645052193/?edition_number=1&blockchain=bitmark,ipfs://QmTAoTdALg2FT9dXsZ2Qwr25uGja1rzJp9oBoVfFKoTeFg?edition_number=1&blockchain=bitmark,2022-02-17 06:56:33.000 +0800,2023-03-20 12:29:45.346 +0800,2023-03-20 12:29:45.346 +0800,false
"36 Points #16","193dc737-9fe3-4f98-8714-c484cb4ce3e8",software,2,2023-09-18 16:13:22.056 +0800,previews/193dc737-9fe3-4f98-8714-c484cb4ce3e8/1725624129/index.html,ipfs://QmRqgQevsfmnUwq4XD5uRSLM2U9HYgKERvXaa1fc4TNH4L,2024-09-06 20:02:09.000 +0800,2024-09-10 12:02:42.881 +0800,2024-09-10 12:02:42.881 +0800,true
"36 Points #17","0f7a9421-44df-4d9c-a0d0-f850e4fdd43f",software,2,2023-09-18 16:13:19.567 +0800,previews/0f7a9421-44df-4d9c-a0d0-f850e4fdd43f/1645052198/?edition_number=0&blockchain=bitmark,ipfs://QmXAcR7cy48BMNzcwPLKH2a81fxyBdmnWkKcbqRFthY7Eb?edition_number=0&blockchain=bitmark,2022-02-17 06:56:38.000 +0800,2023-03-20 12:28:31.877 +0800,2023-03-20 12:28:31.877 +0800,false
"36 Points #17","0f7a9421-44df-4d9c-a0d0-f850e4fdd43f",software,2,2023-09-18 16:13:19.567 +0800,previews/0f7a9421-44df-4d9c-a0d0-f850e4fdd43f/1645052198/?edition_number=1&blockchain=bitmark,ipfs://QmXAcR7cy48BMNzcwPLKH2a81fxyBdmnWkKcbqRFthY7Eb?edition_number=1&blockchain=bitmark,2022-02-17 06:56:38.000 +0800,2023-03-20 12:28:41.525 +0800,2023-03-20 12:28:41.525 +0800,false
"36 Points #17","0f7a9421-44df-4d9c-a0d0-f850e4fdd43f",software,2,2023-09-18 16:13:19.567 +0800,previews/0f7a9421-44df-4d9c-a0d0-f850e4fdd43f/1645052198/,ipfs://QmXAcR7cy48BMNzcwPLKH2a81fxyBdmnWkKcbqRFthY7Eb,2022-02-17 06:56:38.000 +0800,2023-03-20 12:28:31.996 +0800,2023-03-20 12:28:31.996 +0800,false
"36 Points #17","0f7a9421-44df-4d9c-a0d0-f850e4fdd43f",software,2,2023-09-18 16:13:19.567 +0800,previews/0f7a9421-44df-4d9c-a0d0-f850e4fdd43f/1645052198/index.html,ipfs://QmRoxm5GKXDNVRjCUhTfEMimoQn4LDcEzxofo297LECQZG,2022-02-17 06:56:38.000 +0800,2023-02-02 16:38:35.813 +0800,2023-02-02 16:38:35.813 +0800,false
"36 Points #17","0f7a9421-44df-4d9c-a0d0-f850e4fdd43f",software,2,2023-09-18 16:13:19.567 +0800,previews/0f7a9421-44df-4d9c-a0d0-f850e4fdd43f/1725624153/index.html,ipfs://QmTEpP7wTBANsYRgrzSeaA6Jqu6eDZxpF7Lh9QwzoUwfuy,2024-09-06 20:02:33.000 +0800,2024-09-10 12:02:43.068 +0800,2024-09-10 12:02:43.068 +0800,true
"36 Points #18","05c97416-7379-4d26-a61d-61277b939d3f",software,2,2023-09-18 16:13:30.648 +0800,previews/05c97416-7379-4d26-a61d-61277b939d3f/1645052203/index.html,ipfs://QmS6vwDnE3SXXXTUpSkPpyxMuVpy9ePp5hMuXZW2ZD4cbD,2022-02-17 06:56:43.000 +0800,2023-02-02 16:38:39.968 +0800,2023-02-02 16:38:39.968 +0800,false
"36 Points #18","05c97416-7379-4d26-a61d-61277b939d3f",software,2,2023-09-18 16:13:30.648 +0800,previews/05c97416-7379-4d26-a61d-61277b939d3f/1645052203/?edition_number=1&blockchain=bitmark,ipfs://QmTjtH6dWRqBwZ7AqHxATbK6qZy5sEtyPNE68qwg7PTjPS?edition_number=1&blockchain=bitmark,2022-02-17 06:56:43.000 +0800,2023-03-20 12:30:07.216 +0800,2023-03-20 12:30:07.216 +0800,false
"36 Points #18","05c97416-7379-4d26-a61d-61277b939d3f",software,2,2023-09-18 16:13:30.648 +0800,previews/05c97416-7379-4d26-a61d-61277b939d3f/1645052203/,ipfs://QmTjtH6dWRqBwZ7AqHxATbK6qZy5sEtyPNE68qwg7PTjPS,2022-02-17 06:56:43.000 +0800,2023-03-20 12:30:07.031 +0800,2023-03-20 12:30:07.031 +0800,false
"36 Points #18","05c97416-7379-4d26-a61d-61277b939d3f",software,2,2023-09-18 16:13:30.648 +0800,previews/05c97416-7379-4d26-a61d-61277b939d3f/1645052203/?edition_number=0&blockchain=bitmark,ipfs://QmTjtH6dWRqBwZ7AqHxATbK6qZy5sEtyPNE68qwg7PTjPS?edition_number=0&blockchain=bitmark,2022-02-17 06:56:43.000 +0800,2023-03-20 12:30:31.090 +0800,2023-03-20 12:30:31.090 +0800,false
"36 Points #18","05c97416-7379-4d26-a61d-61277b939d3f",software,2,2023-09-18 16:13:30.648 +0800,previews/05c97416-7379-4d26-a61d-61277b939d3f/1725624172/index.html,ipfs://QmVAoqr2VS35DsNk2qqks84zTr9BggPmfX1hDp7haHFNgD,2024-09-06 20:02:52.000 +0800,2024-09-10 12:02:39.052 +0800,2024-09-10 12:02:39.052 +0800,true
"36 Points #19","102f320e-2315-49a5-b0d9-bb96da1bf820",software,2,2023-09-18 16:13:28.851 +0800,previews/102f320e-2315-49a5-b0d9-bb96da1bf820/1645052208/?edition_number=0&blockchain=bitmark,ipfs://QmPUS3JmLrKdiPt7GikWB2Vzr5dexXqFZmy8DGwwADq89S?edition_number=0&blockchain=bitmark,2022-02-17 06:56:48.000 +0800,2023-03-20 12:29:39.771 +0800,2023-03-20 12:29:39.771 +0800,false
"36 Points #19","102f320e-2315-49a5-b0d9-bb96da1bf820",software,2,2023-09-18 16:13:28.851 +0800,previews/102f320e-2315-49a5-b0d9-bb96da1bf820/1645052208/,ipfs://QmPUS3JmLrKdiPt7GikWB2Vzr5dexXqFZmy8DGwwADq89S,2022-02-17 06:56:48.000 +0800,2023-03-20 12:28:27.901 +0800,2023-03-20 12:28:27.901 +0800,false
"36 Points #19","102f320e-2315-49a5-b0d9-bb96da1bf820",software,2,2023-09-18 16:13:28.851 +0800,previews/102f320e-2315-49a5-b0d9-bb96da1bf820/1645052208/index.html,ipfs://QmTdixHZTvdCqFzBoZzE95WDRNQjgTKKov12nmCKycsWAk,2022-02-17 06:56:48.000 +0800,2023-02-02 16:38:44.625 +0800,2023-02-02 16:38:44.625 +0800,false
"36 Points #19","102f320e-2315-49a5-b0d9-bb96da1bf820",software,2,2023-09-18 16:13:28.851 +0800,previews/102f320e-2315-49a5-b0d9-bb96da1bf820/1645052208/?edition_number=1&blockchain=bitmark,ipfs://QmPUS3JmLrKdiPt7GikWB2Vzr5dexXqFZmy8DGwwADq89S?edition_number=1&blockchain=bitmark,2022-02-17 06:56:48.000 +0800,2023-03-20 12:28:27.809 +0800,2023-03-20 12:28:27.809 +0800,false
"36 Points #19","102f320e-2315-49a5-b0d9-bb96da1bf820",software,2,2023-09-18 16:13:28.851 +0800,previews/102f320e-2315-49a5-b0d9-bb96da1bf820/1725624195/index.html,ipfs://QmT6fa9vVjwkfd5ncCaNq29ona4TTwPprcNvxeEvo4fp7R,2024-09-06 20:03:15.000 +0800,2024-09-10 12:02:38.561 +0800,2024-09-10 12:02:38.561 +0800,true
"36 Points #20",e15a896b-84f6-442d-be9e-3faeb088bfb0,software,2,2023-09-18 16:13:30.026 +0800,previews/e15a896b-84f6-442d-be9e-3faeb088bfb0/1645052214/?edition_number=0&blockchain=bitmark,ipfs://QmcvMZfobyBd6D8qoa8w7xchfVoKD8jePE4qDmFrC5u8rQ?edition_number=0&blockchain=bitmark,2022-02-17 06:56:54.000 +0800,2023-03-20 12:29:40.286 +0800,2023-03-20 12:29:40.286 +0800,false
"36 Points #20",e15a896b-84f6-442d-be9e-3faeb088bfb0,software,2,2023-09-18 16:13:30.026 +0800,previews/e15a896b-84f6-442d-be9e-3faeb088bfb0/1645052214/,ipfs://QmcvMZfobyBd6D8qoa8w7xchfVoKD8jePE4qDmFrC5u8rQ,2022-02-17 06:56:54.000 +0800,2023-03-20 12:29:40.467 +0800,2023-03-20 12:29:40.467 +0800,false
"36 Points #20",e15a896b-84f6-442d-be9e-3faeb088bfb0,software,2,2023-09-18 16:13:30.026 +0800,previews/e15a896b-84f6-442d-be9e-3faeb088bfb0/1645052214/?edition_number=1&blockchain=bitmark,ipfs://QmcvMZfobyBd6D8qoa8w7xchfVoKD8jePE4qDmFrC5u8rQ?edition_number=1&blockchain=bitmark,2022-02-17 06:56:54.000 +0800,2023-03-20 12:30:20.272 +0800,2023-03-20 12:30:20.272 +0800,false
"36 Points #20",e15a896b-84f6-442d-be9e-3faeb088bfb0,software,2,2023-09-18 16:13:30.026 +0800,previews/e15a896b-84f6-442d-be9e-3faeb088bfb0/1645052214/index.html,ipfs://Qmb6yLry4zNyWbujQGe5RTcwYf1hiZJXwb3daNs4d2QqrQ,2022-02-17 06:56:54.000 +0800,2023-02-02 16:38:49.438 +0800,2023-02-02 16:38:49.438 +0800,false
"36 Points #20",e15a896b-84f6-442d-be9e-3faeb088bfb0,software,2,2023-09-18 16:13:30.026 +0800,previews/e15a896b-84f6-442d-be9e-3faeb088bfb0/1725624214/index.html,ipfs://Qmeg64MmpGdNn1CEhcATuua49vKqtjcuTFMkyFZfvgz6cF,2024-09-06 20:03:34.000 +0800,2024-09-10 12:02:37.352 +0800,2024-09-10 12:02:37.352 +0800,true
"36 Points #21","669bc223-2deb-48f3-b5ba-e44d086bee6c",software,2,2023-09-18 16:13:26.443 +0800,previews/669bc223-2deb-48f3-b5ba-e44d086bee6c/1645052223/index.html,ipfs://QmZrkbK5Sxy4AoNjomm8kShrKzrvbrj15Gkrr3dXCd3PuA,2022-02-17 06:57:03.000 +0800,2023-02-02 16:38:54.376 +0800,2023-02-02 16:38:54.376 +0800,false
"36 Points #21","669bc223-2deb-48f3-b5ba-e44d086bee6c",software,2,2023-09-18 16:13:26.443 +0800,previews/669bc223-2deb-48f3-b5ba-e44d086bee6c/1645052223/?edition_number=1&blockchain=bitmark,ipfs://QmdHJbFU2LifW1VHX2mQBnKCCzTLUrFTTVjB8HJuM2LqmZ?edition_number=1&blockchain=bitmark,2022-02-17 06:57:03.000 +0800,2023-03-20 12:30:46.957 +0800,2023-03-20 12:30:46.957 +0800,false
"36 Points #21","669bc223-2deb-48f3-b5ba-e44d086bee6c",software,2,2023-09-18 16:13:26.443 +0800,previews/669bc223-2deb-48f3-b5ba-e44d086bee6c/1645052223/?edition_number=0&blockchain=bitmark,ipfs://QmdHJbFU2LifW1VHX2mQBnKCCzTLUrFTTVjB8HJuM2LqmZ?edition_number=0&blockchain=bitmark,2022-02-17 06:57:03.000 +0800,2023-03-20 12:29:45.613 +0800,2023-03-20 12:29:45.613 +0800,false
"36 Points #21","669bc223-2deb-48f3-b5ba-e44d086bee6c",software,2,2023-09-18 16:13:26.443 +0800,previews/669bc223-2deb-48f3-b5ba-e44d086bee6c/1645052223/,ipfs://QmdHJbFU2LifW1VHX2mQBnKCCzTLUrFTTVjB8HJuM2LqmZ,2022-02-17 06:57:03.000 +0800,2023-03-20 12:29:45.804 +0800,2023-03-20 12:29:45.804 +0800,false
"36 Points #21","669bc223-2deb-48f3-b5ba-e44d086bee6c",software,2,2023-09-18 16:13:26.443 +0800,previews/669bc223-2deb-48f3-b5ba-e44d086bee6c/1725624238/index.html,ipfs://QmTjtAFXf2ztXfkDKg5UCQVULVdvnVS21wxSdi2ZaNuNPm,2024-09-06 20:03:58.000 +0800,2024-09-10 12:02:36.699 +0800,2024-09-10 12:02:36.699 +0800,true
"36 Points #22","7e2aceea-c9f0-4afc-a4c6-8d37dda61d02",software,2,2023-09-18 16:13:20.705 +0800,previews/7e2aceea-c9f0-4afc-a4c6-8d37dda61d02/1645052230/?edition_number=0&blockchain=bitmark,ipfs://QmWB2MvLrznzMdXNxzxHTUDo7wpuraCHzsLq9t4mZkdZ7U?edition_number=0&blockchain=bitmark,2022-02-17 06:57:10.000 +0800,2023-03-20 12:28:31.873 +0800,2023-03-20 12:28:31.873 +0800,false
"36 Points #22","7e2aceea-c9f0-4afc-a4c6-8d37dda61d02",software,2,2023-09-18 16:13:20.705 +0800,previews/7e2aceea-c9f0-4afc-a4c6-8d37dda61d02/1645052230/?edition_number=1&blockchain=bitmark,ipfs://QmWB2MvLrznzMdXNxzxHTUDo7wpuraCHzsLq9t4mZkdZ7U?edition_number=1&blockchain=bitmark,2022-02-17 06:57:10.000 +0800,2023-03-20 12:30:11.524 +0800,2023-03-20 12:30:11.524 +0800,false
"36 Points #22","7e2aceea-c9f0-4afc-a4c6-8d37dda61d02",software,2,2023-09-18 16:13:20.705 +0800,previews/7e2aceea-c9f0-4afc-a4c6-8d37dda61d02/1645052230/index.html,ipfs://QmQqcwGDr7rTArYyFNq4b6cuVWp2ifrADRQpuNAmn7XcB3,2022-02-17 06:57:10.000 +0800,2023-02-02 16:39:00.519 +0800,2023-02-02 16:39:00.519 +0800,false
"36 Points #22","7e2aceea-c9f0-4afc-a4c6-8d37dda61d02",software,2,2023-09-18 16:13:20.705 +0800,previews/7e2aceea-c9f0-4afc-a4c6-8d37dda61d02/1645052230/,ipfs://QmWB2MvLrznzMdXNxzxHTUDo7wpuraCHzsLq9t4mZkdZ7U,2022-02-17 06:57:10.000 +0800,2023-03-20 12:28:32.008 +0800,2023-03-20 12:28:32.008 +0800,false
"36 Points #22","7e2aceea-c9f0-4afc-a4c6-8d37dda61d02",software,2,2023-09-18 16:13:20.705 +0800,previews/7e2aceea-c9f0-4afc-a4c6-8d37dda61d02/1725624255/index.html,ipfs://QmNUSLzHMbdZgahujMmrjvMSwVdvnwzRiaiwFSaonej2JT,2024-09-06 20:04:15.000 +0800,2024-09-10 12:02:35.864 +0800,2024-09-10 12:02:35.864 +0800,true
"36 Points #23","361076b7-b4f5-4b47-b800-8c1f31100271",software,2,2023-09-18 16:13:29.436 +0800,previews/361076b7-b4f5-4b47-b800-8c1f31100271/1645052237/?edition_number=0&blockchain=bitmark,ipfs://QmcHs7NxRrbWxySYRyzEHsvHbyYHRz1naMVFjvSFKM6rVq?edition_number=0&blockchain=bitmark,2022-02-17 06:57:17.000 +0800,2023-03-20 12:29:39.971 +0800,2023-03-20 12:29:39.971 +0800,false
"36 Points #23","361076b7-b4f5-4b47-b800-8c1f31100271",software,2,2023-09-18 16:13:29.436 +0800,previews/361076b7-b4f5-4b47-b800-8c1f31100271/1645052237/?edition_number=1&blockchain=bitmark,ipfs://QmcHs7NxRrbWxySYRyzEHsvHbyYHRz1naMVFjvSFKM6rVq?edition_number=1&blockchain=bitmark,2022-02-17 06:57:17.000 +0800,2023-03-20 12:28:27.828 +0800,2023-03-20 12:28:27.828 +0800,false
"36 Points #23","361076b7-b4f5-4b47-b800-8c1f31100271",software,2,2023-09-18 16:13:29.436 +0800,previews/361076b7-b4f5-4b47-b800-8c1f31100271/1645052237/index.html,ipfs://QmSjyah2xvKooXYSoMo9xLTbpEqBwGg53JxNi7vLUSozYm,2022-02-17 06:57:17.000 +0800,2023-02-02 16:39:05.767 +0800,2023-02-02 16:39:05.767 +0800,false
"36 Points #23","361076b7-b4f5-4b47-b800-8c1f31100271",software,2,2023-09-18 16:13:29.436 +0800,previews/361076b7-b4f5-4b47-b800-8c1f31100271/1645052237/,ipfs://QmcHs7NxRrbWxySYRyzEHsvHbyYHRz1naMVFjvSFKM6rVq,2022-02-17 06:57:17.000 +0800,2023-03-20 12:28:27.891 +0800,2023-03-20 12:28:27.891 +0800,false
"36 Points #23","361076b7-b4f5-4b47-b800-8c1f31100271",software,2,2023-09-18 16:13:29.436 +0800,previews/361076b7-b4f5-4b47-b800-8c1f31100271/1725624277/index.html,ipfs://QmY5o9VJSaepi8AgiKRYGoTxaQtop2DAgKFtQu7NVQjC9y,2024-09-06 20:04:37.000 +0800,2024-09-10 12:02:35.399 +0800,2024-09-10 12:02:35.399 +0800,true
"36 Points #24",f004b2e2-91bf-4517-8815-faea12a3f062,software,2,2023-09-18 16:13:32.543 +0800,previews/f004b2e2-91bf-4517-8815-faea12a3f062/1645052242/?edition_number=0&blockchain=bitmark,ipfs://QmQi82sFdKRynZ8mivPECRsE5SMNgyaHEABExUfgGN9Mdw?edition_number=0&blockchain=bitmark,2022-02-17 06:57:22.000 +0800,2023-03-20 12:28:27.420 +0800,2023-03-20 12:28:27.420 +0800,false
"36 Points #24",f004b2e2-91bf-4517-8815-faea12a3f062,software,2,2023-09-18 16:13:32.543 +0800,previews/f004b2e2-91bf-4517-8815-faea12a3f062/1645052242/index.html,ipfs://QmVFSiQ2LDpQRmtUYTbWX7eSoTmUXwvZHJFAjJZhrCuhZ9,2022-02-17 06:57:22.000 +0800,2023-02-02 16:39:09.565 +0800,2023-02-02 16:39:09.565 +0800,false
"36 Points #24",f004b2e2-91bf-4517-8815-faea12a3f062,software,2,2023-09-18 16:13:32.543 +0800,previews/f004b2e2-91bf-4517-8815-faea12a3f062/1645052242/?edition_number=1&blockchain=bitmark,ipfs://QmQi82sFdKRynZ8mivPECRsE5SMNgyaHEABExUfgGN9Mdw?edition_number=1&blockchain=bitmark,2022-02-17 06:57:22.000 +0800,2023-03-20 12:30:30.800 +0800,2023-03-20 12:30:30.800 +0800,false
"36 Points #24",f004b2e2-91bf-4517-8815-faea12a3f062,software,2,2023-09-18 16:13:32.543 +0800,previews/f004b2e2-91bf-4517-8815-faea12a3f062/1645052242/,ipfs://QmQi82sFdKRynZ8mivPECRsE5SMNgyaHEABExUfgGN9Mdw,2022-02-17 06:57:22.000 +0800,2023-03-20 12:28:27.527 +0800,2023-03-20 12:28:27.527 +0800,false
"36 Points #24",f004b2e2-91bf-4517-8815-faea12a3f062,software,2,2023-09-18 16:13:32.543 +0800,previews/f004b2e2-91bf-4517-8815-faea12a3f062/1725624305/index.html,ipfs://QmUTZex82CRVAfSvFmHH4bkRSKwkNEDnCvAkPYbp1vTr8H,2024-09-06 20:05:05.000 +0800,2024-09-10 12:02:36.179 +0800,2024-09-10 12:02:36.179 +0800,true
"36 Points #25","7e92539c-65ce-426b-a243-9b043d0defda",software,2,2023-09-18 16:13:23.165 +0800,previews/7e92539c-65ce-426b-a243-9b043d0defda/1645052252/index.html,ipfs://QmVdYhKjeJrA4B2C8kHAiBipKfj9QkzfRjG2zstptGGbMY,2022-02-17 06:57:32.000 +0800,2023-02-02 16:39:12.714 +0800,2023-02-02 16:39:12.714 +0800,false
"36 Points #25","7e92539c-65ce-426b-a243-9b043d0defda",software,2,2023-09-18 16:13:23.165 +0800,previews/7e92539c-65ce-426b-a243-9b043d0defda/1645052252/?edition_number=0&blockchain=bitmark,ipfs://QmcAR2pEJMPt6nbiQYvufZPPQsR1bqoouTDi5HEk7muTUF?edition_number=0&blockchain=bitmark,2022-02-17 06:57:32.000 +0800,2023-03-20 12:28:27.138 +0800,2023-03-20 12:28:27.138 +0800,false
"36 Points #25","7e92539c-65ce-426b-a243-9b043d0defda",software,2,2023-09-18 16:13:23.165 +0800,previews/7e92539c-65ce-426b-a243-9b043d0defda/1645052252/?edition_number=1&blockchain=bitmark,ipfs://QmcAR2pEJMPt6nbiQYvufZPPQsR1bqoouTDi5HEk7muTUF?edition_number=1&blockchain=bitmark,2022-02-17 06:57:32.000 +0800,2023-03-20 12:31:33.404 +0800,2023-03-20 12:31:33.404 +0800,false
"36 Points #25","7e92539c-65ce-426b-a243-9b043d0defda",software,2,2023-09-18 16:13:23.165 +0800,previews/7e92539c-65ce-426b-a243-9b043d0defda/1645052252/,ipfs://QmcAR2pEJMPt6nbiQYvufZPPQsR1bqoouTDi5HEk7muTUF,2022-02-17 06:57:32.000 +0800,2023-03-20 12:28:27.212 +0800,2023-03-20 12:28:27.212 +0800,false
"36 Points #25","7e92539c-65ce-426b-a243-9b043d0defda",software,2,2023-09-18 16:13:23.165 +0800,previews/7e92539c-65ce-426b-a243-9b043d0defda/1725624330/index.html,ipfs://QmPbxizJTyN7kcTeWbbJZUMv779APp17xX3y3M2i3NVM9M,2024-09-06 20:05:30.000 +0800,2024-09-10 12:02:36.028 +0800,2024-09-10 12:02:36.028 +0800,true
"36 Points #26","9ddfcfcf-2e67-480d-9d3f-feb885acbafb",software,2,2023-09-18 16:13:18.446 +0800,previews/9ddfcfcf-2e67-480d-9d3f-feb885acbafb/1645052257/?edition_number=1&blockchain=bitmark,ipfs://QmTFVLqhPFUNeyoHaHwGd2fZTsdQiyMJcYHPUKEk1rtAjZ?edition_number=1&blockchain=bitmark,2022-02-17 06:57:37.000 +0800,2023-03-20 12:28:27.921 +0800,2023-03-20 12:28:27.921 +0800,false
"36 Points #26","9ddfcfcf-2e67-480d-9d3f-feb885acbafb",software,2,2023-09-18 16:13:18.446 +0800,previews/9ddfcfcf-2e67-480d-9d3f-feb885acbafb/1645052257/index.html,ipfs://Qma3YcgcSL9BdJf7iUHmKVBivgP2cVrVcS5eRCtfQTbUxk,2022-02-17 06:57:37.000 +0800,2023-02-02 16:39:16.583 +0800,2023-02-02 16:39:16.583 +0800,false
"36 Points #26","9ddfcfcf-2e67-480d-9d3f-feb885acbafb",software,2,2023-09-18 16:13:18.446 +0800,previews/9ddfcfcf-2e67-480d-9d3f-feb885acbafb/1645052257/?edition_number=0&blockchain=bitmark,ipfs://QmTFVLqhPFUNeyoHaHwGd2fZTsdQiyMJcYHPUKEk1rtAjZ?edition_number=0&blockchain=bitmark,2022-02-17 06:57:37.000 +0800,2023-03-20 12:30:46.559 +0800,2023-03-20 12:30:46.559 +0800,false
"36 Points #26","9ddfcfcf-2e67-480d-9d3f-feb885acbafb",software,2,2023-09-18 16:13:18.446 +0800,previews/9ddfcfcf-2e67-480d-9d3f-feb885acbafb/1645052257/,ipfs://QmTFVLqhPFUNeyoHaHwGd2fZTsdQiyMJcYHPUKEk1rtAjZ,2022-02-17 06:57:37.000 +0800,2023-03-20 12:28:27.978 +0800,2023-03-20 12:28:27.978 +0800,false
"36 Points #26","9ddfcfcf-2e67-480d-9d3f-feb885acbafb",software,2,2023-09-18 16:13:18.446 +0800,previews/9ddfcfcf-2e67-480d-9d3f-feb885acbafb/1725624348/index.html,ipfs://QmWStpst6kXVgN7wYbcszTdf3mtzCjjXAnwQFgvKpredZN,2024-09-06 20:05:48.000 +0800,2024-09-10 12:02:36.072 +0800,2024-09-10 12:02:36.072 +0800,true
"36 Points #27","500ccc6e-d7ad-443f-a9df-0bf709b3b3c9",software,2,2023-09-18 16:13:20.148 +0800,previews/500ccc6e-d7ad-443f-a9df-0bf709b3b3c9/1645052262/,ipfs://QmZ1ex8bWaAeG3Heu3uf1ASZcyoZd3MDkc4iRJKRnxVLdq,2022-02-17 06:57:42.000 +0800,2023-03-20 12:28:58.177 +0800,2023-03-20 12:28:58.177 +0800,false
"36 Points #27","500ccc6e-d7ad-443f-a9df-0bf709b3b3c9",software,2,2023-09-18 16:13:20.148 +0800,previews/500ccc6e-d7ad-443f-a9df-0bf709b3b3c9/1645052262/?edition_number=1&blockchain=bitmark,ipfs://QmZ1ex8bWaAeG3Heu3uf1ASZcyoZd3MDkc4iRJKRnxVLdq?edition_number=1&blockchain=bitmark,2022-02-17 06:57:42.000 +0800,2023-03-20 12:28:57.887 +0800,2023-03-20 12:28:57.887 +0800,false
"36 Points #27","500ccc6e-d7ad-443f-a9df-0bf709b3b3c9",software,2,2023-09-18 16:13:20.148 +0800,previews/500ccc6e-d7ad-443f-a9df-0bf709b3b3c9/1645052262/index.html,ipfs://QmSAtWr2fQNCzQn1zczaB14GrbZApccH4wUMkjtNWuTChD,2022-02-17 06:57:42.000 +0800,2023-02-02 16:39:20.287 +0800,2023-02-02 16:39:20.287 +0800,false
"36 Points #27","500ccc6e-d7ad-443f-a9df-0bf709b3b3c9",software,2,2023-09-18 16:13:20.148 +0800,previews/500ccc6e-d7ad-443f-a9df-0bf709b3b3c9/1645052262/?edition_number=0&blockchain=bitmark,ipfs://QmZ1ex8bWaAeG3Heu3uf1ASZcyoZd3MDkc4iRJKRnxVLdq?edition_number=0&blockchain=bitmark,2022-02-17 06:57:42.000 +0800,2023-03-20 12:29:24.636 +0800,2023-03-20 12:29:24.636 +0800,false
"36 Points #27","500ccc6e-d7ad-443f-a9df-0bf709b3b3c9",software,2,2023-09-18 16:13:20.148 +0800,previews/500ccc6e-d7ad-443f-a9df-0bf709b3b3c9/1725624373/index.html,ipfs://QmaMbtaZS5CrZdot6BTMZeRu8B3pp3U3fhQCgqc851ySgW,2024-09-06 20:06:13.000 +0800,2024-09-10 12:02:35.472 +0800,2024-09-10 12:02:35.472 +0800,true
"36 Points #28",cb0fc2d2-1e7b-4a39-b518-2be692a52ffc,software,2,2023-09-18 16:13:17.849 +0800,previews/cb0fc2d2-1e7b-4a39-b518-2be692a52ffc/1645052268/,ipfs://QmWnMRKPofCRn8MQ53n6fYwTJSioxgF8tweJ8SbEDT53nw,2022-02-17 06:57:48.000 +0800,2023-03-20 12:28:28.349 +0800,2023-03-20 12:28:28.349 +0800,false
"36 Points #28",cb0fc2d2-1e7b-4a39-b518-2be692a52ffc,software,2,2023-09-18 16:13:17.849 +0800,previews/cb0fc2d2-1e7b-4a39-b518-2be692a52ffc/1645052268/index.html,ipfs://QmagsNsv7DBUUHgv9VrEdmti2VBJMB7E4k773wi1ZjDkRw,2022-02-17 06:57:48.000 +0800,2023-02-02 16:39:26.203 +0800,2023-02-02 16:39:26.203 +0800,false
"36 Points #28",cb0fc2d2-1e7b-4a39-b518-2be692a52ffc,software,2,2023-09-18 16:13:17.849 +0800,previews/cb0fc2d2-1e7b-4a39-b518-2be692a52ffc/1645052268/?edition_number=1&blockchain=bitmark,ipfs://QmWnMRKPofCRn8MQ53n6fYwTJSioxgF8tweJ8SbEDT53nw?edition_number=1&blockchain=bitmark,2022-02-17 06:57:48.000 +0800,2023-03-20 12:28:28.293 +0800,2023-03-20 12:28:28.293 +0800,false
"36 Points #28",cb0fc2d2-1e7b-4a39-b518-2be692a52ffc,software,2,2023-09-18 16:13:17.849 +0800,previews/cb0fc2d2-1e7b-4a39-b518-2be692a52ffc/1645052268/?edition_number=0&blockchain=bitmark,ipfs://QmWnMRKPofCRn8MQ53n6fYwTJSioxgF8tweJ8SbEDT53nw?edition_number=0&blockchain=bitmark,2022-02-17 06:57:48.000 +0800,2023-03-20 12:29:50.189 +0800,2023-03-20 12:29:50.189 +0800,false
"36 Points #28",cb0fc2d2-1e7b-4a39-b518-2be692a52ffc,software,2,2023-09-18 16:13:17.849 +0800,previews/cb0fc2d2-1e7b-4a39-b518-2be692a52ffc/1725624391/index.html,ipfs://QmPEdwCY1yUt2gtrAfVKoTuuNNMfmj6s24r4vMjo99GzqT,2024-09-06 20:06:31.000 +0800,2024-09-10 12:02:35.507 +0800,2024-09-10 12:02:35.507 +0800,true
"36 Points #29",f128ae45-67bf-41f7-bef6-cdb30ec3c02b,software,2,2023-09-18 16:13:25.860 +0800,previews/f128ae45-67bf-41f7-bef6-cdb30ec3c02b/1645052273/?edition_number=1&blockchain=bitmark,ipfs://QmSDdS4CCAb6LAMnBrKg1Akwm7LbohiwVtoJ42CNNoh8jH?edition_number=1&blockchain=bitmark,2022-02-17 06:57:53.000 +0800,2023-03-20 12:30:46.456 +0800,2023-03-20 12:30:46.456 +0800,false
"36 Points #29",f128ae45-67bf-41f7-bef6-cdb30ec3c02b,software,2,2023-09-18 16:13:25.860 +0800,previews/f128ae45-67bf-41f7-bef6-cdb30ec3c02b/1645052273/?edition_number=0&blockchain=bitmark,ipfs://QmSDdS4CCAb6LAMnBrKg1Akwm7LbohiwVtoJ42CNNoh8jH?edition_number=0&blockchain=bitmark,2022-02-17 06:57:53.000 +0800,2023-03-20 12:28:57.772 +0800,2023-03-20 12:28:57.772 +0800,false
"36 Points #29",f128ae45-67bf-41f7-bef6-cdb30ec3c02b,software,2,2023-09-18 16:13:25.860 +0800,previews/f128ae45-67bf-41f7-bef6-cdb30ec3c02b/1645052273/index.html,ipfs://QmV4rfV3A3rBWHkGv9mNQdeeLPRKdA7TowkDqM82SucBrY,2022-02-17 06:57:53.000 +0800,2023-02-02 16:39:32.497 +0800,2023-02-02 16:39:32.497 +0800,false
"36 Points #29",f128ae45-67bf-41f7-bef6-cdb30ec3c02b,software,2,2023-09-18 16:13:25.860 +0800,previews/f128ae45-67bf-41f7-bef6-cdb30ec3c02b/1645052273/,ipfs://QmSDdS4CCAb6LAMnBrKg1Akwm7LbohiwVtoJ42CNNoh8jH,2022-02-17 06:57:53.000 +0800,2023-03-20 12:28:57.681 +0800,2023-03-20 12:28:57.681 +0800,false
"36 Points #29",f128ae45-67bf-41f7-bef6-cdb30ec3c02b,software,2,2023-09-18 16:13:25.860 +0800,previews/f128ae45-67bf-41f7-bef6-cdb30ec3c02b/1725624409/index.html,ipfs://QmcEPsprQUGJBXdDkm6QNnyqYyXyXJ5VBMPhPoff2yBAot,2024-09-06 20:06:49.000 +0800,2024-09-10 12:02:35.394 +0800,2024-09-10 12:02:35.394 +0800,true
"36 Points #30",b0cd5f03-3a5b-4be3-9c58-b05d2b388c5a,software,2,2023-09-18 16:13:13.484 +0800,previews/b0cd5f03-3a5b-4be3-9c58-b05d2b388c5a/1645052279/,ipfs://QmbYQUY7HpRc8uFR3CgFGwd4Vhpg75eJSDzR2EZexjK1Hm,2022-02-17 06:57:59.000 +0800,2023-03-20 12:28:41.971 +0800,2023-03-20 12:28:41.971 +0800,false
"36 Points #30",b0cd5f03-3a5b-4be3-9c58-b05d2b388c5a,software,2,2023-09-18 16:13:13.484 +0800,previews/b0cd5f03-3a5b-4be3-9c58-b05d2b388c5a/1645052279/?edition_number=0&blockchain=bitmark,ipfs://QmbYQUY7HpRc8uFR3CgFGwd4Vhpg75eJSDzR2EZexjK1Hm?edition_number=0&blockchain=bitmark,2022-02-17 06:57:59.000 +0800,2023-03-20 12:29:24.610 +0800,2023-03-20 12:29:24.610 +0800,false
"36 Points #30",b0cd5f03-3a5b-4be3-9c58-b05d2b388c5a,software,2,2023-09-18 16:13:13.484 +0800,previews/b0cd5f03-3a5b-4be3-9c58-b05d2b388c5a/1645052279/?edition_number=1&blockchain=bitmark,ipfs://QmbYQUY7HpRc8uFR3CgFGwd4Vhpg75eJSDzR2EZexjK1Hm?edition_number=1&blockchain=bitmark,2022-02-17 06:57:59.000 +0800,2023-03-20 12:28:41.850 +0800,2023-03-20 12:28:41.850 +0800,false
"36 Points #30",b0cd5f03-3a5b-4be3-9c58-b05d2b388c5a,software,2,2023-09-18 16:13:13.484 +0800,previews/b0cd5f03-3a5b-4be3-9c58-b05d2b388c5a/1645052279/index.html,ipfs://QmeXGhrKWgqB9aVtkN48QcE49ixPM6ri4u6nqWhzaFnbev,2022-02-17 06:57:59.000 +0800,2023-02-02 16:39:36.967 +0800,2023-02-02 16:39:36.967 +0800,false
"36 Points #30",b0cd5f03-3a5b-4be3-9c58-b05d2b388c5a,software,2,2023-09-18 16:13:13.484 +0800,previews/b0cd5f03-3a5b-4be3-9c58-b05d2b388c5a/1725624437/index.html,ipfs://QmbVQP5VJWamENeo8UXTBCxxj34hR37UteJ8Eo8iy21afc,2024-09-06 20:07:17.000 +0800,2024-09-10 12:02:34.354 +0800,2024-09-10 12:02:34.354 +0800,true
"36 Points #31",cf4a1884-2d79-4875-bba1-20206a8a489c,software,2,2023-09-18 16:13:34.372 +0800,previews/cf4a1884-2d79-4875-bba1-20206a8a489c/1645052286/index.html,ipfs://QmSREvvvAc4tfSE7QPGW2NAnh3Lfg2yw5ps2UMUZjKeV5G,2022-02-17 06:58:06.000 +0800,2023-02-02 16:39:42.012 +0800,2023-02-02 16:39:42.012 +0800,false
"36 Points #31",cf4a1884-2d79-4875-bba1-20206a8a489c,software,2,2023-09-18 16:13:34.372 +0800,previews/cf4a1884-2d79-4875-bba1-20206a8a489c/1645052286/?edition_number=1&blockchain=bitmark,ipfs://QmQsBj465EeAUeXrPUhBrWvDJ9ZGcYRbQ6w7TTc4eH7hGL?edition_number=1&blockchain=bitmark,2022-02-17 06:58:06.000 +0800,2023-03-20 12:30:20.300 +0800,2023-03-20 12:30:20.300 +0800,false
"36 Points #31",cf4a1884-2d79-4875-bba1-20206a8a489c,software,2,2023-09-18 16:13:34.372 +0800,previews/cf4a1884-2d79-4875-bba1-20206a8a489c/1645052286/?edition_number=0&blockchain=bitmark,ipfs://QmQsBj465EeAUeXrPUhBrWvDJ9ZGcYRbQ6w7TTc4eH7hGL?edition_number=0&blockchain=bitmark,2022-02-17 06:58:06.000 +0800,2023-03-20 12:28:29.340 +0800,2023-03-20 12:28:29.340 +0800,false
"36 Points #31",cf4a1884-2d79-4875-bba1-20206a8a489c,software,2,2023-09-18 16:13:34.372 +0800,previews/cf4a1884-2d79-4875-bba1-20206a8a489c/1645052286/,ipfs://QmQsBj465EeAUeXrPUhBrWvDJ9ZGcYRbQ6w7TTc4eH7hGL,2022-02-17 06:58:06.000 +0800,2023-03-20 12:28:29.446 +0800,2023-03-20 12:28:29.446 +0800,false
"36 Points #31",cf4a1884-2d79-4875-bba1-20206a8a489c,software,2,2023-09-18 16:13:34.372 +0800,previews/cf4a1884-2d79-4875-bba1-20206a8a489c/1725624456/index.html,ipfs://QmNnXJWxPfWTmycfdYxZ6huV1Ai7PBt9bHpauSFPQYqnBt,2024-09-06 20:07:36.000 +0800,2024-09-10 12:02:27.074 +0800,2024-09-10 12:02:27.074 +0800,true
"36 Points #32",dc560d90-2d89-45be-a639-ebc3ab496f43,software,2,2023-09-18 16:13:15.952 +0800,previews/dc560d90-2d89-45be-a639-ebc3ab496f43/1645052291/?edition_number=1&blockchain=bitmark,ipfs://QmVhM1ckkQFpMgibzFgvatEoNkChZVLiaCWz5RU2hwfCwu?edition_number=1&blockchain=bitmark,2022-02-17 06:58:11.000 +0800,2023-03-20 12:28:32.664 +0800,2023-03-20 12:28:32.664 +0800,false
"36 Points #32",dc560d90-2d89-45be-a639-ebc3ab496f43,software,2,2023-09-18 16:13:15.952 +0800,previews/dc560d90-2d89-45be-a639-ebc3ab496f43/1645052291/,ipfs://QmVhM1ckkQFpMgibzFgvatEoNkChZVLiaCWz5RU2hwfCwu,2022-02-17 06:58:11.000 +0800,2023-03-20 12:28:32.480 +0800,2023-03-20 12:28:32.480 +0800,false
"36 Points #32",dc560d90-2d89-45be-a639-ebc3ab496f43,software,2,2023-09-18 16:13:15.952 +0800,previews/dc560d90-2d89-45be-a639-ebc3ab496f43/1645052291/index.html,ipfs://QmWGes12wo3u4PuBNAo8KeZ2LkqQ7pgX3wvxCWN2ZMW9tJ,2022-02-17 06:58:11.000 +0800,2023-02-02 16:39:46.939 +0800,2023-02-02 16:39:46.939 +0800,false
"36 Points #32",dc560d90-2d89-45be-a639-ebc3ab496f43,software,2,2023-09-18 16:13:15.952 +0800,previews/dc560d90-2d89-45be-a639-ebc3ab496f43/1645052291/?edition_number=0&blockchain=bitmark,ipfs://QmVhM1ckkQFpMgibzFgvatEoNkChZVLiaCWz5RU2hwfCwu?edition_number=0&blockchain=bitmark,2022-02-17 06:58:11.000 +0800,2023-03-20 12:30:06.352 +0800,2023-03-20 12:30:06.352 +0800,false
"36 Points #32",dc560d90-2d89-45be-a639-ebc3ab496f43,software,2,2023-09-18 16:13:15.952 +0800,previews/dc560d90-2d89-45be-a639-ebc3ab496f43/1725624479/index.html,ipfs://QmUMsucPA4PieQhbuWjV8DAHpk4SGneYx9Ncw6jGJVpj6Z,2024-09-06 20:07:59.000 +0800,2024-09-10 12:02:25.860 +0800,2024-09-10 12:02:25.860 +0800,true
"36 Points #33",f421b0af-2ebc-4fa3-a9c1-de2ae7662c3e,software,2,2023-09-18 16:13:31.264 +0800,previews/f421b0af-2ebc-4fa3-a9c1-de2ae7662c3e/1645052299/index.html,ipfs://QmNUFzkeZfyxxHq8g2Wd4ayuU5qo1bAmy931vqcxuZ9CaM,2022-02-17 06:58:19.000 +0800,2023-02-02 16:39:51.805 +0800,2023-02-02 16:39:51.805 +0800,false
"36 Points #33",f421b0af-2ebc-4fa3-a9c1-de2ae7662c3e,software,2,2023-09-18 16:13:31.264 +0800,previews/f421b0af-2ebc-4fa3-a9c1-de2ae7662c3e/1645052299/?edition_number=1&blockchain=bitmark,ipfs://QmX4AGZJTyd3MaNtR1Bn2aQWArpaH37bjuhxDhXUtsn3D7?edition_number=1&blockchain=bitmark,2022-02-17 06:58:19.000 +0800,2023-03-20 12:30:01.453 +0800,2023-03-20 12:30:01.453 +0800,false
"36 Points #33",f421b0af-2ebc-4fa3-a9c1-de2ae7662c3e,software,2,2023-09-18 16:13:31.264 +0800,previews/f421b0af-2ebc-4fa3-a9c1-de2ae7662c3e/1645052299/,ipfs://QmX4AGZJTyd3MaNtR1Bn2aQWArpaH37bjuhxDhXUtsn3D7,2022-02-17 06:58:19.000 +0800,2023-03-20 12:29:40.163 +0800,2023-03-20 12:29:40.163 +0800,false
"36 Points #33",f421b0af-2ebc-4fa3-a9c1-de2ae7662c3e,software,2,2023-09-18 16:13:31.264 +0800,previews/f421b0af-2ebc-4fa3-a9c1-de2ae7662c3e/1645052299/?edition_number=0&blockchain=bitmark,ipfs://QmX4AGZJTyd3MaNtR1Bn2aQWArpaH37bjuhxDhXUtsn3D7?edition_number=0&blockchain=bitmark,2022-02-17 06:58:19.000 +0800,2023-03-20 12:29:40.072 +0800,2023-03-20 12:29:40.072 +0800,false
"36 Points #33",f421b0af-2ebc-4fa3-a9c1-de2ae7662c3e,software,2,2023-09-18 16:13:31.264 +0800,previews/f421b0af-2ebc-4fa3-a9c1-de2ae7662c3e/1725624504/index.html,ipfs://QmTqmZEootSLYeWWc9TsCYHeiQJzhSfHjP83EqnX7g4TFC,2024-09-06 20:08:24.000 +0800,2024-09-10 12:02:25.699 +0800,2024-09-10 12:02:25.699 +0800,true
"36 Points #34","35b11663-0ced-4c14-9113-b5d763da0040",software,2,2023-09-18 16:13:16.494 +0800,previews/35b11663-0ced-4c14-9113-b5d763da0040/1645052308/?edition_number=0&blockchain=bitmark,ipfs://QmXuEuR8RjGjmad9tW8SKUYgQWgJra3ZJeHqfFhTFAYckA?edition_number=0&blockchain=bitmark,2022-02-17 06:58:28.000 +0800,2023-03-20 12:28:29.010 +0800,2023-03-20 12:28:29.010 +0800,false
"36 Points #34","35b11663-0ced-4c14-9113-b5d763da0040",software,2,2023-09-18 16:13:16.494 +0800,previews/35b11663-0ced-4c14-9113-b5d763da0040/1645052308/,ipfs://QmXuEuR8RjGjmad9tW8SKUYgQWgJra3ZJeHqfFhTFAYckA,2022-02-17 06:58:28.000 +0800,2023-03-20 12:28:29.069 +0800,2023-03-20 12:28:29.069 +0800,false
"36 Points #34","35b11663-0ced-4c14-9113-b5d763da0040",software,2,2023-09-18 16:13:16.494 +0800,previews/35b11663-0ced-4c14-9113-b5d763da0040/1645052308/?edition_number=1&blockchain=bitmark,ipfs://QmXuEuR8RjGjmad9tW8SKUYgQWgJra3ZJeHqfFhTFAYckA?edition_number=1&blockchain=bitmark,2022-02-17 06:58:28.000 +0800,2023-03-20 12:30:31.084 +0800,2023-03-20 12:30:31.084 +0800,false
"36 Points #34","35b11663-0ced-4c14-9113-b5d763da0040",software,2,2023-09-18 16:13:16.494 +0800,previews/35b11663-0ced-4c14-9113-b5d763da0040/1645052308/index.html,ipfs://QmNV1buiacsrTYFWyjQFACwhbJQQitwVE2DTfY4KGXCHaK,2022-02-17 06:58:28.000 +0800,2023-02-02 16:39:57.141 +0800,2023-02-02 16:39:57.141 +0800,false
"36 Points #34","35b11663-0ced-4c14-9113-b5d763da0040",software,2,2023-09-18 16:13:16.494 +0800,previews/35b11663-0ced-4c14-9113-b5d763da0040/1725624529/index.html,ipfs://QmUC47Ba251EZ8PpFT5ua8UmoqqHSpwNyods5TVsdi5SEW,2024-09-06 20:08:49.000 +0800,2024-09-10 12:02:24.018 +0800,2024-09-10 12:02:24.018 +0800,true
"36 Points #35","78e56727-5b72-4f98-bbef-67ed004a635d",software,2,2023-09-18 16:13:19.012 +0800,previews/78e56727-5b72-4f98-bbef-67ed004a635d/1645052315/?edition_number=0&blockchain=bitmark,ipfs://Qmchbxuu61Yk75c3uUjGf4qPVhE8q89k3Yr2k3Sr5BwuLU?edition_number=0&blockchain=bitmark,2022-02-17 06:58:35.000 +0800,2023-03-20 12:30:15.494 +0800,2023-03-20 12:30:15.494 +0800,false
"36 Points #35","78e56727-5b72-4f98-bbef-67ed004a635d",software,2,2023-09-18 16:13:19.012 +0800,previews/78e56727-5b72-4f98-bbef-67ed004a635d/1645052315/?edition_number=1&blockchain=bitmark,ipfs://Qmchbxuu61Yk75c3uUjGf4qPVhE8q89k3Yr2k3Sr5BwuLU?edition_number=1&blockchain=bitmark,2022-02-17 06:58:35.000 +0800,2023-03-20 12:28:58.092 +0800,2023-03-20 12:28:58.092 +0800,false
"36 Points #35","78e56727-5b72-4f98-bbef-67ed004a635d",software,2,2023-09-18 16:13:19.012 +0800,previews/78e56727-5b72-4f98-bbef-67ed004a635d/1645052315/,ipfs://Qmchbxuu61Yk75c3uUjGf4qPVhE8q89k3Yr2k3Sr5BwuLU,2022-02-17 06:58:35.000 +0800,2023-03-20 12:28:58.324 +0800,2023-03-20 12:28:58.324 +0800,false
"36 Points #35","78e56727-5b72-4f98-bbef-67ed004a635d",software,2,2023-09-18 16:13:19.012 +0800,previews/78e56727-5b72-4f98-bbef-67ed004a635d/1645052315/index.html,ipfs://QmX99DJ4MDH8HvTfDPca9wxTC7SrLHDZ6xXcEdukAj7aLf,2022-02-17 06:58:35.000 +0800,2023-02-02 16:40:02.251 +0800,2023-02-02 16:40:02.251 +0800,false
"36 Points #35","78e56727-5b72-4f98-bbef-67ed004a635d",software,2,2023-09-18 16:13:19.012 +0800,previews/78e56727-5b72-4f98-bbef-67ed004a635d/1725624560/index.html,ipfs://QmPpjRDn7Anhv9729CqwxhNSh7uhWXD1knfXs8mdK8uMjP,2024-09-06 20:09:20.000 +0800,2024-09-10 12:02:23.270 +0800,2024-09-10 12:02:23.270 +0800,true
"36 Points #36","6835b45f-7f3f-4caf-8a74-d52b35a24df1",software,2,2023-09-18 16:13:11.740 +0800,previews/6835b45f-7f3f-4caf-8a74-d52b35a24df1/1645052322/index.html,ipfs://QmXS6SnZ56EFE7pfG79zsoEjYbbLnzEHw6QZ8iitiFbsd7,2022-02-17 06:58:42.000 +0800,2023-02-02 16:40:07.851 +0800,2023-02-02 16:40:07.851 +0800,false
"36 Points #36","6835b45f-7f3f-4caf-8a74-d52b35a24df1",software,2,2023-09-18 16:13:11.740 +0800,previews/6835b45f-7f3f-4caf-8a74-d52b35a24df1/1645052322/?edition_number=0&blockchain=bitmark,ipfs://QmaVvgCE2NtQgLwX6BhmHAwDTvdwVKam6YtGaAaJFqk92U?edition_number=0&blockchain=bitmark,2022-02-17 06:58:42.000 +0800,2023-03-20 12:29:34.657 +0800,2023-03-20 12:29:34.657 +0800,false
"36 Points #36","6835b45f-7f3f-4caf-8a74-d52b35a24df1",software,2,2023-09-18 16:13:11.740 +0800,previews/6835b45f-7f3f-4caf-8a74-d52b35a24df1/1645052322/?edition_number=1&blockchain=bitmark,ipfs://QmaVvgCE2NtQgLwX6BhmHAwDTvdwVKam6YtGaAaJFqk92U?edition_number=1&blockchain=bitmark,2022-02-17 06:58:42.000 +0800,2023-03-20 12:29:24.958 +0800,2023-03-20 12:29:24.958 +0800,false
"36 Points #36","6835b45f-7f3f-4caf-8a74-d52b35a24df1",software,2,2023-09-18 16:13:11.740 +0800,previews/6835b45f-7f3f-4caf-8a74-d52b35a24df1/1645052322/,ipfs://QmaVvgCE2NtQgLwX6BhmHAwDTvdwVKam6YtGaAaJFqk92U,2022-02-17 06:58:42.000 +0800,2023-03-20 12:29:25.014 +0800,2023-03-20 12:29:25.014 +0800,false
"36 Points #36","6835b45f-7f3f-4caf-8a74-d52b35a24df1",software,2,2023-09-18 16:13:11.740 +0800,previews/6835b45f-7f3f-4caf-8a74-d52b35a24df1/1725624582/index.html,ipfs://QmdNCZ4LorpRrbRBzbYtJHUhAv7LGNDnhPe1CBZVFpSnjD,2024-09-06 20:09:42.000 +0800,2024-09-10 12:02:23.080 +0800,2024-09-10 12:02:23.080 +0800,true
"36 Points Display Edition",e9c74592-8483-4511-adb2-16ef4730ca1a,software,2,2023-09-18 16:13:14.840 +0800,previews/e9c74592-8483-4511-adb2-16ef4730ca1a/1644976484/?edition_number=1&blockchain=bitmark,ipfs://QmXNEbnh5UT2tzppLL9XqVL5XQyAaeiN4mQwJjx4dGV4Ko?edition_number=1&blockchain=bitmark,2022-02-16 09:54:44.000 +0800,2023-03-20 12:30:26.157 +0800,2023-03-20 12:30:26.157 +0800,false
"36 Points Display Edition",e9c74592-8483-4511-adb2-16ef4730ca1a,software,2,2023-09-18 16:13:14.840 +0800,previews/e9c74592-8483-4511-adb2-16ef4730ca1a/1644976484/,ipfs://QmXNEbnh5UT2tzppLL9XqVL5XQyAaeiN4mQwJjx4dGV4Ko,2022-02-16 09:54:44.000 +0800,2023-03-20 12:29:50.378 +0800,2023-03-20 12:29:50.378 +0800,false
"36 Points Display Edition",e9c74592-8483-4511-adb2-16ef4730ca1a,software,2,2023-09-18 16:13:14.840 +0800,previews/e9c74592-8483-4511-adb2-16ef4730ca1a/1644976484/?edition_number=0&blockchain=bitmark,ipfs://QmXNEbnh5UT2tzppLL9XqVL5XQyAaeiN4mQwJjx4dGV4Ko?edition_number=0&blockchain=bitmark,2022-02-16 09:54:44.000 +0800,2023-03-20 12:29:50.454 +0800,2023-03-20 12:29:50.454 +0800,true
"36 Points Display Edition",e9c74592-8483-4511-adb2-16ef4730ca1a,software,2,2023-09-18 16:13:14.840 +0800,previews/e9c74592-8483-4511-adb2-16ef4730ca1a/1644976484/index.html,ipfs://QmTyncXLVWnni6QoxNasbHDdj3EymMZBgQco6L7DF1nsoC,2022-02-16 09:54:44.000 +0800,2023-02-02 16:37:59.620 +0800,2023-02-02 16:37:59.620 +0800,false
Embryogenesis,"7ba57167-a13e-4033-b07e-c7094f74410c",video,101,2023-09-18 16:13:28.242 +0800,previews/7ba57167-a13e-4033-b07e-c7094f74410c/1644855236/preview.mp4,ipfs://QmajwaSyYLbzYxbD2Bs8cCHrMWiKXtbDoeXaZLgZDq8Wyd,2022-02-15 00:13:56.000 +0800,2023-02-02 16:37:47.068 +0800,2023-02-02 16:37:47.068 +0800,true
Tapestry,a3d23452-f377-4d0e-9a67-ecce7a182927,image,2,2023-09-18 16:13:17.207 +0800,previews/a3d23452-f377-4d0e-9a67-ecce7a182927/1644823296/preview.jpg,ipfs://QmU21fo2UprSVEiwmqegwSiwGi3wZKUsG5isRHeCCuN3e7,2022-02-14 15:21:36.000 +0800,2023-02-02 16:37:53.619 +0800,2023-02-02 16:37:53.619 +0800,true
